evidence_id,url,locale,route,expected_behavior,first_status,final_status,final_url,redirect_chain,canonical_count,canonical,canonical_check,robots,robots_txt_allows_googlebot,indexing_policy_check,in_sitemap,html_hreflang_count,http_hreflang_count,sitemap_hreflang_count,hreflang_check,hreflang_issue_count,html_lang,title,server_h1_count,bad_share_images,known_broken_internal_links,finding_ids,overall_check,checked_at_utc,notes
URL-0001,https://geekskai.com/tools/,en,/tools/,indexable_self_canonical,200,200,https://geekskai.com/tools/,200,1,https://geekskai.com/tools/,PASS,"index, follow; index, follow, max-video-preview:-1, max-image-preview:large, max-snippet:-1",True,PASS,True,11,11,11,PASS,0,en,Free Tools that supercharge your workflow | Free Tools,1,https://geekskai.com/static/og-images/tools.jpg,,SEO-06,FAIL,2026-10-09T01:57:48.226290+00:00,
URL-0002,https://geekskai.com/ar/tools/,ar,/tools/,indexable_self_canonical,200,200,https://geekskai.com/ar/tools/,200,1,https://geekskai.com/ar/tools/,PASS,"index, follow; index, follow, max-video-preview:-1, max-image-preview:large, max-snippet:-1",True,PASS,True,11,11,11,PASS,0,ar,أدوات مجانية تشحن سير عملك | أدوات مجانية,1,https://geekskai.com/static/og-images/tools.jpg,https://geekskai.com/ar/blog/,SEO-05 | SEO-06 | SEO-12,FAIL,2026-10-09T01:57:48.155218+00:00,
URL-0003,https://geekskai.com/de/tools/,de,/tools/,indexable_self_canonical,200,200,https://geekskai.com/de/tools/,200,1,https://geekskai.com/de/tools/,PASS,"index, follow; index, follow, max-video-preview:-1, max-image-preview:large, max-snippet:-1",True,PASS,True,11,11,11,PASS,0,de,"Kostenlose Tools, die deinen Workflow beschleunigen | Kostenlose Tools",1,https://geekskai.com/static/og-images/tools.jpg,https://geekskai.com/de/blog/,SEO-05 | SEO-06 | SEO-12,FAIL,2026-10-09T01:57:48.155465+00:00,
URL-0004,https://geekskai.com/fr/tools/,fr,/tools/,indexable_self_canonical,200,200,https://geekskai.com/fr/tools/,200,1,https://geekskai.com/fr/tools/,PASS,"index, follow; index, follow, max-video-preview:-1, max-image-preview:large, max-snippet:-1",True,PASS,True,11,11,11,PASS,0,fr,Outils gratuits qui boostent votre flux de travail | Outils gratuits,1,https://geekskai.com/static/og-images/tools.jpg,https://geekskai.com/fr/blog/,SEO-05 | SEO-06 | SEO-12,FAIL,2026-10-09T01:57:49.867509+00:00,
URL-0005,https://geekskai.com/es/tools/,es,/tools/,indexable_self_canonical,200,200,https://geekskai.com/es/tools/,200,1,https://geekskai.com/es/tools/,PASS,"index, follow; index, follow, max-video-preview:-1, max-image-preview:large, max-snippet:-1",True,PASS,True,11,11,11,PASS,0,es,Herramientas gratuitas que potencian tu flujo de trabajo | Herramientas gratuitas,1,https://geekskai.com/static/og-images/tools.jpg,https://geekskai.com/es/blog/,SEO-05 | SEO-06 | SEO-12,FAIL,2026-10-09T01:57:49.911328+00:00,
URL-0006,https://geekskai.com/ja/tools/,ja,/tools/,indexable_self_canonical,200,200,https://geekskai.com/ja/tools/,200,1,https://geekskai.com/ja/tools/,PASS,"index, follow; index, follow, max-video-preview:-1, max-image-preview:large, max-snippet:-1",True,PASS,True,11,11,11,PASS,0,ja,ワークフローを強化する無料ツール | 無料ツール,1,https://geekskai.com/static/og-images/tools.jpg,https://geekskai.com/ja/blog/,SEO-05 | SEO-06,FAIL,2026-10-09T01:57:49.965134+00:00,
URL-0007,https://geekskai.com/ko/tools/,ko,/tools/,indexable_self_canonical,200,200,https://geekskai.com/ko/tools/,200,1,https://geekskai.com/ko/tools/,PASS,"index, follow; index, follow, max-video-preview:-1, max-image-preview:large, max-snippet:-1",True,PASS,True,11,11,11,PASS,0,ko,워크플로우를 강화하는 무료 도구 | 무료 도구,1,https://geekskai.com/static/og-images/tools.jpg,https://geekskai.com/ko/blog/,SEO-05 | SEO-06,FAIL,2026-10-09T01:57:51.798697+00:00,
URL-0008,https://geekskai.com/no/tools/,no,/tools/,indexable_self_canonical,200,200,https://geekskai.com/no/tools/,200,1,https://geekskai.com/no/tools/,PASS,"index, follow; index, follow, max-video-preview:-1, max-image-preview:large, max-snippet:-1",True,PASS,True,11,11,11,PASS,0,no,Gratis verktøy som superladder arbeidsflyten din | Gratis verktøy,1,https://geekskai.com/static/og-images/tools.jpg,https://geekskai.com/no/blog/,SEO-05 | SEO-06,FAIL,2026-10-09T01:57:51.756415+00:00,
URL-0009,https://geekskai.com/zh-cn/tools/,zh-cn,/tools/,indexable_self_canonical,200,200,https://geekskai.com/zh-cn/tools/,200,1,https://geekskai.com/zh-cn/tools/,PASS,"index, follow; index, follow, max-video-preview:-1, max-image-preview:large, max-snippet:-1",True,PASS,True,11,11,11,PASS,0,zh-cn,免费工具，助力您的工作流程 | 免费工具,1,https://geekskai.com/static/og-images/tools.jpg,https://geekskai.com/zh-cn/blog/,SEO-05 | SEO-06,FAIL,2026-10-09T01:57:51.520505+00:00,
URL-0010,https://geekskai.com/da/tools/,da,/tools/,indexable_self_canonical,200,200,https://geekskai.com/da/tools/,200,1,https://geekskai.com/da/tools/,PASS,"index, follow; index, follow, max-video-preview:-1, max-image-preview:large, max-snippet:-1",True,PASS,True,11,11,11,PASS,0,da,Gratis værktøjer der supercharger dit workflow | Gratis værktøjer,1,https://geekskai.com/static/og-images/tools.jpg,https://geekskai.com/da/blog/,SEO-05 | SEO-06,FAIL,2026-10-09T01:57:53.284901+00:00,
URL-0011,https://geekskai.com/tools/backwards-text-generator/,en,/tools/backwards-text-generator/,indexable_self_canonical,200,200,https://geekskai.com/tools/backwards-text-generator/,200,1,https://geekskai.com/tools/backwards-text-generator/,PASS,"index, follow; index, follow, max-video-preview:-1, max-image-preview:large, max-snippet:-1",True,PASS,True,11,11,11,FAIL,12,en,Backwards Text Generator (2026) - Reverse Text Instantly,1,,,SEO-02,FAIL,2026-10-09T01:57:53.520043+00:00,
URL-0012,https://geekskai.com/ar/tools/backwards-text-generator/,ar,/tools/backwards-text-generator/,indexable_self_canonical,200,200,https://geekskai.com/ar/tools/backwards-text-generator/,200,1,https://geekskai.com/ar/tools/backwards-text-generator/,PASS,"index, follow; index, follow, max-video-preview:-1, max-image-preview:large, max-snippet:-1",True,PASS,True,11,11,11,FAIL,1,ar,مولد النص المعكوس (2026) - عكس النص على الفور,1,,https://geekskai.com/ar/blog/,SEO-02 | SEO-05 | SEO-12,FAIL,2026-10-09T01:57:52.782765+00:00,
URL-0013,https://geekskai.com/de/tools/backwards-text-generator/,de,/tools/backwards-text-generator/,indexable_self_canonical,200,200,https://geekskai.com/de/tools/backwards-text-generator/,200,1,https://geekskai.com/de/tools/backwards-text-generator/,PASS,"index, follow; index, follow, max-video-preview:-1, max-image-preview:large, max-snippet:-1",True,PASS,True,11,11,11,FAIL,1,de,Rückwärts Text Generator (2026) - Text Sofort Umkehren,1,,https://geekskai.com/de/blog/,SEO-02 | SEO-05 | SEO-12,FAIL,2026-10-09T01:57:53.934703+00:00,
URL-0014,https://geekskai.com/fr/tools/backwards-text-generator/,fr,/tools/backwards-text-generator/,indexable_self_canonical,200,200,https://geekskai.com/fr/tools/backwards-text-generator/,200,1,https://geekskai.com/fr/tools/backwards-text-generator/,PASS,"index, follow; index, follow, max-video-preview:-1, max-image-preview:large, max-snippet:-1",True,PASS,True,11,11,11,FAIL,1,fr,Générateur de Texte à l'Envers (2026) - Inverser du Texte,1,,https://geekskai.com/fr/blog/,SEO-02 | SEO-05 | SEO-12,FAIL,2026-10-09T01:57:54.377643+00:00,
URL-0015,https://geekskai.com/es/tools/backwards-text-generator/,es,/tools/backwards-text-generator/,indexable_self_canonical,200,200,https://geekskai.com/es/tools/backwards-text-generator/,200,1,https://geekskai.com/es/tools/backwards-text-generator/,PASS,"index, follow; index, follow, max-video-preview:-1, max-image-preview:large, max-snippet:-1",True,PASS,True,11,11,11,FAIL,1,es,Generador de Texto Invertido (2026) - Escribir al Revés Online,1,,https://geekskai.com/es/blog/,SEO-02 | SEO-05 | SEO-12,FAIL,2026-10-09T01:57:55.048477+00:00,
URL-0016,https://geekskai.com/ja/tools/backwards-text-generator/,ja,/tools/backwards-text-generator/,indexable_self_canonical,200,200,https://geekskai.com/ja/tools/backwards-text-generator/,200,1,https://geekskai.com/ja/tools/backwards-text-generator/,PASS,"index, follow; index, follow, max-video-preview:-1, max-image-preview:large, max-snippet:-1",True,PASS,True,11,11,11,FAIL,1,ja,逆文字生成ツール (2026) - テキストを即座に反転,1,,https://geekskai.com/ja/blog/,SEO-02 | SEO-05,FAIL,2026-10-09T01:57:55.238245+00:00,
URL-0017,https://geekskai.com/ko/tools/backwards-text-generator/,ko,/tools/backwards-text-generator/,indexable_self_canonical,200,200,https://geekskai.com/ko/tools/backwards-text-generator/,200,1,https://geekskai.com/ko/tools/backwards-text-generator/,PASS,"index, follow; index, follow, max-video-preview:-1, max-image-preview:large, max-snippet:-1",True,PASS,True,11,11,11,FAIL,1,ko,글자 뒤집기 텍스트 생성기 (2026) - 텍스트 거꾸로 변환,1,,https://geekskai.com/ko/blog/,SEO-02 | SEO-05,FAIL,2026-10-09T01:57:55.754756+00:00,
URL-0018,https://geekskai.com/no/tools/backwards-text-generator/,no,/tools/backwards-text-generator/,indexable_self_canonical,200,200,https://geekskai.com/no/tools/backwards-text-generator/,200,1,https://geekskai.com/no/tools/backwards-text-generator/,PASS,"index, follow; index, follow, max-video-preview:-1, max-image-preview:large, max-snippet:-1",True,PASS,True,11,11,11,FAIL,1,no,Baklengs Tekst Generator (2026) - Snu Teksten Umiddelbart,1,,https://geekskai.com/no/blog/,SEO-02 | SEO-05,FAIL,2026-10-09T01:57:56.521109+00:00,
URL-0019,https://geekskai.com/zh-cn/tools/backwards-text-generator/,zh-cn,/tools/backwards-text-generator/,indexable_self_canonical,200,200,https://geekskai.com/zh-cn/tools/backwards-text-generator/,200,1,https://geekskai.com/zh-cn/tools/backwards-text-generator/,PASS,"index, follow; index, follow, max-video-preview:-1, max-image-preview:large, max-snippet:-1",True,PASS,True,11,11,11,FAIL,1,zh-cn,倒序文本生成器 (2026) - 瞬间反转文本,1,,https://geekskai.com/zh-cn/blog/,SEO-02 | SEO-05,FAIL,2026-10-09T01:57:57.838662+00:00,
URL-0020,https://geekskai.com/da/tools/backwards-text-generator/,da,/tools/backwards-text-generator/,indexable_self_canonical,200,200,https://geekskai.com/da/tools/backwards-text-generator/,200,1,https://geekskai.com/da/tools/backwards-text-generator/,PASS,"index, follow; index, follow, max-video-preview:-1, max-image-preview:large, max-snippet:-1",True,PASS,True,11,11,11,FAIL,1,da,Baglæns Tekst Generator (2026) - Omvend Tekst Øjeblikkeligt,1,,https://geekskai.com/da/blog/,SEO-02 | SEO-05,FAIL,2026-10-09T01:57:57.906158+00:00,
URL-0021,https://geekskai.com/tools/bandcamp-album-downloader/,en,/tools/bandcamp-album-downloader/,indexable_self_canonical,200,200,https://geekskai.com/tools/bandcamp-album-downloader/,200,1,https://geekskai.com/tools/bandcamp-album-downloader/,PASS,"index, follow; index, follow, max-video-preview:-1, max-image-preview:large, max-snippet:-1",True,PASS,True,11,11,11,PASS,0,en,Bandcamp Album Downloader: inspect album pages and exposed audio links online,1,,,,PASS,2026-10-09T01:57:57.918218+00:00,
URL-0022,https://geekskai.com/ar/tools/bandcamp-album-downloader/,ar,/tools/bandcamp-album-downloader/,indexable_self_canonical,200,200,https://geekskai.com/ar/tools/bandcamp-album-downloader/,200,1,https://geekskai.com/ar/tools/bandcamp-album-downloader/,PASS,"index, follow; index, follow, max-video-preview:-1, max-image-preview:large, max-snippet:-1",True,PASS,True,11,11,11,PASS,0,ar,أداة تنزيل ألبومات Bandcamp: افحص صفحات الألبومات وروابط الصوت المكشوفة عبر الإنترنت,1,,https://geekskai.com/ar/blog/,SEO-05 | SEO-12,FAIL,2026-10-09T01:57:59.818122+00:00,
URL-0023,https://geekskai.com/de/tools/bandcamp-album-downloader/,de,/tools/bandcamp-album-downloader/,indexable_self_canonical,200,200,https://geekskai.com/de/tools/bandcamp-album-downloader/,200,1,https://geekskai.com/de/tools/bandcamp-album-downloader/,PASS,"index, follow; index, follow, max-video-preview:-1, max-image-preview:large, max-snippet:-1",True,PASS,True,11,11,11,PASS,0,de,Bandcamp-Album-Downloader: Album-Seiten und offengelegte Audio-Links online prufen,1,,https://geekskai.com/de/blog/,SEO-05 | SEO-12,FAIL,2026-10-09T01:57:59.862228+00:00,
URL-0024,https://geekskai.com/fr/tools/bandcamp-album-downloader/,fr,/tools/bandcamp-album-downloader/,indexable_self_canonical,200,200,https://geekskai.com/fr/tools/bandcamp-album-downloader/,200,1,https://geekskai.com/fr/tools/bandcamp-album-downloader/,PASS,"index, follow; index, follow, max-video-preview:-1, max-image-preview:large, max-snippet:-1",True,PASS,True,11,11,11,PASS,0,fr,Bandcamp Album Downloader : inspecter les pages d'album et les liens audio exposes en ligne,1,,https://geekskai.com/fr/blog/,SEO-05 | SEO-12,FAIL,2026-10-09T01:57:58.938494+00:00,
URL-0025,https://geekskai.com/es/tools/bandcamp-album-downloader/,es,/tools/bandcamp-album-downloader/,indexable_self_canonical,200,200,https://geekskai.com/es/tools/bandcamp-album-downloader/,200,1,https://geekskai.com/es/tools/bandcamp-album-downloader/,PASS,"index, follow; index, follow, max-video-preview:-1, max-image-preview:large, max-snippet:-1",True,PASS,True,11,11,11,PASS,0,es,Bandcamp Album Downloader: inspecciona páginas de álbum y enlaces de audio expuestos online,1,,https://geekskai.com/es/blog/,SEO-05 | SEO-12,FAIL,2026-10-09T01:58:00.290928+00:00,
URL-0026,https://geekskai.com/ja/tools/bandcamp-album-downloader/,ja,/tools/bandcamp-album-downloader/,indexable_self_canonical,200,200,https://geekskai.com/ja/tools/bandcamp-album-downloader/,200,1,https://geekskai.com/ja/tools/bandcamp-album-downloader/,PASS,"index, follow; index, follow, max-video-preview:-1, max-image-preview:large, max-snippet:-1",True,PASS,True,11,11,11,PASS,0,ja,Bandcamp Album Downloader: アルバムページと公開音声リンクをオンラインで確認,1,,https://geekskai.com/ja/blog/,SEO-05,FAIL,2026-10-09T01:58:01.467134+00:00,
URL-0027,https://geekskai.com/ko/tools/bandcamp-album-downloader/,ko,/tools/bandcamp-album-downloader/,indexable_self_canonical,200,200,https://geekskai.com/ko/tools/bandcamp-album-downloader/,200,1,https://geekskai.com/ko/tools/bandcamp-album-downloader/,PASS,"index, follow; index, follow, max-video-preview:-1, max-image-preview:large, max-snippet:-1",True,PASS,True,11,11,11,PASS,0,ko,Bandcamp Album Downloader: 앨범 페이지와 공개 오디오 링크를 온라인으로 확인,1,,https://geekskai.com/ko/blog/,SEO-05,FAIL,2026-10-09T01:58:01.313341+00:00,
URL-0028,https://geekskai.com/no/tools/bandcamp-album-downloader/,no,/tools/bandcamp-album-downloader/,indexable_self_canonical,200,200,https://geekskai.com/no/tools/bandcamp-album-downloader/,200,1,https://geekskai.com/no/tools/bandcamp-album-downloader/,PASS,"index, follow; index, follow, max-video-preview:-1, max-image-preview:large, max-snippet:-1",True,PASS,True,11,11,11,PASS,0,no,Bandcamp Album Downloader: inspiser albumsider og eksponerte lydlenker på nett,1,,https://geekskai.com/no/blog/,SEO-05,FAIL,2026-10-09T01:58:01.641718+00:00,
URL-0029,https://geekskai.com/zh-cn/tools/bandcamp-album-downloader/,zh-cn,/tools/bandcamp-album-downloader/,indexable_self_canonical,200,200,https://geekskai.com/zh-cn/tools/bandcamp-album-downloader/,200,1,https://geekskai.com/zh-cn/tools/bandcamp-album-downloader/,PASS,"index, follow; index, follow, max-video-preview:-1, max-image-preview:large, max-snippet:-1",True,PASS,True,11,11,11,PASS,0,zh-cn,Bandcamp 专辑下载器：在线检查专辑页和暴露出来的音频链接,1,,https://geekskai.com/zh-cn/blog/,SEO-05,FAIL,2026-10-09T01:58:02.262356+00:00,
URL-0030,https://geekskai.com/da/tools/bandcamp-album-downloader/,da,/tools/bandcamp-album-downloader/,indexable_self_canonical,200,200,https://geekskai.com/da/tools/bandcamp-album-downloader/,200,1,https://geekskai.com/da/tools/bandcamp-album-downloader/,PASS,"index, follow; index, follow, max-video-preview:-1, max-image-preview:large, max-snippet:-1",True,PASS,True,11,11,11,PASS,0,da,Bandcamp Album Downloader: inspicér albumsider og lydlinks online,1,,https://geekskai.com/da/blog/,SEO-05,FAIL,2026-10-09T01:58:02.921244+00:00,
URL-0031,https://geekskai.com/tools/bandcamp-downloader/,en,/tools/bandcamp-downloader/,indexable_self_canonical,200,200,https://geekskai.com/tools/bandcamp-downloader/,200,1,https://geekskai.com/tools/bandcamp-downloader/,PASS,"index, follow; index, follow, max-video-preview:-1, max-image-preview:large, max-snippet:-1",True,PASS,True,11,11,11,PASS,0,en,Bandcamp Tools Hub: choose the right Bandcamp tool for tracks and albums,1,,,,PASS,2026-10-09T01:58:03.277302+00:00,
URL-0032,https://geekskai.com/ar/tools/bandcamp-downloader/,ar,/tools/bandcamp-downloader/,indexable_self_canonical,200,200,https://geekskai.com/ar/tools/bandcamp-downloader/,200,1,https://geekskai.com/ar/tools/bandcamp-downloader/,PASS,"index, follow; index, follow, max-video-preview:-1, max-image-preview:large, max-snippet:-1",True,PASS,True,11,11,11,PASS,0,ar,مركز أدوات Bandcamp: اختر أداة Bandcamp المناسبة للمسارات والألبومات,1,,https://geekskai.com/ar/blog/,SEO-05 | SEO-12,FAIL,2026-10-09T01:58:03.585220+00:00,
URL-0033,https://geekskai.com/de/tools/bandcamp-downloader/,de,/tools/bandcamp-downloader/,indexable_self_canonical,200,200,https://geekskai.com/de/tools/bandcamp-downloader/,200,1,https://geekskai.com/de/tools/bandcamp-downloader/,PASS,"index, follow; index, follow, max-video-preview:-1, max-image-preview:large, max-snippet:-1",True,PASS,True,11,11,11,PASS,0,de,Bandcamp-Tools-Hub: das richtige Bandcamp-Tool fur Tracks und Alben wahlen,1,,https://geekskai.com/de/blog/,SEO-05 | SEO-12,FAIL,2026-10-09T01:58:04.203257+00:00,
URL-0034,https://geekskai.com/fr/tools/bandcamp-downloader/,fr,/tools/bandcamp-downloader/,indexable_self_canonical,200,200,https://geekskai.com/fr/tools/bandcamp-downloader/,200,1,https://geekskai.com/fr/tools/bandcamp-downloader/,PASS,"index, follow; index, follow, max-video-preview:-1, max-image-preview:large, max-snippet:-1",True,PASS,True,11,11,11,PASS,0,fr,Hub d'outils Bandcamp : choisissez le bon outil Bandcamp pour les pistes et les albums,1,,https://geekskai.com/fr/blog/,SEO-05 | SEO-12,FAIL,2026-10-09T01:58:04.728819+00:00,
URL-0035,https://geekskai.com/es/tools/bandcamp-downloader/,es,/tools/bandcamp-downloader/,indexable_self_canonical,200,200,https://geekskai.com/es/tools/bandcamp-downloader/,200,1,https://geekskai.com/es/tools/bandcamp-downloader/,PASS,"index, follow; index, follow, max-video-preview:-1, max-image-preview:large, max-snippet:-1",True,PASS,True,11,11,11,PASS,0,es,Centro de herramientas de Bandcamp: elige la herramienta correcta para pistas y álbumes,1,,https://geekskai.com/es/blog/,SEO-05 | SEO-12,FAIL,2026-10-09T01:58:04.894129+00:00,
URL-0036,https://geekskai.com/ja/tools/bandcamp-downloader/,ja,/tools/bandcamp-downloader/,indexable_self_canonical,200,200,https://geekskai.com/ja/tools/bandcamp-downloader/,200,1,https://geekskai.com/ja/tools/bandcamp-downloader/,PASS,"index, follow; index, follow, max-video-preview:-1, max-image-preview:large, max-snippet:-1",True,PASS,True,11,11,11,PASS,0,ja,Bandcamp Tools Hub: トラックとアルバムに合うBandcampツールを選ぶ,1,,https://geekskai.com/ja/blog/,SEO-05,FAIL,2026-10-09T01:58:06.339344+00:00,
URL-0037,https://geekskai.com/ko/tools/bandcamp-downloader/,ko,/tools/bandcamp-downloader/,indexable_self_canonical,200,200,https://geekskai.com/ko/tools/bandcamp-downloader/,200,1,https://geekskai.com/ko/tools/bandcamp-downloader/,PASS,"index, follow; index, follow, max-video-preview:-1, max-image-preview:large, max-snippet:-1",True,PASS,True,11,11,11,PASS,0,ko,Bandcamp Tools Hub: 트랙과 앨범에 맞는 올바른 Bandcamp 도구 선택,1,,https://geekskai.com/ko/blog/,SEO-05,FAIL,2026-10-09T01:58:06.250518+00:00,
URL-0038,https://geekskai.com/no/tools/bandcamp-downloader/,no,/tools/bandcamp-downloader/,indexable_self_canonical,200,200,https://geekskai.com/no/tools/bandcamp-downloader/,200,1,https://geekskai.com/no/tools/bandcamp-downloader/,PASS,"index, follow; index, follow, max-video-preview:-1, max-image-preview:large, max-snippet:-1",True,PASS,True,11,11,11,PASS,0,no,Bandcamp Tools Hub: velg riktig Bandcamp-verktøy for spor og album,1,,https://geekskai.com/no/blog/,SEO-05,FAIL,2026-10-09T01:58:06.717926+00:00,
URL-0039,https://geekskai.com/zh-cn/tools/bandcamp-downloader/,zh-cn,/tools/bandcamp-downloader/,indexable_self_canonical,200,200,https://geekskai.com/zh-cn/tools/bandcamp-downloader/,200,1,https://geekskai.com/zh-cn/tools/bandcamp-downloader/,PASS,"index, follow; index, follow, max-video-preview:-1, max-image-preview:large, max-snippet:-1",True,PASS,True,11,11,11,PASS,0,zh-cn,Bandcamp 工具中心：为单曲和专辑选择正确的 Bandcamp 工具,1,,https://geekskai.com/zh-cn/blog/,SEO-05,FAIL,2026-10-09T01:58:07.542475+00:00,
URL-0040,https://geekskai.com/da/tools/bandcamp-downloader/,da,/tools/bandcamp-downloader/,indexable_self_canonical,200,200,https://geekskai.com/da/tools/bandcamp-downloader/,200,1,https://geekskai.com/da/tools/bandcamp-downloader/,PASS,"index, follow; index, follow, max-video-preview:-1, max-image-preview:large, max-snippet:-1",True,PASS,True,11,11,11,PASS,0,da,Bandcamp-værktøjshub: vælg det rigtige Bandcamp-værktøj til sange og albums,1,,https://geekskai.com/da/blog/,SEO-05,FAIL,2026-10-09T01:58:07.749955+00:00,
URL-0041,https://geekskai.com/tools/bandcamp-to-mp3/,en,/tools/bandcamp-to-mp3/,indexable_self_canonical,200,200,https://geekskai.com/tools/bandcamp-to-mp3/,200,1,https://geekskai.com/tools/bandcamp-to-mp3/,PASS,"index, follow; index, follow, max-video-preview:-1, max-image-preview:large, max-snippet:-1",True,PASS,True,11,11,11,PASS,0,en,Bandcamp to MP3: extract MP3 from a Bandcamp track URL online,1,,,,PASS,2026-10-09T01:58:08.060795+00:00,
URL-0042,https://geekskai.com/ar/tools/bandcamp-to-mp3/,ar,/tools/bandcamp-to-mp3/,indexable_self_canonical,200,200,https://geekskai.com/ar/tools/bandcamp-to-mp3/,200,1,https://geekskai.com/ar/tools/bandcamp-to-mp3/,PASS,"index, follow; index, follow, max-video-preview:-1, max-image-preview:large, max-snippet:-1",True,PASS,True,11,11,11,PASS,0,ar,Bandcamp إلى MP3: استخراج MP3 من رابط مسار Bandcamp عبر الإنترنت,1,,https://geekskai.com/ar/blog/,SEO-05 | SEO-12,FAIL,2026-10-09T01:58:09.026452+00:00,
URL-0043,https://geekskai.com/de/tools/bandcamp-to-mp3/,de,/tools/bandcamp-to-mp3/,indexable_self_canonical,200,200,https://geekskai.com/de/tools/bandcamp-to-mp3/,200,1,https://geekskai.com/de/tools/bandcamp-to-mp3/,PASS,"index, follow; index, follow, max-video-preview:-1, max-image-preview:large, max-snippet:-1",True,PASS,True,11,11,11,PASS,0,de,Bandcamp zu MP3: MP3 aus einer Bandcamp-Track-URL online extrahieren,1,,https://geekskai.com/de/blog/,SEO-05 | SEO-12,FAIL,2026-10-09T01:58:09.220275+00:00,
URL-0044,https://geekskai.com/fr/tools/bandcamp-to-mp3/,fr,/tools/bandcamp-to-mp3/,indexable_self_canonical,200,200,https://geekskai.com/fr/tools/bandcamp-to-mp3/,200,1,https://geekskai.com/fr/tools/bandcamp-to-mp3/,PASS,"index, follow; index, follow, max-video-preview:-1, max-image-preview:large, max-snippet:-1",True,PASS,True,11,11,11,PASS,0,fr,Bandcamp vers MP3 : extraire un MP3 depuis une URL de piste Bandcamp en ligne,1,,https://geekskai.com/fr/blog/,SEO-05 | SEO-12,FAIL,2026-10-09T01:58:09.560682+00:00,
URL-0045,https://geekskai.com/es/tools/bandcamp-to-mp3/,es,/tools/bandcamp-to-mp3/,indexable_self_canonical,200,200,https://geekskai.com/es/tools/bandcamp-to-mp3/,200,1,https://geekskai.com/es/tools/bandcamp-to-mp3/,PASS,"index, follow; index, follow, max-video-preview:-1, max-image-preview:large, max-snippet:-1",True,PASS,True,11,11,11,PASS,0,es,Bandcamp a MP3: extrae MP3 de una URL de pista de Bandcamp online,1,,https://geekskai.com/es/blog/,SEO-05 | SEO-12,FAIL,2026-10-09T01:58:10.913985+00:00,
URL-0046,https://geekskai.com/ja/tools/bandcamp-to-mp3/,ja,/tools/bandcamp-to-mp3/,indexable_self_canonical,200,200,https://geekskai.com/ja/tools/bandcamp-to-mp3/,200,1,https://geekskai.com/ja/tools/bandcamp-to-mp3/,PASS,"index, follow; index, follow, max-video-preview:-1, max-image-preview:large, max-snippet:-1",True,PASS,True,11,11,11,PASS,0,ja,Bandcamp to MP3: BandcampトラックURLからオンラインでMP3を抽出,1,,https://geekskai.com/ja/blog/,SEO-05,FAIL,2026-10-09T01:58:10.754743+00:00,
URL-0047,https://geekskai.com/ko/tools/bandcamp-to-mp3/,ko,/tools/bandcamp-to-mp3/,indexable_self_canonical,200,200,https://geekskai.com/ko/tools/bandcamp-to-mp3/,200,1,https://geekskai.com/ko/tools/bandcamp-to-mp3/,PASS,"index, follow; index, follow, max-video-preview:-1, max-image-preview:large, max-snippet:-1",True,PASS,True,11,11,11,PASS,0,ko,Bandcamp to MP3: Bandcamp 트랙 URL에서 온라인으로 MP3 추출,1,,https://geekskai.com/ko/blog/,SEO-05,FAIL,2026-10-09T01:58:11.133514+00:00,
URL-0048,https://geekskai.com/no/tools/bandcamp-to-mp3/,no,/tools/bandcamp-to-mp3/,indexable_self_canonical,200,200,https://geekskai.com/no/tools/bandcamp-to-mp3/,200,1,https://geekskai.com/no/tools/bandcamp-to-mp3/,PASS,"index, follow; index, follow, max-video-preview:-1, max-image-preview:large, max-snippet:-1",True,PASS,True,11,11,11,PASS,0,no,Bandcamp to MP3: hent ut MP3 fra en Bandcamp-spor-URL på nett,1,,https://geekskai.com/no/blog/,SEO-05,FAIL,2026-10-09T01:58:11.870350+00:00,
URL-0049,https://geekskai.com/zh-cn/tools/bandcamp-to-mp3/,zh-cn,/tools/bandcamp-to-mp3/,indexable_self_canonical,200,200,https://geekskai.com/zh-cn/tools/bandcamp-to-mp3/,200,1,https://geekskai.com/zh-cn/tools/bandcamp-to-mp3/,PASS,"index, follow; index, follow, max-video-preview:-1, max-image-preview:large, max-snippet:-1",True,PASS,True,11,11,11,PASS,0,zh-cn,Bandcamp 转 MP3：在线从 Bandcamp 单曲链接提取 MP3,1,,https://geekskai.com/zh-cn/blog/,SEO-05,FAIL,2026-10-09T01:58:12.332417+00:00,
URL-0050,https://geekskai.com/da/tools/bandcamp-to-mp3/,da,/tools/bandcamp-to-mp3/,indexable_self_canonical,200,200,https://geekskai.com/da/tools/bandcamp-to-mp3/,200,1,https://geekskai.com/da/tools/bandcamp-to-mp3/,PASS,"index, follow; index, follow, max-video-preview:-1, max-image-preview:large, max-snippet:-1",True,PASS,True,11,11,11,PASS,0,da,Bandcamp til MP3: udtræk MP3 fra en Bandcamp-sang-URL online,1,,https://geekskai.com/da/blog/,SEO-05,FAIL,2026-10-09T01:58:12.635864+00:00,
URL-0051,https://geekskai.com/tools/board-foot-calculator/,en,/tools/board-foot-calculator/,indexable_self_canonical,200,200,https://geekskai.com/tools/board-foot-calculator/,200,1,https://geekskai.com/tools/board-foot-calculator/,PASS,"index, follow; index, follow, max-video-preview:-1, max-image-preview:large, max-snippet:-1",True,PASS,True,11,11,11,PASS,0,en,Board Foot Calculator – Free Lumber Calculator & Wood Cost Estimator | Professional Tool,1,https://geekskai.com/static/tools/board-foot-calculator-og.jpg | https://geekskai.com/static/tools/board-foot-calculator-twitter.jpg,,SEO-06,FAIL,2026-10-09T01:58:13.019065+00:00,
URL-0052,https://geekskai.com/ar/tools/board-foot-calculator/,ar,/tools/board-foot-calculator/,indexable_self_canonical,200,200,https://geekskai.com/ar/tools/board-foot-calculator/,200,1,https://geekskai.com/ar/tools/board-foot-calculator/,PASS,"index, follow; index, follow, max-video-preview:-1, max-image-preview:large, max-snippet:-1",True,PASS,True,11,11,11,PASS,0,ar,آلة حاسبة لوحة القدم - آلة حاسبة مجانية للأخشاب وتقدير تكلفة الخشب | أداة احترافية,1,https://geekskai.com/static/tools/board-foot-calculator-og.jpg | https://geekskai.com/static/tools/board-foot-calculator-twitter.jpg,https://geekskai.com/ar/blog/,SEO-05 | SEO-06 | SEO-12,FAIL,2026-10-09T01:58:14.350950+00:00,
URL-0053,https://geekskai.com/de/tools/board-foot-calculator/,de,/tools/board-foot-calculator/,indexable_self_canonical,200,200,https://geekskai.com/de/tools/board-foot-calculator/,200,1,https://geekskai.com/de/tools/board-foot-calculator/,PASS,"index, follow; index, follow, max-video-preview:-1, max-image-preview:large, max-snippet:-1",True,PASS,True,11,11,11,PASS,0,de,Board-Foot-Rechner – Kostenloser Holzrechner & Holzkosten-Schätzer | Profi-Tool,1,https://geekskai.com/static/tools/board-foot-calculator-og.jpg | https://geekskai.com/static/tools/board-foot-calculator-twitter.jpg,https://geekskai.com/de/blog/,SEO-05 | SEO-06 | SEO-12,FAIL,2026-10-09T01:58:13.607763+00:00,
URL-0054,https://geekskai.com/fr/tools/board-foot-calculator/,fr,/tools/board-foot-calculator/,indexable_self_canonical,200,200,https://geekskai.com/fr/tools/board-foot-calculator/,200,1,https://geekskai.com/fr/tools/board-foot-calculator/,PASS,"index, follow; index, follow, max-video-preview:-1, max-image-preview:large, max-snippet:-1",True,PASS,True,11,11,11,PASS,0,fr,Calculateur de pied‑planche – Calculateur de bois gratuit & estimation des coûts | Outil pro,1,https://geekskai.com/static/tools/board-foot-calculator-og.jpg | https://geekskai.com/static/tools/board-foot-calculator-twitter.jpg,https://geekskai.com/fr/blog/,SEO-05 | SEO-06 | SEO-12,FAIL,2026-10-09T01:58:14.157638+00:00,
URL-0055,https://geekskai.com/es/tools/board-foot-calculator/,es,/tools/board-foot-calculator/,indexable_self_canonical,200,200,https://geekskai.com/es/tools/board-foot-calculator/,200,1,https://geekskai.com/es/tools/board-foot-calculator/,PASS,"index, follow; index, follow, max-video-preview:-1, max-image-preview:large, max-snippet:-1",True,PASS,True,11,11,11,PASS,0,es,Calculadora de pies tablares: calculadora de madera y estimador de costos de madera gratuitos | Herramienta profesional,1,https://geekskai.com/static/tools/board-foot-calculator-og.jpg | https://geekskai.com/static/tools/board-foot-calculator-twitter.jpg,https://geekskai.com/es/blog/,SEO-05 | SEO-06 | SEO-12,FAIL,2026-10-09T01:58:14.729592+00:00,
URL-0056,https://geekskai.com/ja/tools/board-foot-calculator/,ja,/tools/board-foot-calculator/,indexable_self_canonical,200,200,https://geekskai.com/ja/tools/board-foot-calculator/,200,1,https://geekskai.com/ja/tools/board-foot-calculator/,PASS,"index, follow; index, follow, max-video-preview:-1, max-image-preview:large, max-snippet:-1",True,PASS,True,11,11,11,PASS,0,ja,ボードフィート計算機 – 無料木材計算機＆木材コスト見積もりツール | プロフェッショナルツール,1,https://geekskai.com/static/tools/board-foot-calculator-og.jpg | https://geekskai.com/static/tools/board-foot-calculator-twitter.jpg,https://geekskai.com/ja/blog/,SEO-05 | SEO-06,FAIL,2026-10-09T01:58:15.511545+00:00,
URL-0057,https://geekskai.com/ko/tools/board-foot-calculator/,ko,/tools/board-foot-calculator/,indexable_self_canonical,200,200,https://geekskai.com/ko/tools/board-foot-calculator/,200,1,https://geekskai.com/ko/tools/board-foot-calculator/,PASS,"index, follow; index, follow, max-video-preview:-1, max-image-preview:large, max-snippet:-1",True,PASS,True,11,11,11,PASS,0,ko,보드 피트 계산기 – 무료 목재 계산기 & 목재 비용 견적 도구 | 전문 도구,1,https://geekskai.com/static/tools/board-foot-calculator-og.jpg | https://geekskai.com/static/tools/board-foot-calculator-twitter.jpg,https://geekskai.com/ko/blog/,SEO-05 | SEO-06,FAIL,2026-10-09T01:58:15.696587+00:00,
URL-0058,https://geekskai.com/no/tools/board-foot-calculator/,no,/tools/board-foot-calculator/,indexable_self_canonical,200,200,https://geekskai.com/no/tools/board-foot-calculator/,200,1,https://geekskai.com/no/tools/board-foot-calculator/,PASS,"index, follow; index, follow, max-video-preview:-1, max-image-preview:large, max-snippet:-1",True,PASS,True,11,11,11,PASS,0,no,Board Foot Kalkulator – Gratis Trelast Kalkulator & Trekostnad Estimator | Profesjonelt Verktøy,1,https://geekskai.com/static/tools/board-foot-calculator-og.jpg | https://geekskai.com/static/tools/board-foot-calculator-twitter.jpg,https://geekskai.com/no/blog/,SEO-05 | SEO-06,FAIL,2026-10-09T01:58:16.038675+00:00,
URL-0059,https://geekskai.com/zh-cn/tools/board-foot-calculator/,zh-cn,/tools/board-foot-calculator/,indexable_self_canonical,200,200,https://geekskai.com/zh-cn/tools/board-foot-calculator/,200,1,https://geekskai.com/zh-cn/tools/board-foot-calculator/,PASS,"index, follow; index, follow, max-video-preview:-1, max-image-preview:large, max-snippet:-1",True,PASS,True,11,11,11,PASS,0,zh-cn,板英尺计算器 – 免费木材计算器和木材成本估算工具 | 专业工具,1,https://geekskai.com/static/tools/board-foot-calculator-og.jpg | https://geekskai.com/static/tools/board-foot-calculator-twitter.jpg,https://geekskai.com/zh-cn/blog/,SEO-05 | SEO-06,FAIL,2026-10-09T01:58:16.731627+00:00,
URL-0060,https://geekskai.com/da/tools/board-foot-calculator/,da,/tools/board-foot-calculator/,indexable_self_canonical,200,200,https://geekskai.com/da/tools/board-foot-calculator/,200,1,https://geekskai.com/da/tools/board-foot-calculator/,PASS,"index, follow; index, follow, max-video-preview:-1, max-image-preview:large, max-snippet:-1",True,PASS,True,11,11,11,PASS,0,da,Board Foot Beregner – Gratis Tømmer Beregner & Træomkostningsestimator | Professionelt Værktøj,1,https://geekskai.com/static/tools/board-foot-calculator-og.jpg | https://geekskai.com/static/tools/board-foot-calculator-twitter.jpg,https://geekskai.com/da/blog/,SEO-05 | SEO-06,FAIL,2026-10-09T01:58:17.854988+00:00,
URL-0061,https://geekskai.com/tools/bpm-ms-converter/,en,/tools/bpm-ms-converter/,indexable_self_canonical,200,200,https://geekskai.com/tools/bpm-ms-converter/,200,1,https://geekskai.com/tools/bpm-ms-converter/,PASS,"index, follow; index, follow, max-video-preview:-1, max-image-preview:large, max-snippet:-1",True,PASS,True,11,11,11,PASS,0,en,BPM to MS Converter | Free Online Beat Timing Calculator,1,https://geekskai.com/static/images/tools/bpm-ms-converter-og.png | https://geekskai.com/static/images/tools/bpm-ms-converter-twitter.png,,SEO-06,FAIL,2026-10-09T01:58:16.925598+00:00,
URL-0062,https://geekskai.com/ar/tools/bpm-ms-converter/,ar,/tools/bpm-ms-converter/,indexable_self_canonical,200,200,https://geekskai.com/ar/tools/bpm-ms-converter/,200,1,https://geekskai.com/ar/tools/bpm-ms-converter/,PASS,"index, follow; index, follow, max-video-preview:-1, max-image-preview:large, max-snippet:-1",True,PASS,True,11,11,11,PASS,0,ar,محول BPM إلى MS | حاسبة توقيت الإيقاع المجانية عبر الإنترنت,1,https://geekskai.com/static/images/tools/bpm-ms-converter-og.png | https://geekskai.com/static/images/tools/bpm-ms-converter-twitter.png,https://geekskai.com/ar/blog/,SEO-05 | SEO-06 | SEO-12,FAIL,2026-10-09T01:58:20.048565+00:00,
URL-0063,https://geekskai.com/de/tools/bpm-ms-converter/,de,/tools/bpm-ms-converter/,indexable_self_canonical,200,200,https://geekskai.com/de/tools/bpm-ms-converter/,200,1,https://geekskai.com/de/tools/bpm-ms-converter/,PASS,"index, follow; index, follow, max-video-preview:-1, max-image-preview:large, max-snippet:-1",True,PASS,True,11,11,11,PASS,0,de,BPM-zu-MS-Konverter | Kostenloser Beat-Timing-Rechner,1,https://geekskai.com/static/images/tools/bpm-ms-converter-og.png | https://geekskai.com/static/images/tools/bpm-ms-converter-twitter.png,https://geekskai.com/de/blog/,SEO-05 | SEO-06 | SEO-12,FAIL,2026-10-09T01:58:17.972955+00:00,
URL-0064,https://geekskai.com/fr/tools/bpm-ms-converter/,fr,/tools/bpm-ms-converter/,indexable_self_canonical,200,200,https://geekskai.com/fr/tools/bpm-ms-converter/,200,1,https://geekskai.com/fr/tools/bpm-ms-converter/,PASS,"index, follow; index, follow, max-video-preview:-1, max-image-preview:large, max-snippet:-1",True,PASS,True,11,11,11,PASS,0,fr,Convertisseur BPM en ms | Calculateur gratuit de timing rythmique,1,https://geekskai.com/static/images/tools/bpm-ms-converter-og.png | https://geekskai.com/static/images/tools/bpm-ms-converter-twitter.png,https://geekskai.com/fr/blog/,SEO-05 | SEO-06 | SEO-12,FAIL,2026-10-09T01:58:19.380397+00:00,
URL-0065,https://geekskai.com/es/tools/bpm-ms-converter/,es,/tools/bpm-ms-converter/,indexable_self_canonical,200,200,https://geekskai.com/es/tools/bpm-ms-converter/,200,1,https://geekskai.com/es/tools/bpm-ms-converter/,PASS,"index, follow; index, follow, max-video-preview:-1, max-image-preview:large, max-snippet:-1",True,PASS,True,11,11,11,PASS,0,es,Convertidor de BPM a MS | Calculadora de tiempos de ritmo en línea gratuita,1,https://geekskai.com/static/images/tools/bpm-ms-converter-og.png | https://geekskai.com/static/images/tools/bpm-ms-converter-twitter.png,https://geekskai.com/es/blog/,SEO-05 | SEO-06 | SEO-12,FAIL,2026-10-09T01:58:19.482320+00:00,
URL-0066,https://geekskai.com/ja/tools/bpm-ms-converter/,ja,/tools/bpm-ms-converter/,indexable_self_canonical,200,200,https://geekskai.com/ja/tools/bpm-ms-converter/,200,1,https://geekskai.com/ja/tools/bpm-ms-converter/,PASS,"index, follow; index, follow, max-video-preview:-1, max-image-preview:large, max-snippet:-1",True,PASS,True,11,11,11,PASS,0,ja,BPMからミリ秒コンバーター | 無料オンラインビートタイミング計算機,1,https://geekskai.com/static/images/tools/bpm-ms-converter-og.png | https://geekskai.com/static/images/tools/bpm-ms-converter-twitter.png,https://geekskai.com/ja/blog/,SEO-05 | SEO-06,FAIL,2026-10-09T01:58:20.858588+00:00,
URL-0067,https://geekskai.com/ko/tools/bpm-ms-converter/,ko,/tools/bpm-ms-converter/,indexable_self_canonical,200,200,https://geekskai.com/ko/tools/bpm-ms-converter/,200,1,https://geekskai.com/ko/tools/bpm-ms-converter/,PASS,"index, follow; index, follow, max-video-preview:-1, max-image-preview:large, max-snippet:-1",True,PASS,True,11,11,11,PASS,0,ko,BPM을 MS 변환기 | 무료 온라인 비트 타이밍 계산기,1,https://geekskai.com/static/images/tools/bpm-ms-converter-og.png | https://geekskai.com/static/images/tools/bpm-ms-converter-twitter.png,https://geekskai.com/ko/blog/,SEO-05 | SEO-06,FAIL,2026-10-09T01:58:20.518008+00:00,
URL-0068,https://geekskai.com/no/tools/bpm-ms-converter/,no,/tools/bpm-ms-converter/,indexable_self_canonical,200,200,https://geekskai.com/no/tools/bpm-ms-converter/,200,1,https://geekskai.com/no/tools/bpm-ms-converter/,PASS,"index, follow; index, follow, max-video-preview:-1, max-image-preview:large, max-snippet:-1",True,PASS,True,11,11,11,PASS,0,no,BPM til MS Konverter | Gratis Online Beat Timing Kalkulator,1,https://geekskai.com/static/images/tools/bpm-ms-converter-og.png | https://geekskai.com/static/images/tools/bpm-ms-converter-twitter.png,https://geekskai.com/no/blog/,SEO-05 | SEO-06,FAIL,2026-10-09T01:58:21.186267+00:00,
URL-0069,https://geekskai.com/zh-cn/tools/bpm-ms-converter/,zh-cn,/tools/bpm-ms-converter/,indexable_self_canonical,200,200,https://geekskai.com/zh-cn/tools/bpm-ms-converter/,200,1,https://geekskai.com/zh-cn/tools/bpm-ms-converter/,PASS,"index, follow; index, follow, max-video-preview:-1, max-image-preview:large, max-snippet:-1",True,PASS,True,11,11,11,PASS,0,zh-cn,BPM转毫秒转换器 | 免费在线节拍时间计算器,1,https://geekskai.com/static/images/tools/bpm-ms-converter-og.png | https://geekskai.com/static/images/tools/bpm-ms-converter-twitter.png,https://geekskai.com/zh-cn/blog/,SEO-05 | SEO-06,FAIL,2026-10-09T01:58:22.142908+00:00,
URL-0070,https://geekskai.com/da/tools/bpm-ms-converter/,da,/tools/bpm-ms-converter/,indexable_self_canonical,200,200,https://geekskai.com/da/tools/bpm-ms-converter/,200,1,https://geekskai.com/da/tools/bpm-ms-converter/,PASS,"index, follow; index, follow, max-video-preview:-1, max-image-preview:large, max-snippet:-1",True,PASS,True,11,11,11,PASS,0,da,BPM til MS Konverter | Gratis Online Beat Timing Beregner,1,https://geekskai.com/static/images/tools/bpm-ms-converter-og.png | https://geekskai.com/static/images/tools/bpm-ms-converter-twitter.png,https://geekskai.com/da/blog/,SEO-05 | SEO-06,FAIL,2026-10-09T01:58:22.223094+00:00,
URL-0071,https://geekskai.com/tools/bubble-letter-generator/,en,/tools/bubble-letter-generator/,indexable_self_canonical,200,200,https://geekskai.com/tools/bubble-letter-generator/,200,1,https://geekskai.com/tools/bubble-letter-generator/,PASS,"index, follow; index, follow, max-video-preview:-1, max-image-preview:large, max-snippet:-1",True,PASS,True,11,11,11,FAIL,12,en,Bubble Text Generator (2026) - Enclosed Alphanumerics Converter,1,,,SEO-02,FAIL,2026-10-09T01:58:22.606319+00:00,
URL-0072,https://geekskai.com/ar/tools/bubble-letter-generator/,ar,/tools/bubble-letter-generator/,indexable_self_canonical,200,200,https://geekskai.com/ar/tools/bubble-letter-generator/,200,1,https://geekskai.com/ar/tools/bubble-letter-generator/,PASS,"index, follow; index, follow, max-video-preview:-1, max-image-preview:large, max-snippet:-1",True,PASS,True,11,11,11,FAIL,1,ar,مولد النص الفقاعي (2026) - محول الحروف والأرقام المحاطة بدوائر,1,,https://geekskai.com/ar/blog/,SEO-02 | SEO-05 | SEO-12,FAIL,2026-10-09T01:58:23.661221+00:00,
URL-0073,https://geekskai.com/de/tools/bubble-letter-generator/,de,/tools/bubble-letter-generator/,indexable_self_canonical,200,200,https://geekskai.com/de/tools/bubble-letter-generator/,200,1,https://geekskai.com/de/tools/bubble-letter-generator/,PASS,"index, follow; index, follow, max-video-preview:-1, max-image-preview:large, max-snippet:-1",True,PASS,True,11,11,11,FAIL,1,de,Blasenschrift-Generator (2026) - Eingekreiste Alphanumerik-Konverter,1,,https://geekskai.com/de/blog/,SEO-02 | SEO-05 | SEO-12,FAIL,2026-10-09T01:58:24.056797+00:00,
URL-0074,https://geekskai.com/fr/tools/bubble-letter-generator/,fr,/tools/bubble-letter-generator/,indexable_self_canonical,200,200,https://geekskai.com/fr/tools/bubble-letter-generator/,200,1,https://geekskai.com/fr/tools/bubble-letter-generator/,PASS,"index, follow; index, follow, max-video-preview:-1, max-image-preview:large, max-snippet:-1",True,PASS,True,11,11,11,FAIL,1,fr,Générateur de Texte à Bulles (2026) - Convertisseur d'Alphanumériques Encerclés,1,,https://geekskai.com/fr/blog/,SEO-02 | SEO-05 | SEO-12,FAIL,2026-10-09T01:58:23.644274+00:00,
URL-0075,https://geekskai.com/es/tools/bubble-letter-generator/,es,/tools/bubble-letter-generator/,indexable_self_canonical,200,200,https://geekskai.com/es/tools/bubble-letter-generator/,200,1,https://geekskai.com/es/tools/bubble-letter-generator/,PASS,"index, follow; index, follow, max-video-preview:-1, max-image-preview:large, max-snippet:-1",True,PASS,True,11,11,11,FAIL,1,es,Generador de Texto de Burbujas (2026) - Convertidor de Alfanuméricos Encerrados,1,,https://geekskai.com/es/blog/,SEO-02 | SEO-05 | SEO-12,FAIL,2026-10-09T01:58:25.637486+00:00,
URL-0076,https://geekskai.com/ja/tools/bubble-letter-generator/,ja,/tools/bubble-letter-generator/,indexable_self_canonical,200,200,https://geekskai.com/ja/tools/bubble-letter-generator/,200,1,https://geekskai.com/ja/tools/bubble-letter-generator/,PASS,"index, follow; index, follow, max-video-preview:-1, max-image-preview:large, max-snippet:-1",True,PASS,True,11,11,11,FAIL,1,ja,気泡文字生成器 (2026) - 囲み英数字コンバーター,1,,https://geekskai.com/ja/blog/,SEO-02 | SEO-05,FAIL,2026-10-09T01:58:24.848991+00:00,
URL-0077,https://geekskai.com/ko/tools/bubble-letter-generator/,ko,/tools/bubble-letter-generator/,indexable_self_canonical,200,200,https://geekskai.com/ko/tools/bubble-letter-generator/,200,1,https://geekskai.com/ko/tools/bubble-letter-generator/,PASS,"index, follow; index, follow, max-video-preview:-1, max-image-preview:large, max-snippet:-1",True,PASS,True,11,11,11,FAIL,1,ko,버블 텍스트 생성기 (2026) - 원형 문자 및 숫자 변환기,1,,https://geekskai.com/ko/blog/,SEO-02 | SEO-05,FAIL,2026-10-09T01:58:25.622496+00:00,
URL-0078,https://geekskai.com/no/tools/bubble-letter-generator/,no,/tools/bubble-letter-generator/,indexable_self_canonical,200,200,https://geekskai.com/no/tools/bubble-letter-generator/,200,1,https://geekskai.com/no/tools/bubble-letter-generator/,PASS,"index, follow; index, follow, max-video-preview:-1, max-image-preview:large, max-snippet:-1",True,PASS,True,11,11,11,FAIL,1,no,Boble Tekst Generator (2026) - Sirklede Bokstaver & Tall Konverter,1,,https://geekskai.com/no/blog/,SEO-02 | SEO-05,FAIL,2026-10-09T01:58:26.434988+00:00,
URL-0079,https://geekskai.com/zh-cn/tools/bubble-letter-generator/,zh-cn,/tools/bubble-letter-generator/,indexable_self_canonical,200,200,https://geekskai.com/zh-cn/tools/bubble-letter-generator/,200,1,https://geekskai.com/zh-cn/tools/bubble-letter-generator/,PASS,"index, follow; index, follow, max-video-preview:-1, max-image-preview:large, max-snippet:-1",True,PASS,True,11,11,11,FAIL,1,zh-cn,气泡文字生成器 (2026) - 封闭式字母数字转换器,1,,https://geekskai.com/zh-cn/blog/,SEO-02 | SEO-05,FAIL,2026-10-09T01:58:27.025136+00:00,
URL-0080,https://geekskai.com/da/tools/bubble-letter-generator/,da,/tools/bubble-letter-generator/,indexable_self_canonical,200,200,https://geekskai.com/da/tools/bubble-letter-generator/,200,1,https://geekskai.com/da/tools/bubble-letter-generator/,PASS,"index, follow; index, follow, max-video-preview:-1, max-image-preview:large, max-snippet:-1",True,PASS,True,11,11,11,FAIL,1,da,Boble Tekst Generator (2026) - Cirklede Bogstaver & Tal Konverter,1,,https://geekskai.com/da/blog/,SEO-02 | SEO-05,FAIL,2026-10-09T01:58:27.050316+00:00,
URL-0081,https://geekskai.com/tools/ccm-to-hp-converter/,en,/tools/ccm-to-hp-converter/,indexable_self_canonical,200,200,https://geekskai.com/tools/ccm-to-hp-converter/,200,1,https://geekskai.com/tools/ccm-to-hp-converter/,PASS,"index, follow; index, follow, max-video-preview:-1, max-image-preview:large, max-snippet:-1",True,PASS,True,11,11,11,PASS,0,en,CCM to HP Converter – Free Engine Power Calculator | Motorcycle & Car Engine Tool,1,https://geekskai.com/og-images/ccm-to-hp-converter.jpg,,SEO-06,FAIL,2026-10-09T01:58:27.312850+00:00,
URL-0082,https://geekskai.com/ar/tools/ccm-to-hp-converter/,ar,/tools/ccm-to-hp-converter/,indexable_self_canonical,200,200,https://geekskai.com/ar/tools/ccm-to-hp-converter/,200,1,https://geekskai.com/ar/tools/ccm-to-hp-converter/,PASS,"index, follow; index, follow, max-video-preview:-1, max-image-preview:large, max-snippet:-1",True,PASS,True,11,11,11,PASS,0,ar,محول CCM إلى HP – حاسبة مجانية لقوة المحرك | أداة محرك الدراجات النارية والسيارات,1,https://geekskai.com/og-images/ccm-to-hp-converter.jpg,https://geekskai.com/ar/blog/,SEO-05 | SEO-06 | SEO-12,FAIL,2026-10-09T01:58:28.278719+00:00,
URL-0083,https://geekskai.com/de/tools/ccm-to-hp-converter/,de,/tools/ccm-to-hp-converter/,indexable_self_canonical,200,200,https://geekskai.com/de/tools/ccm-to-hp-converter/,200,1,https://geekskai.com/de/tools/ccm-to-hp-converter/,PASS,"index, follow; index, follow, max-video-preview:-1, max-image-preview:large, max-snippet:-1",True,PASS,True,11,11,11,PASS,0,de,CCM-zu-HP-Konverter – Kostenloser Motorleistungsrechner | Motorrad- & Auto-Tool,1,https://geekskai.com/og-images/ccm-to-hp-converter.jpg,https://geekskai.com/de/blog/,SEO-05 | SEO-06 | SEO-12,FAIL,2026-10-09T01:58:28.447451+00:00,
URL-0084,https://geekskai.com/fr/tools/ccm-to-hp-converter/,fr,/tools/ccm-to-hp-converter/,indexable_self_canonical,200,200,https://geekskai.com/fr/tools/ccm-to-hp-converter/,200,1,https://geekskai.com/fr/tools/ccm-to-hp-converter/,PASS,"index, follow; index, follow, max-video-preview:-1, max-image-preview:large, max-snippet:-1",True,PASS,True,11,11,11,PASS,0,fr,Convertisseur CCM en HP – Calculateur gratuit de puissance moteur | Moto & auto,1,https://geekskai.com/og-images/ccm-to-hp-converter.jpg,https://geekskai.com/fr/blog/,SEO-05 | SEO-06 | SEO-12,FAIL,2026-10-09T01:58:28.960653+00:00,
URL-0085,https://geekskai.com/es/tools/ccm-to-hp-converter/,es,/tools/ccm-to-hp-converter/,indexable_self_canonical,200,200,https://geekskai.com/es/tools/ccm-to-hp-converter/,200,1,https://geekskai.com/es/tools/ccm-to-hp-converter/,PASS,"index, follow; index, follow, max-video-preview:-1, max-image-preview:large, max-snippet:-1",True,PASS,True,11,11,11,PASS,0,es,Convertidor de CCM a HP: calculadora gratuita de potencia del motor | Herramienta para motores de motocicletas y automóviles,1,https://geekskai.com/og-images/ccm-to-hp-converter.jpg,https://geekskai.com/es/blog/,SEO-05 | SEO-06 | SEO-12,FAIL,2026-10-09T01:58:29.390881+00:00,
URL-0086,https://geekskai.com/ja/tools/ccm-to-hp-converter/,ja,/tools/ccm-to-hp-converter/,indexable_self_canonical,200,200,https://geekskai.com/ja/tools/ccm-to-hp-converter/,200,1,https://geekskai.com/ja/tools/ccm-to-hp-converter/,PASS,"index, follow; index, follow, max-video-preview:-1, max-image-preview:large, max-snippet:-1",True,PASS,True,11,11,11,PASS,0,ja,CCMからHP変換器 – 無料エンジンパワー計算機 | バイク・自動車エンジンツール,1,https://geekskai.com/og-images/ccm-to-hp-converter.jpg,https://geekskai.com/ja/blog/,SEO-05 | SEO-06,FAIL,2026-10-09T01:58:29.927474+00:00,
URL-0087,https://geekskai.com/ko/tools/ccm-to-hp-converter/,ko,/tools/ccm-to-hp-converter/,indexable_self_canonical,200,200,https://geekskai.com/ko/tools/ccm-to-hp-converter/,200,1,https://geekskai.com/ko/tools/ccm-to-hp-converter/,PASS,"index, follow; index, follow, max-video-preview:-1, max-image-preview:large, max-snippet:-1",True,PASS,True,11,11,11,PASS,0,ko,CCM에서 HP 변환기 – 무료 엔진 파워 계산기 | 오토바이 & 자동차 엔진 도구,1,https://geekskai.com/og-images/ccm-to-hp-converter.jpg,https://geekskai.com/ko/blog/,SEO-05 | SEO-06,FAIL,2026-10-09T01:58:29.981828+00:00,
URL-0088,https://geekskai.com/no/tools/ccm-to-hp-converter/,no,/tools/ccm-to-hp-converter/,indexable_self_canonical,200,200,https://geekskai.com/no/tools/ccm-to-hp-converter/,200,1,https://geekskai.com/no/tools/ccm-to-hp-converter/,PASS,"index, follow; index, follow, max-video-preview:-1, max-image-preview:large, max-snippet:-1",True,PASS,True,11,11,11,PASS,0,no,CCM til HP Konverter – Gratis Motor Effekt Kalkulator | Motorsykkel & Bil Motor Verktøy,1,https://geekskai.com/og-images/ccm-to-hp-converter.jpg,https://geekskai.com/no/blog/,SEO-05 | SEO-06,FAIL,2026-10-09T01:58:30.824965+00:00,
URL-0089,https://geekskai.com/zh-cn/tools/ccm-to-hp-converter/,zh-cn,/tools/ccm-to-hp-converter/,indexable_self_canonical,200,200,https://geekskai.com/zh-cn/tools/ccm-to-hp-converter/,200,1,https://geekskai.com/zh-cn/tools/ccm-to-hp-converter/,PASS,"index, follow; index, follow, max-video-preview:-1, max-image-preview:large, max-snippet:-1",True,PASS,True,11,11,11,PASS,0,zh-cn,CCM转HP转换器 – 免费发动机功率计算器 | 摩托车和汽车发动机工具,1,https://geekskai.com/og-images/ccm-to-hp-converter.jpg,https://geekskai.com/zh-cn/blog/,SEO-05 | SEO-06,FAIL,2026-10-09T01:58:31.391394+00:00,
URL-0090,https://geekskai.com/da/tools/ccm-to-hp-converter/,da,/tools/ccm-to-hp-converter/,indexable_self_canonical,200,200,https://geekskai.com/da/tools/ccm-to-hp-converter/,200,1,https://geekskai.com/da/tools/ccm-to-hp-converter/,PASS,"index, follow; index, follow, max-video-preview:-1, max-image-preview:large, max-snippet:-1",True,PASS,True,11,11,11,PASS,0,da,CCM til HP Konverter – Gratis Motor Effekt Beregner | Motorcykel & Bil Motor Værktøj,1,https://geekskai.com/og-images/ccm-to-hp-converter.jpg,https://geekskai.com/da/blog/,SEO-05 | SEO-06,FAIL,2026-10-09T01:58:31.376456+00:00,
URL-0091,https://geekskai.com/tools/chivalry-test/,en,/tools/chivalry-test/,indexable_self_canonical,200,200,https://geekskai.com/tools/chivalry-test/,200,1,https://geekskai.com/tools/chivalry-test/,PASS,"index, follow; index, follow, max-video-preview:-1, max-image-preview:large, max-snippet:-1",True,PASS,True,11,11,11,PASS,0,en,Chivalry Test – Are You Truly Chivalrous?,1,https://geekskai.com/static/images/chivalry-test-og.png | https://geekskai.com/static/images/chivalry-test-twitter.png,,SEO-06,FAIL,2026-10-09T01:58:31.856123+00:00,
URL-0092,https://geekskai.com/ar/tools/chivalry-test/,ar,/tools/chivalry-test/,indexable_self_canonical,200,200,https://geekskai.com/ar/tools/chivalry-test/,200,1,https://geekskai.com/ar/tools/chivalry-test/,PASS,"index, follow; index, follow, max-video-preview:-1, max-image-preview:large, max-snippet:-1",True,PASS,True,11,11,11,PASS,0,ar,اختبار الحرمة – هل أنت حقاً حرم؟,1,https://geekskai.com/static/images/chivalry-test-og.png | https://geekskai.com/static/images/chivalry-test-twitter.png,https://geekskai.com/ar/blog/,SEO-05 | SEO-06 | SEO-12,FAIL,2026-10-09T01:58:32.699204+00:00,
URL-0093,https://geekskai.com/de/tools/chivalry-test/,de,/tools/chivalry-test/,indexable_self_canonical,200,200,https://geekskai.com/de/tools/chivalry-test/,200,1,https://geekskai.com/de/tools/chivalry-test/,PASS,"index, follow; index, follow, max-video-preview:-1, max-image-preview:large, max-snippet:-1",True,PASS,True,11,11,11,PASS,0,de,Ritterlichkeitstest – Bist du wirklich ritterlich?,1,https://geekskai.com/static/images/chivalry-test-og.png | https://geekskai.com/static/images/chivalry-test-twitter.png,https://geekskai.com/de/blog/,SEO-05 | SEO-06 | SEO-12,FAIL,2026-10-09T01:58:32.846883+00:00,
URL-0094,https://geekskai.com/fr/tools/chivalry-test/,fr,/tools/chivalry-test/,indexable_self_canonical,200,200,https://geekskai.com/fr/tools/chivalry-test/,200,1,https://geekskai.com/fr/tools/chivalry-test/,PASS,"index, follow; index, follow, max-video-preview:-1, max-image-preview:large, max-snippet:-1",True,PASS,True,11,11,11,PASS,0,fr,Test de chevalerie – Êtes‑vous vraiment chevaleresque ?,1,https://geekskai.com/static/images/chivalry-test-og.png | https://geekskai.com/static/images/chivalry-test-twitter.png,https://geekskai.com/fr/blog/,SEO-05 | SEO-06 | SEO-12,FAIL,2026-10-09T01:58:33.156399+00:00,
URL-0095,https://geekskai.com/es/tools/chivalry-test/,es,/tools/chivalry-test/,indexable_self_canonical,200,200,https://geekskai.com/es/tools/chivalry-test/,200,1,https://geekskai.com/es/tools/chivalry-test/,PASS,"index, follow; index, follow, max-video-preview:-1, max-image-preview:large, max-snippet:-1",True,PASS,True,11,11,11,PASS,0,es,Prueba de caballerosidad: ¿eres verdaderamente caballeroso?,1,https://geekskai.com/static/images/chivalry-test-og.png | https://geekskai.com/static/images/chivalry-test-twitter.png,https://geekskai.com/es/blog/,SEO-05 | SEO-06 | SEO-12,FAIL,2026-10-09T01:58:33.970566+00:00,
URL-0096,https://geekskai.com/ja/tools/chivalry-test/,ja,/tools/chivalry-test/,indexable_self_canonical,200,200,https://geekskai.com/ja/tools/chivalry-test/,200,1,https://geekskai.com/ja/tools/chivalry-test/,PASS,"index, follow; index, follow, max-video-preview:-1, max-image-preview:large, max-snippet:-1",True,PASS,True,11,11,11,PASS,0,ja,騎士道テスト – あなたは本当に騎士道的ですか？,1,https://geekskai.com/static/images/chivalry-test-og.png | https://geekskai.com/static/images/chivalry-test-twitter.png,https://geekskai.com/ja/blog/,SEO-05 | SEO-06,FAIL,2026-10-09T01:58:34.852362+00:00,
URL-0097,https://geekskai.com/ko/tools/chivalry-test/,ko,/tools/chivalry-test/,indexable_self_canonical,200,200,https://geekskai.com/ko/tools/chivalry-test/,200,1,https://geekskai.com/ko/tools/chivalry-test/,PASS,"index, follow; index, follow, max-video-preview:-1, max-image-preview:large, max-snippet:-1",True,PASS,True,11,11,11,PASS,0,ko,기사도 테스트 – 당신은 정말 기사도적인가요?,1,https://geekskai.com/static/images/chivalry-test-og.png | https://geekskai.com/static/images/chivalry-test-twitter.png,https://geekskai.com/ko/blog/,SEO-05 | SEO-06,FAIL,2026-10-09T01:58:34.387233+00:00,
URL-0098,https://geekskai.com/no/tools/chivalry-test/,no,/tools/chivalry-test/,indexable_self_canonical,200,200,https://geekskai.com/no/tools/chivalry-test/,200,1,https://geekskai.com/no/tools/chivalry-test/,PASS,"index, follow; index, follow, max-video-preview:-1, max-image-preview:large, max-snippet:-1",True,PASS,True,11,11,11,PASS,0,no,Ridderlighetstest – Er du virkelig ridderlig?,1,https://geekskai.com/static/images/chivalry-test-og.png | https://geekskai.com/static/images/chivalry-test-twitter.png,https://geekskai.com/no/blog/,SEO-05 | SEO-06,FAIL,2026-10-09T01:58:35.346131+00:00,
URL-0099,https://geekskai.com/zh-cn/tools/chivalry-test/,zh-cn,/tools/chivalry-test/,indexable_self_canonical,200,200,https://geekskai.com/zh-cn/tools/chivalry-test/,200,1,https://geekskai.com/zh-cn/tools/chivalry-test/,PASS,"index, follow; index, follow, max-video-preview:-1, max-image-preview:large, max-snippet:-1",True,PASS,True,11,11,11,PASS,0,zh-cn,骑士精神测试 – 你真的有骑士精神吗？,1,https://geekskai.com/static/images/chivalry-test-og.png | https://geekskai.com/static/images/chivalry-test-twitter.png,https://geekskai.com/zh-cn/blog/,SEO-05 | SEO-06,FAIL,2026-10-09T01:58:36.072136+00:00,
URL-0100,https://geekskai.com/da/tools/chivalry-test/,da,/tools/chivalry-test/,indexable_self_canonical,200,200,https://geekskai.com/da/tools/chivalry-test/,200,1,https://geekskai.com/da/tools/chivalry-test/,PASS,"index, follow; index, follow, max-video-preview:-1, max-image-preview:large, max-snippet:-1",True,PASS,True,11,11,11,PASS,0,da,Ridderlighedstest – Er du virkelig ridderlig?,1,https://geekskai.com/static/images/chivalry-test-og.png | https://geekskai.com/static/images/chivalry-test-twitter.png,https://geekskai.com/da/blog/,SEO-05 | SEO-06,FAIL,2026-10-09T01:58:36.505599+00:00,
URL-0101,https://geekskai.com/tools/chromakopia-name-generator/,en,/tools/chromakopia-name-generator/,indexable_self_canonical,200,200,https://geekskai.com/tools/chromakopia-name-generator/,200,1,https://geekskai.com/tools/chromakopia-name-generator/,PASS,"index, follow; index, follow, max-video-preview:-1, max-image-preview:large, max-snippet:-1",True,PASS,True,11,11,11,PASS,0,en,Chromakopia Name Generator - Create Your St. Chroma Persona | Free Tool,1,https://geekskai.com/static/images/chromakopia-name-generator.png,,SEO-06,FAIL,2026-10-09T01:58:36.578295+00:00,
URL-0102,https://geekskai.com/ar/tools/chromakopia-name-generator/,ar,/tools/chromakopia-name-generator/,indexable_self_canonical,200,200,https://geekskai.com/ar/tools/chromakopia-name-generator/,200,1,https://geekskai.com/ar/tools/chromakopia-name-generator/,PASS,"index, follow; index, follow, max-video-preview:-1, max-image-preview:large, max-snippet:-1",True,PASS,True,11,11,11,PASS,0,ar,مولد أسماء Chromakopia - أنشئ شخصية St. Chroma الخاصة بك | أداة مجانية,1,https://geekskai.com/static/images/chromakopia-name-generator.png,https://geekskai.com/ar/blog/,SEO-05 | SEO-06 | SEO-12,FAIL,2026-10-09T01:58:38.299890+00:00,
URL-0103,https://geekskai.com/de/tools/chromakopia-name-generator/,de,/tools/chromakopia-name-generator/,indexable_self_canonical,200,200,https://geekskai.com/de/tools/chromakopia-name-generator/,200,1,https://geekskai.com/de/tools/chromakopia-name-generator/,PASS,"index, follow; index, follow, max-video-preview:-1, max-image-preview:large, max-snippet:-1",True,PASS,True,11,11,11,PASS,0,de,Chromakopia-Namensgenerator – Erstelle deine St.-Chroma-Persona | Kostenloses Tool,1,https://geekskai.com/static/images/chromakopia-name-generator.png,https://geekskai.com/de/blog/,SEO-05 | SEO-06 | SEO-12,FAIL,2026-10-09T01:58:38.104059+00:00,
URL-0104,https://geekskai.com/fr/tools/chromakopia-name-generator/,fr,/tools/chromakopia-name-generator/,indexable_self_canonical,200,200,https://geekskai.com/fr/tools/chromakopia-name-generator/,200,1,https://geekskai.com/fr/tools/chromakopia-name-generator/,PASS,"index, follow; index, follow, max-video-preview:-1, max-image-preview:large, max-snippet:-1",True,PASS,True,11,11,11,PASS,0,fr,Générateur de noms Chromakopia - Créez votre persona St. Chroma | Outil gratuit,1,https://geekskai.com/static/images/chromakopia-name-generator.png,https://geekskai.com/fr/blog/,SEO-05 | SEO-06 | SEO-12,FAIL,2026-10-09T01:58:38.090499+00:00,
URL-0105,https://geekskai.com/es/tools/chromakopia-name-generator/,es,/tools/chromakopia-name-generator/,indexable_self_canonical,200,200,https://geekskai.com/es/tools/chromakopia-name-generator/,200,1,https://geekskai.com/es/tools/chromakopia-name-generator/,PASS,"index, follow; index, follow, max-video-preview:-1, max-image-preview:large, max-snippet:-1",True,PASS,True,11,11,11,PASS,0,es,Generador de nombres Chromakopia: crea tu personaje St. Chroma | Herramienta gratuita,1,https://geekskai.com/static/images/chromakopia-name-generator.png,https://geekskai.com/es/blog/,SEO-05 | SEO-06 | SEO-12,FAIL,2026-10-09T01:58:39.338076+00:00,
URL-0106,https://geekskai.com/ja/tools/chromakopia-name-generator/,ja,/tools/chromakopia-name-generator/,indexable_self_canonical,200,200,https://geekskai.com/ja/tools/chromakopia-name-generator/,200,1,https://geekskai.com/ja/tools/chromakopia-name-generator/,PASS,"index, follow; index, follow, max-video-preview:-1, max-image-preview:large, max-snippet:-1",True,PASS,True,11,11,11,PASS,0,ja,Chromakopia ネームジェネレーター - St. Chroma ペルソナを作成 | 無料ツール,1,https://geekskai.com/static/images/chromakopia-name-generator.png,https://geekskai.com/ja/blog/,SEO-05 | SEO-06,FAIL,2026-10-09T01:58:39.131974+00:00,
URL-0107,https://geekskai.com/ko/tools/chromakopia-name-generator/,ko,/tools/chromakopia-name-generator/,indexable_self_canonical,200,200,https://geekskai.com/ko/tools/chromakopia-name-generator/,200,1,https://geekskai.com/ko/tools/chromakopia-name-generator/,PASS,"index, follow; index, follow, max-video-preview:-1, max-image-preview:large, max-snippet:-1",True,PASS,True,11,11,11,PASS,0,ko,Chromakopia 이름 생성기 - St. Chroma 페르소나 만들기 | 무료 도구,1,https://geekskai.com/static/images/chromakopia-name-generator.png,https://geekskai.com/ko/blog/,SEO-05 | SEO-06,FAIL,2026-10-09T01:58:40.389428+00:00,
URL-0108,https://geekskai.com/no/tools/chromakopia-name-generator/,no,/tools/chromakopia-name-generator/,indexable_self_canonical,200,200,https://geekskai.com/no/tools/chromakopia-name-generator/,200,1,https://geekskai.com/no/tools/chromakopia-name-generator/,PASS,"index, follow; index, follow, max-video-preview:-1, max-image-preview:large, max-snippet:-1",True,PASS,True,11,11,11,PASS,0,no,Chromakopia Navngenerator - Lag Din St. Chroma Persona | Gratis Verktøy,1,https://geekskai.com/static/images/chromakopia-name-generator.png,https://geekskai.com/no/blog/,SEO-05 | SEO-06,FAIL,2026-10-09T01:58:40.546377+00:00,
URL-0109,https://geekskai.com/zh-cn/tools/chromakopia-name-generator/,zh-cn,/tools/chromakopia-name-generator/,indexable_self_canonical,200,200,https://geekskai.com/zh-cn/tools/chromakopia-name-generator/,200,1,https://geekskai.com/zh-cn/tools/chromakopia-name-generator/,PASS,"index, follow; index, follow, max-video-preview:-1, max-image-preview:large, max-snippet:-1",True,PASS,True,11,11,11,PASS,0,zh-cn,Chromakopia 名字生成器 - 创建你的 St. Chroma 人格 | 免费工具,1,https://geekskai.com/static/images/chromakopia-name-generator.png,https://geekskai.com/zh-cn/blog/,SEO-05 | SEO-06,FAIL,2026-10-09T01:58:40.647173+00:00,
URL-0110,https://geekskai.com/da/tools/chromakopia-name-generator/,da,/tools/chromakopia-name-generator/,indexable_self_canonical,200,200,https://geekskai.com/da/tools/chromakopia-name-generator/,200,1,https://geekskai.com/da/tools/chromakopia-name-generator/,PASS,"index, follow; index, follow, max-video-preview:-1, max-image-preview:large, max-snippet:-1",True,PASS,True,11,11,11,PASS,0,da,Chromakopia Navnegenerator - Skab Din St. Chroma Persona | Gratis Værktøj,1,https://geekskai.com/static/images/chromakopia-name-generator.png,https://geekskai.com/da/blog/,SEO-05 | SEO-06,FAIL,2026-10-09T01:58:41.947810+00:00,
URL-0111,https://geekskai.com/tools/cm-til-tommer/,en,/tools/cm-til-tommer/,indexable_self_canonical,200,200,https://geekskai.com/tools/cm-til-tommer/,200,1,https://geekskai.com/tools/cm-til-tommer/,PASS,"index, follow; index, follow, max-video-preview:-1, max-image-preview:large, max-snippet:-1",True,PASS,True,11,11,11,PASS,0,en,Centimeters to Inches Converter – Free Online cm to inch Tool | Accurate & Fast,1,https://geekskai.com/static/tools/cm-til-tommer-og.jpg | https://geekskai.com/static/tools/cm-til-tommer-twitter.jpg,,SEO-06,FAIL,2026-10-09T01:58:42.097520+00:00,
URL-0112,https://geekskai.com/ar/tools/cm-til-tommer/,ar,/tools/cm-til-tommer/,indexable_self_canonical,200,200,https://geekskai.com/ar/tools/cm-til-tommer/,200,1,https://geekskai.com/ar/tools/cm-til-tommer/,PASS,"index, follow; index, follow, max-video-preview:-1, max-image-preview:large, max-snippet:-1",True,PASS,True,11,11,11,PASS,0,ar,محول من سنتيمتر إلى بوصة – أداة مجانية عبر الإنترنت لتحويل سم إلى بوصة | دقيقة وسريعة,1,https://geekskai.com/static/tools/cm-til-tommer-og.jpg | https://geekskai.com/static/tools/cm-til-tommer-twitter.jpg,https://geekskai.com/ar/blog/,SEO-05 | SEO-06 | SEO-12,FAIL,2026-10-09T01:58:42.121277+00:00,
URL-0113,https://geekskai.com/de/tools/cm-til-tommer/,de,/tools/cm-til-tommer/,indexable_self_canonical,200,200,https://geekskai.com/de/tools/cm-til-tommer/,200,1,https://geekskai.com/de/tools/cm-til-tommer/,PASS,"index, follow; index, follow, max-video-preview:-1, max-image-preview:large, max-snippet:-1",True,PASS,True,11,11,11,PASS,0,de,Zentimeter-zu-Zoll-Rechner – Kostenloses Online-Tool cm in Zoll | Genau & schnell,1,https://geekskai.com/static/tools/cm-til-tommer-og.jpg | https://geekskai.com/static/tools/cm-til-tommer-twitter.jpg,https://geekskai.com/de/blog/,SEO-05 | SEO-06 | SEO-12,FAIL,2026-10-09T01:58:43.357030+00:00,
URL-0114,https://geekskai.com/fr/tools/cm-til-tommer/,fr,/tools/cm-til-tommer/,indexable_self_canonical,200,200,https://geekskai.com/fr/tools/cm-til-tommer/,200,1,https://geekskai.com/fr/tools/cm-til-tommer/,PASS,"index, follow; index, follow, max-video-preview:-1, max-image-preview:large, max-snippet:-1",True,PASS,True,11,11,11,PASS,0,fr,Convertisseur centimètres en pouces – Outil gratuit cm vers pouces | Précis & rapide,1,https://geekskai.com/static/tools/cm-til-tommer-og.jpg | https://geekskai.com/static/tools/cm-til-tommer-twitter.jpg,https://geekskai.com/fr/blog/,SEO-05 | SEO-06 | SEO-12,FAIL,2026-10-09T01:58:43.556885+00:00,
URL-0115,https://geekskai.com/es/tools/cm-til-tommer/,es,/tools/cm-til-tommer/,indexable_self_canonical,200,200,https://geekskai.com/es/tools/cm-til-tommer/,200,1,https://geekskai.com/es/tools/cm-til-tommer/,PASS,"index, follow; index, follow, max-video-preview:-1, max-image-preview:large, max-snippet:-1",True,PASS,True,11,11,11,PASS,0,es,Convertidor de centímetros a pulgadas - Herramienta gratuita en línea de cm a pulgadas | Preciso y rápido,1,https://geekskai.com/static/tools/cm-til-tommer-og.jpg | https://geekskai.com/static/tools/cm-til-tommer-twitter.jpg,https://geekskai.com/es/blog/,SEO-05 | SEO-06 | SEO-12,FAIL,2026-10-09T01:58:43.528673+00:00,
URL-0116,https://geekskai.com/ja/tools/cm-til-tommer/,ja,/tools/cm-til-tommer/,indexable_self_canonical,200,200,https://geekskai.com/ja/tools/cm-til-tommer/,200,1,https://geekskai.com/ja/tools/cm-til-tommer/,PASS,"index, follow; index, follow, max-video-preview:-1, max-image-preview:large, max-snippet:-1",True,PASS,True,11,11,11,PASS,0,ja,センチメートルからインチ変換ツール – 無料オンライン変換 | 正確・高速,1,https://geekskai.com/static/tools/cm-til-tommer-og.jpg | https://geekskai.com/static/tools/cm-til-tommer-twitter.jpg,https://geekskai.com/ja/blog/,SEO-05 | SEO-06,FAIL,2026-10-09T01:58:44.939805+00:00,
URL-0117,https://geekskai.com/ko/tools/cm-til-tommer/,ko,/tools/cm-til-tommer/,indexable_self_canonical,200,200,https://geekskai.com/ko/tools/cm-til-tommer/,200,1,https://geekskai.com/ko/tools/cm-til-tommer/,PASS,"index, follow; index, follow, max-video-preview:-1, max-image-preview:large, max-snippet:-1",True,PASS,True,11,11,11,PASS,0,ko,센티미터 → 인치 변환기 – 무료 온라인 도구 | 정확하고 빠름,1,https://geekskai.com/static/tools/cm-til-tommer-og.jpg | https://geekskai.com/static/tools/cm-til-tommer-twitter.jpg,https://geekskai.com/ko/blog/,SEO-05 | SEO-06,FAIL,2026-10-09T01:58:45.061158+00:00,
URL-0118,https://geekskai.com/no/tools/cm-til-tommer/,no,/tools/cm-til-tommer/,indexable_self_canonical,200,200,https://geekskai.com/no/tools/cm-til-tommer/,200,1,https://geekskai.com/no/tools/cm-til-tommer/,PASS,"index, follow; index, follow, max-video-preview:-1, max-image-preview:large, max-snippet:-1",True,PASS,True,11,11,11,PASS,0,no,Centimeter til tommer omregner – Gratis online verktøy | Presis og rask,1,https://geekskai.com/static/tools/cm-til-tommer-og.jpg | https://geekskai.com/static/tools/cm-til-tommer-twitter.jpg,https://geekskai.com/no/blog/,SEO-05 | SEO-06,FAIL,2026-10-09T01:58:44.850903+00:00,
URL-0119,https://geekskai.com/zh-cn/tools/cm-til-tommer/,zh-cn,/tools/cm-til-tommer/,indexable_self_canonical,200,200,https://geekskai.com/zh-cn/tools/cm-til-tommer/,200,1,https://geekskai.com/zh-cn/tools/cm-til-tommer/,PASS,"index, follow; index, follow, max-video-preview:-1, max-image-preview:large, max-snippet:-1",True,PASS,True,11,11,11,PASS,0,zh-cn,厘米转英寸转换器 – 免费厘米转英寸在线工具 | 精确快速,1,https://geekskai.com/static/tools/cm-til-tommer-og.jpg | https://geekskai.com/static/tools/cm-til-tommer-twitter.jpg,https://geekskai.com/zh-cn/blog/,SEO-05 | SEO-06,FAIL,2026-10-09T01:58:46.253942+00:00,
URL-0120,https://geekskai.com/da/tools/cm-til-tommer/,da,/tools/cm-til-tommer/,indexable_self_canonical,200,200,https://geekskai.com/da/tools/cm-til-tommer/,200,1,https://geekskai.com/da/tools/cm-til-tommer/,PASS,"index, follow; index, follow, max-video-preview:-1, max-image-preview:large, max-snippet:-1",True,PASS,True,11,11,11,PASS,0,da,Centimeter til tommer konverter – Gratis online værktøj | Præcist og hurtigt,1,https://geekskai.com/static/tools/cm-til-tommer-og.jpg | https://geekskai.com/static/tools/cm-til-tommer-twitter.jpg,https://geekskai.com/da/blog/,SEO-05 | SEO-06,FAIL,2026-10-09T01:58:46.373331+00:00,
URL-0121,https://geekskai.com/tools/cm-to-pm-converter/,en,/tools/cm-to-pm-converter/,indexable_self_canonical,200,200,https://geekskai.com/tools/cm-to-pm-converter/,200,1,https://geekskai.com/tools/cm-to-pm-converter/,PASS,"index, follow; index, follow, max-video-preview:-1, max-image-preview:large, max-snippet:-1",True,PASS,True,11,11,11,PASS,0,en,PM to CM & CM to PM Converter | Free Picometer to Centimeter Calculator Tool,1,https://geekskai.com/static/tools/cm-to-pm-converter-og.jpg | https://geekskai.com/static/tools/cm-to-pm-converter-twitter.jpg,,SEO-06,FAIL,2026-10-09T01:58:46.356841+00:00,
URL-0122,https://geekskai.com/ar/tools/cm-to-pm-converter/,ar,/tools/cm-to-pm-converter/,indexable_self_canonical,200,200,https://geekskai.com/ar/tools/cm-to-pm-converter/,200,1,https://geekskai.com/ar/tools/cm-to-pm-converter/,PASS,"index, follow; index, follow, max-video-preview:-1, max-image-preview:large, max-snippet:-1",True,PASS,True,11,11,11,PASS,0,ar,محول PM إلى CM و CM إلى PM | أداة حاسبة مجانية من بيكومتر إلى سنتيمتر,1,https://geekskai.com/static/tools/cm-to-pm-converter-og.jpg | https://geekskai.com/static/tools/cm-to-pm-converter-twitter.jpg,https://geekskai.com/ar/blog/,SEO-05 | SEO-06 | SEO-12,FAIL,2026-10-09T01:58:48.023327+00:00,
URL-0123,https://geekskai.com/de/tools/cm-to-pm-converter/,de,/tools/cm-to-pm-converter/,indexable_self_canonical,200,200,https://geekskai.com/de/tools/cm-to-pm-converter/,200,1,https://geekskai.com/de/tools/cm-to-pm-converter/,PASS,"index, follow; index, follow, max-video-preview:-1, max-image-preview:large, max-snippet:-1",True,PASS,True,11,11,11,PASS,0,de,PM-zu-CM- & CM-zu-PM-Konverter | Kostenloser Pikometer-zu-Zentimeter-Rechner,1,https://geekskai.com/static/tools/cm-to-pm-converter-og.jpg | https://geekskai.com/static/tools/cm-to-pm-converter-twitter.jpg,https://geekskai.com/de/blog/,SEO-05 | SEO-06 | SEO-12,FAIL,2026-10-09T01:58:47.242469+00:00,
URL-0124,https://geekskai.com/fr/tools/cm-to-pm-converter/,fr,/tools/cm-to-pm-converter/,indexable_self_canonical,200,200,https://geekskai.com/fr/tools/cm-to-pm-converter/,200,1,https://geekskai.com/fr/tools/cm-to-pm-converter/,PASS,"index, follow; index, follow, max-video-preview:-1, max-image-preview:large, max-snippet:-1",True,PASS,True,11,11,11,PASS,0,fr,Convertisseur PM en CM & CM en PM | Calculateur picomètres ↔ centimètres gratuit,1,https://geekskai.com/static/tools/cm-to-pm-converter-og.jpg | https://geekskai.com/static/tools/cm-to-pm-converter-twitter.jpg,https://geekskai.com/fr/blog/,SEO-05 | SEO-06 | SEO-12,FAIL,2026-10-09T01:58:47.736655+00:00,
URL-0125,https://geekskai.com/es/tools/cm-to-pm-converter/,es,/tools/cm-to-pm-converter/,indexable_self_canonical,200,200,https://geekskai.com/es/tools/cm-to-pm-converter/,200,1,https://geekskai.com/es/tools/cm-to-pm-converter/,PASS,"index, follow; index, follow, max-video-preview:-1, max-image-preview:large, max-snippet:-1",True,PASS,True,11,11,11,PASS,0,es,Convertidor de PM a CM y CM a PM | Herramienta gratuita de calculadora de picómetro a centímetro,1,https://geekskai.com/static/tools/cm-to-pm-converter-og.jpg | https://geekskai.com/static/tools/cm-to-pm-converter-twitter.jpg,https://geekskai.com/es/blog/,SEO-05 | SEO-06 | SEO-12,FAIL,2026-10-09T01:58:48.307923+00:00,
URL-0126,https://geekskai.com/ja/tools/cm-to-pm-converter/,ja,/tools/cm-to-pm-converter/,indexable_self_canonical,200,200,https://geekskai.com/ja/tools/cm-to-pm-converter/,200,1,https://geekskai.com/ja/tools/cm-to-pm-converter/,PASS,"index, follow; index, follow, max-video-preview:-1, max-image-preview:large, max-snippet:-1",True,PASS,True,11,11,11,PASS,0,ja,PM to CM & CM to PM 変換器 | 無料ピコメートル・センチメートル計算ツール,1,https://geekskai.com/static/tools/cm-to-pm-converter-og.jpg | https://geekskai.com/static/tools/cm-to-pm-converter-twitter.jpg,https://geekskai.com/ja/blog/,SEO-05 | SEO-06,FAIL,2026-10-09T01:58:49.138904+00:00,
URL-0127,https://geekskai.com/ko/tools/cm-to-pm-converter/,ko,/tools/cm-to-pm-converter/,indexable_self_canonical,200,200,https://geekskai.com/ko/tools/cm-to-pm-converter/,200,1,https://geekskai.com/ko/tools/cm-to-pm-converter/,PASS,"index, follow; index, follow, max-video-preview:-1, max-image-preview:large, max-snippet:-1",True,PASS,True,11,11,11,PASS,0,ko,PM to CM & CM to PM 변환기 | 무료 피코미터 센티미터 계산 도구,1,https://geekskai.com/static/tools/cm-to-pm-converter-og.jpg | https://geekskai.com/static/tools/cm-to-pm-converter-twitter.jpg,https://geekskai.com/ko/blog/,SEO-05 | SEO-06,FAIL,2026-10-09T01:58:49.770293+00:00,
URL-0128,https://geekskai.com/no/tools/cm-to-pm-converter/,no,/tools/cm-to-pm-converter/,indexable_self_canonical,200,200,https://geekskai.com/no/tools/cm-to-pm-converter/,200,1,https://geekskai.com/no/tools/cm-to-pm-converter/,PASS,"index, follow; index, follow, max-video-preview:-1, max-image-preview:large, max-snippet:-1",True,PASS,True,11,11,11,PASS,0,no,PM til CM & CM til PM Konverter | Gratis Pikometer til Centimeter Kalkulatorverktøy,1,https://geekskai.com/static/tools/cm-to-pm-converter-og.jpg | https://geekskai.com/static/tools/cm-to-pm-converter-twitter.jpg,https://geekskai.com/no/blog/,SEO-05 | SEO-06,FAIL,2026-10-09T01:58:49.686231+00:00,
URL-0129,https://geekskai.com/zh-cn/tools/cm-to-pm-converter/,zh-cn,/tools/cm-to-pm-converter/,indexable_self_canonical,200,200,https://geekskai.com/zh-cn/tools/cm-to-pm-converter/,200,1,https://geekskai.com/zh-cn/tools/cm-to-pm-converter/,PASS,"index, follow; index, follow, max-video-preview:-1, max-image-preview:large, max-snippet:-1",True,PASS,True,11,11,11,PASS,0,zh-cn,皮米厘米转换器 | 免费PM到CM和CM到PM科学计算工具,1,https://geekskai.com/static/tools/cm-to-pm-converter-og.jpg | https://geekskai.com/static/tools/cm-to-pm-converter-twitter.jpg,https://geekskai.com/zh-cn/blog/,SEO-05 | SEO-06,FAIL,2026-10-09T01:58:50.334276+00:00,
URL-0130,https://geekskai.com/da/tools/cm-to-pm-converter/,da,/tools/cm-to-pm-converter/,indexable_self_canonical,200,200,https://geekskai.com/da/tools/cm-to-pm-converter/,200,1,https://geekskai.com/da/tools/cm-to-pm-converter/,PASS,"index, follow; index, follow, max-video-preview:-1, max-image-preview:large, max-snippet:-1",True,PASS,True,11,11,11,PASS,0,da,PM til CM & CM til PM Konverter | Gratis Pikometer til Centimeter Beregningsværktøj,1,https://geekskai.com/static/tools/cm-to-pm-converter-og.jpg | https://geekskai.com/static/tools/cm-to-pm-converter-twitter.jpg,https://geekskai.com/da/blog/,SEO-05 | SEO-06,FAIL,2026-10-09T01:58:51.364786+00:00,
URL-0131,https://geekskai.com/tools/cm-to-tommer-converter/,en,/tools/cm-to-tommer-converter/,indexable_self_canonical,200,200,https://geekskai.com/tools/cm-to-tommer-converter/,200,1,https://geekskai.com/tools/cm-to-tommer-converter/,PASS,"index, follow; index, follow, max-video-preview:-1, max-image-preview:large, max-snippet:-1",True,PASS,True,11,11,11,PASS,0,en,CM to Tommer Converter – Centimeter to Inch Online Tool | Free & Accurate,1,https://geekskai.com/og-images/cm-to-tommer-converter.jpg,,SEO-06,FAIL,2026-10-09T01:58:50.682066+00:00,
URL-0132,https://geekskai.com/ar/tools/cm-to-tommer-converter/,ar,/tools/cm-to-tommer-converter/,indexable_self_canonical,200,200,https://geekskai.com/ar/tools/cm-to-tommer-converter/,200,1,https://geekskai.com/ar/tools/cm-to-tommer-converter/,PASS,"index, follow; index, follow, max-video-preview:-1, max-image-preview:large, max-snippet:-1",True,PASS,True,11,11,11,PASS,0,ar,محول سم إلى تومر – أداة عبر الإنترنت لتحويل السنتيمتر إلى بوصة | مجانية ودقيقة,1,https://geekskai.com/og-images/cm-to-tommer-converter.jpg,https://geekskai.com/ar/blog/,SEO-05 | SEO-06 | SEO-12,FAIL,2026-10-09T01:58:51.603166+00:00,
URL-0133,https://geekskai.com/de/tools/cm-to-tommer-converter/,de,/tools/cm-to-tommer-converter/,indexable_self_canonical,200,200,https://geekskai.com/de/tools/cm-to-tommer-converter/,200,1,https://geekskai.com/de/tools/cm-to-tommer-converter/,PASS,"index, follow; index, follow, max-video-preview:-1, max-image-preview:large, max-snippet:-1",True,PASS,True,11,11,11,PASS,0,de,CM-zu-Tommer-Konverter – Zentimeter-zu-Zoll-Online-Tool | Kostenlos & genau,1,https://geekskai.com/og-images/cm-to-tommer-converter.jpg,https://geekskai.com/de/blog/,SEO-05 | SEO-06 | SEO-12,FAIL,2026-10-09T01:58:51.911349+00:00,
URL-0134,https://geekskai.com/fr/tools/cm-to-tommer-converter/,fr,/tools/cm-to-tommer-converter/,indexable_self_canonical,200,200,https://geekskai.com/fr/tools/cm-to-tommer-converter/,200,1,https://geekskai.com/fr/tools/cm-to-tommer-converter/,PASS,"index, follow; index, follow, max-video-preview:-1, max-image-preview:large, max-snippet:-1",True,PASS,True,11,11,11,PASS,0,fr,Convertisseur CM en Tommer – Outil en ligne centimètres‑pouces | Gratuit & précis,1,https://geekskai.com/og-images/cm-to-tommer-converter.jpg,https://geekskai.com/fr/blog/,SEO-05 | SEO-06 | SEO-12,FAIL,2026-10-09T01:58:52.751039+00:00,
URL-0135,https://geekskai.com/es/tools/cm-to-tommer-converter/,es,/tools/cm-to-tommer-converter/,indexable_self_canonical,200,200,https://geekskai.com/es/tools/cm-to-tommer-converter/,200,1,https://geekskai.com/es/tools/cm-to-tommer-converter/,PASS,"index, follow; index, follow, max-video-preview:-1, max-image-preview:large, max-snippet:-1",True,PASS,True,11,11,11,PASS,0,es,Convertidor de CM a Tommer – Herramienta en línea de centímetros a pulgadas | Gratis y preciso,1,https://geekskai.com/og-images/cm-to-tommer-converter.jpg,https://geekskai.com/es/blog/,SEO-05 | SEO-06 | SEO-12,FAIL,2026-10-09T01:58:53.328805+00:00,
URL-0136,https://geekskai.com/ja/tools/cm-to-tommer-converter/,ja,/tools/cm-to-tommer-converter/,indexable_self_canonical,200,200,https://geekskai.com/ja/tools/cm-to-tommer-converter/,200,1,https://geekskai.com/ja/tools/cm-to-tommer-converter/,PASS,"index, follow; index, follow, max-video-preview:-1, max-image-preview:large, max-snippet:-1",True,PASS,True,11,11,11,PASS,0,ja,CMからTommer変換器 – センチメートルからインチオンラインツール | 無料で正確,1,https://geekskai.com/og-images/cm-to-tommer-converter.jpg,https://geekskai.com/ja/blog/,SEO-05 | SEO-06,FAIL,2026-10-09T01:58:53.354883+00:00,
URL-0137,https://geekskai.com/ko/tools/cm-to-tommer-converter/,ko,/tools/cm-to-tommer-converter/,indexable_self_canonical,200,200,https://geekskai.com/ko/tools/cm-to-tommer-converter/,200,1,https://geekskai.com/ko/tools/cm-to-tommer-converter/,PASS,"index, follow; index, follow, max-video-preview:-1, max-image-preview:large, max-snippet:-1",True,PASS,True,11,11,11,PASS,0,ko,CM에서 Tommer 변환기 – 센티미터에서 인치 온라인 도구 | 무료 및 정확,1,https://geekskai.com/og-images/cm-to-tommer-converter.jpg,https://geekskai.com/ko/blog/,SEO-05 | SEO-06,FAIL,2026-10-09T01:58:54.172428+00:00,
URL-0138,https://geekskai.com/no/tools/cm-to-tommer-converter/,no,/tools/cm-to-tommer-converter/,indexable_self_canonical,200,200,https://geekskai.com/no/tools/cm-to-tommer-converter/,200,1,https://geekskai.com/no/tools/cm-to-tommer-converter/,PASS,"index, follow; index, follow, max-video-preview:-1, max-image-preview:large, max-snippet:-1",True,PASS,True,11,11,11,PASS,0,no,CM til Tommer Konverter – Centimeter til Tomme Online Verktøy | Gratis & Nøyaktig,1,https://geekskai.com/og-images/cm-to-tommer-converter.jpg,https://geekskai.com/no/blog/,SEO-05 | SEO-06,FAIL,2026-10-09T01:58:54.690817+00:00,
URL-0139,https://geekskai.com/zh-cn/tools/cm-to-tommer-converter/,zh-cn,/tools/cm-to-tommer-converter/,indexable_self_canonical,200,200,https://geekskai.com/zh-cn/tools/cm-to-tommer-converter/,200,1,https://geekskai.com/zh-cn/tools/cm-to-tommer-converter/,PASS,"index, follow; index, follow, max-video-preview:-1, max-image-preview:large, max-snippet:-1",True,PASS,True,11,11,11,PASS,0,zh-cn,厘米转Tommer转换器 – 厘米转英寸在线工具 | 免费精确,1,https://geekskai.com/og-images/cm-to-tommer-converter.jpg,https://geekskai.com/zh-cn/blog/,SEO-05 | SEO-06,FAIL,2026-10-09T01:58:54.614169+00:00,
URL-0140,https://geekskai.com/da/tools/cm-to-tommer-converter/,da,/tools/cm-to-tommer-converter/,indexable_self_canonical,200,200,https://geekskai.com/da/tools/cm-to-tommer-converter/,200,1,https://geekskai.com/da/tools/cm-to-tommer-converter/,PASS,"index, follow; index, follow, max-video-preview:-1, max-image-preview:large, max-snippet:-1",True,PASS,True,11,11,11,PASS,0,da,CM til Tommer Konverter – Centimeter til Tomme Online Værktøj | Gratis & Præcis,1,https://geekskai.com/og-images/cm-to-tommer-converter.jpg,https://geekskai.com/da/blog/,SEO-05 | SEO-06,FAIL,2026-10-09T01:58:55.620082+00:00,
URL-0141,https://geekskai.com/tools/convert-inches-to-decimal/,en,/tools/convert-inches-to-decimal/,indexable_self_canonical,200,200,https://geekskai.com/tools/convert-inches-to-decimal/,200,1,https://geekskai.com/tools/convert-inches-to-decimal/,PASS,"index, follow; index, follow, max-video-preview:-1, max-image-preview:large, max-snippet:-1",True,PASS,True,11,11,11,PASS,0,en,Convert Inches to Decimal - Free Fraction to Decimal Calculator Tool,1,https://geekskai.com/static/images/inches-to-decimal-converter-og.jpg | https://geekskai.com/static/images/inches-to-decimal-converter-twitter.jpg,,SEO-06,FAIL,2026-10-09T01:58:55.995612+00:00,
URL-0142,https://geekskai.com/ar/tools/convert-inches-to-decimal/,ar,/tools/convert-inches-to-decimal/,indexable_self_canonical,200,200,https://geekskai.com/ar/tools/convert-inches-to-decimal/,200,1,https://geekskai.com/ar/tools/convert-inches-to-decimal/,PASS,"index, follow; index, follow, max-video-preview:-1, max-image-preview:large, max-snippet:-1",True,PASS,True,11,11,11,PASS,0,ar,تحويل البوصات إلى عشري - أداة حاسبة مجانية لتحويل الكسور إلى عشري,1,https://geekskai.com/static/images/inches-to-decimal-converter-og.jpg | https://geekskai.com/static/images/inches-to-decimal-converter-twitter.jpg,https://geekskai.com/ar/blog/,SEO-05 | SEO-06 | SEO-12,FAIL,2026-10-09T01:58:56.286537+00:00,
URL-0143,https://geekskai.com/de/tools/convert-inches-to-decimal/,de,/tools/convert-inches-to-decimal/,indexable_self_canonical,200,200,https://geekskai.com/de/tools/convert-inches-to-decimal/,200,1,https://geekskai.com/de/tools/convert-inches-to-decimal/,PASS,"index, follow; index, follow, max-video-preview:-1, max-image-preview:large, max-snippet:-1",True,PASS,True,11,11,11,PASS,0,de,Zoll in Dezimal umrechnen – Kostenloser Bruch-zu-Dezimal-Rechner,1,https://geekskai.com/static/images/inches-to-decimal-converter-og.jpg | https://geekskai.com/static/images/inches-to-decimal-converter-twitter.jpg,https://geekskai.com/de/blog/,SEO-05 | SEO-06 | SEO-12,FAIL,2026-10-09T01:58:56.912625+00:00,
URL-0144,https://geekskai.com/fr/tools/convert-inches-to-decimal/,fr,/tools/convert-inches-to-decimal/,indexable_self_canonical,200,200,https://geekskai.com/fr/tools/convert-inches-to-decimal/,200,1,https://geekskai.com/fr/tools/convert-inches-to-decimal/,PASS,"index, follow; index, follow, max-video-preview:-1, max-image-preview:large, max-snippet:-1",True,PASS,True,11,11,11,PASS,0,fr,Convertir les pouces en décimal - Calculateur gratuit fraction en décimal,1,https://geekskai.com/static/images/inches-to-decimal-converter-og.jpg | https://geekskai.com/static/images/inches-to-decimal-converter-twitter.jpg,https://geekskai.com/fr/blog/,SEO-05 | SEO-06 | SEO-12,FAIL,2026-10-09T01:58:57.060384+00:00,
URL-0145,https://geekskai.com/es/tools/convert-inches-to-decimal/,es,/tools/convert-inches-to-decimal/,indexable_self_canonical,200,200,https://geekskai.com/es/tools/convert-inches-to-decimal/,200,1,https://geekskai.com/es/tools/convert-inches-to-decimal/,PASS,"index, follow; index, follow, max-video-preview:-1, max-image-preview:large, max-snippet:-1",True,PASS,True,11,11,11,PASS,0,es,Convertir pulgadas a decimales: herramienta gratuita de calculadora de fracciones a decimales,1,https://geekskai.com/static/images/inches-to-decimal-converter-og.jpg | https://geekskai.com/static/images/inches-to-decimal-converter-twitter.jpg,https://geekskai.com/es/blog/,SEO-05 | SEO-06 | SEO-12,FAIL,2026-10-09T01:58:58.005171+00:00,
URL-0146,https://geekskai.com/ja/tools/convert-inches-to-decimal/,ja,/tools/convert-inches-to-decimal/,indexable_self_canonical,200,200,https://geekskai.com/ja/tools/convert-inches-to-decimal/,200,1,https://geekskai.com/ja/tools/convert-inches-to-decimal/,PASS,"index, follow; index, follow, max-video-preview:-1, max-image-preview:large, max-snippet:-1",True,PASS,True,11,11,11,PASS,0,ja,インチを小数に変換 - 無料分数から小数計算機ツール,1,https://geekskai.com/static/images/inches-to-decimal-converter-og.jpg | https://geekskai.com/static/images/inches-to-decimal-converter-twitter.jpg,https://geekskai.com/ja/blog/,SEO-05 | SEO-06,FAIL,2026-10-09T01:58:58.434908+00:00,
URL-0147,https://geekskai.com/ko/tools/convert-inches-to-decimal/,ko,/tools/convert-inches-to-decimal/,indexable_self_canonical,200,200,https://geekskai.com/ko/tools/convert-inches-to-decimal/,200,1,https://geekskai.com/ko/tools/convert-inches-to-decimal/,PASS,"index, follow; index, follow, max-video-preview:-1, max-image-preview:large, max-snippet:-1",True,PASS,True,11,11,11,PASS,0,ko,인치를 소수로 변환 - 무료 분수에서 소수 계산기 도구,1,https://geekskai.com/static/images/inches-to-decimal-converter-og.jpg | https://geekskai.com/static/images/inches-to-decimal-converter-twitter.jpg,https://geekskai.com/ko/blog/,SEO-05 | SEO-06,FAIL,2026-10-09T01:58:58.504522+00:00,
URL-0148,https://geekskai.com/no/tools/convert-inches-to-decimal/,no,/tools/convert-inches-to-decimal/,indexable_self_canonical,200,200,https://geekskai.com/no/tools/convert-inches-to-decimal/,200,1,https://geekskai.com/no/tools/convert-inches-to-decimal/,PASS,"index, follow; index, follow, max-video-preview:-1, max-image-preview:large, max-snippet:-1",True,PASS,True,11,11,11,PASS,0,no,Konverter Tommer til Desimal - Gratis Brøk til Desimal Kalkulator Verktøy,1,https://geekskai.com/static/images/inches-to-decimal-converter-og.jpg | https://geekskai.com/static/images/inches-to-decimal-converter-twitter.jpg,https://geekskai.com/no/blog/,SEO-05 | SEO-06,FAIL,2026-10-09T01:58:59.394971+00:00,
URL-0149,https://geekskai.com/zh-cn/tools/convert-inches-to-decimal/,zh-cn,/tools/convert-inches-to-decimal/,indexable_self_canonical,200,200,https://geekskai.com/zh-cn/tools/convert-inches-to-decimal/,200,1,https://geekskai.com/zh-cn/tools/convert-inches-to-decimal/,PASS,"index, follow; index, follow, max-video-preview:-1, max-image-preview:large, max-snippet:-1",True,PASS,True,11,11,11,PASS,0,zh-cn,英寸转小数 - 免费分数转小数计算器工具,1,https://geekskai.com/static/images/inches-to-decimal-converter-og.jpg | https://geekskai.com/static/images/inches-to-decimal-converter-twitter.jpg,https://geekskai.com/zh-cn/blog/,SEO-05 | SEO-06,FAIL,2026-10-09T01:58:59.591214+00:00,
URL-0150,https://geekskai.com/da/tools/convert-inches-to-decimal/,da,/tools/convert-inches-to-decimal/,indexable_self_canonical,200,200,https://geekskai.com/da/tools/convert-inches-to-decimal/,200,1,https://geekskai.com/da/tools/convert-inches-to-decimal/,PASS,"index, follow; index, follow, max-video-preview:-1, max-image-preview:large, max-snippet:-1",True,PASS,True,11,11,11,PASS,0,da,Konverter Tommer til Decimal - Gratis Brøk til Decimal Lommeregner Værktøj,1,https://geekskai.com/static/images/inches-to-decimal-converter-og.jpg | https://geekskai.com/static/images/inches-to-decimal-converter-twitter.jpg,https://geekskai.com/da/blog/,SEO-05 | SEO-06,FAIL,2026-10-09T01:58:59.764333+00:00,
URL-0151,https://geekskai.com/tools/cursed-text-generator/,en,/tools/cursed-text-generator/,indexable_self_canonical,200,200,https://geekskai.com/tools/cursed-text-generator/,200,1,https://geekskai.com/tools/cursed-text-generator/,PASS,"index, follow; index, follow, max-video-preview:-1, max-image-preview:large, max-snippet:-1",True,PASS,True,11,11,11,FAIL,12,en,Cursed Text Generator (2026) - Corrupted and Glitch Unicode Text,1,,,SEO-02,FAIL,2026-10-09T01:59:01.274459+00:00,
URL-0152,https://geekskai.com/ar/tools/cursed-text-generator/,ar,/tools/cursed-text-generator/,indexable_self_canonical,200,200,https://geekskai.com/ar/tools/cursed-text-generator/,200,1,https://geekskai.com/ar/tools/cursed-text-generator/,PASS,"index, follow; index, follow, max-video-preview:-1, max-image-preview:large, max-snippet:-1",True,PASS,True,11,11,11,FAIL,1,ar,مولد النص الملعون (2026) - نص يونيكود تالف ومشوه,1,,https://geekskai.com/ar/blog/,SEO-02 | SEO-05 | SEO-12,FAIL,2026-10-09T01:59:01.676068+00:00,
URL-0153,https://geekskai.com/de/tools/cursed-text-generator/,de,/tools/cursed-text-generator/,indexable_self_canonical,200,200,https://geekskai.com/de/tools/cursed-text-generator/,200,1,https://geekskai.com/de/tools/cursed-text-generator/,PASS,"index, follow; index, follow, max-video-preview:-1, max-image-preview:large, max-snippet:-1",True,PASS,True,11,11,11,FAIL,1,de,Verfluchter Text Generator (2026) - Beschädigter und Glitch-Unicode-Text,1,,https://geekskai.com/de/blog/,SEO-02 | SEO-05 | SEO-12,FAIL,2026-10-09T01:59:01.257742+00:00,
URL-0154,https://geekskai.com/fr/tools/cursed-text-generator/,fr,/tools/cursed-text-generator/,indexable_self_canonical,200,200,https://geekskai.com/fr/tools/cursed-text-generator/,200,1,https://geekskai.com/fr/tools/cursed-text-generator/,PASS,"index, follow; index, follow, max-video-preview:-1, max-image-preview:large, max-snippet:-1",True,PASS,True,11,11,11,FAIL,1,fr,Générateur de Texte Maudit (2026) - Texte Unicode Corrompu et Glitch,1,,https://geekskai.com/fr/blog/,SEO-02 | SEO-05 | SEO-12,FAIL,2026-10-09T01:59:02.715860+00:00,
URL-0155,https://geekskai.com/es/tools/cursed-text-generator/,es,/tools/cursed-text-generator/,indexable_self_canonical,200,200,https://geekskai.com/es/tools/cursed-text-generator/,200,1,https://geekskai.com/es/tools/cursed-text-generator/,PASS,"index, follow; index, follow, max-video-preview:-1, max-image-preview:large, max-snippet:-1",True,PASS,True,11,11,11,FAIL,1,es,Generador de Texto Maldito (2026) - Texto Unicode Corrupto y Glitch,1,,https://geekskai.com/es/blog/,SEO-02 | SEO-05 | SEO-12,FAIL,2026-10-09T01:59:03.139512+00:00,
URL-0156,https://geekskai.com/ja/tools/cursed-text-generator/,ja,/tools/cursed-text-generator/,indexable_self_canonical,200,200,https://geekskai.com/ja/tools/cursed-text-generator/,200,1,https://geekskai.com/ja/tools/cursed-text-generator/,PASS,"index, follow; index, follow, max-video-preview:-1, max-image-preview:large, max-snippet:-1",True,PASS,True,11,11,11,FAIL,1,ja,Cursed Text Generator (2026) - Corrupted and Glitch Unicode Text,1,,https://geekskai.com/ja/blog/,SEO-02 | SEO-05 | SEO-09,FAIL,2026-10-09T01:59:03.225258+00:00,
URL-0157,https://geekskai.com/ko/tools/cursed-text-generator/,ko,/tools/cursed-text-generator/,indexable_self_canonical,200,200,https://geekskai.com/ko/tools/cursed-text-generator/,200,1,https://geekskai.com/ko/tools/cursed-text-generator/,PASS,"index, follow; index, follow, max-video-preview:-1, max-image-preview:large, max-snippet:-1",True,PASS,True,11,11,11,FAIL,1,ko,저주 텍스트 생성기 (2026) - 손상 및 글리치 유니코드 텍스트,1,,https://geekskai.com/ko/blog/,SEO-02 | SEO-05,FAIL,2026-10-09T01:59:03.617717+00:00,
URL-0158,https://geekskai.com/no/tools/cursed-text-generator/,no,/tools/cursed-text-generator/,indexable_self_canonical,200,200,https://geekskai.com/no/tools/cursed-text-generator/,200,1,https://geekskai.com/no/tools/cursed-text-generator/,PASS,"index, follow; index, follow, max-video-preview:-1, max-image-preview:large, max-snippet:-1",True,PASS,True,11,11,11,FAIL,1,no,Forbannet Tekstgenerator (2026) - Korrupt og Glitch Unicode-tekst,1,,https://geekskai.com/no/blog/,SEO-02 | SEO-05,FAIL,2026-10-09T01:59:05.032111+00:00,
URL-0159,https://geekskai.com/zh-cn/tools/cursed-text-generator/,zh-cn,/tools/cursed-text-generator/,indexable_self_canonical,200,200,https://geekskai.com/zh-cn/tools/cursed-text-generator/,200,1,https://geekskai.com/zh-cn/tools/cursed-text-generator/,PASS,"index, follow; index, follow, max-video-preview:-1, max-image-preview:large, max-snippet:-1",True,PASS,True,11,11,11,FAIL,1,zh-cn,诅咒文本生成器 (2026) - 损坏和故障 Unicode 文本,1,,https://geekskai.com/zh-cn/blog/,SEO-02 | SEO-05,FAIL,2026-10-09T01:59:04.129599+00:00,
URL-0160,https://geekskai.com/da/tools/cursed-text-generator/,da,/tools/cursed-text-generator/,indexable_self_canonical,200,200,https://geekskai.com/da/tools/cursed-text-generator/,200,1,https://geekskai.com/da/tools/cursed-text-generator/,PASS,"index, follow; index, follow, max-video-preview:-1, max-image-preview:large, max-snippet:-1",True,PASS,True,11,11,11,FAIL,1,da,Forbandet Tekstgenerator (2026) - Korrupt og Glitch Unicode-tekst,1,,https://geekskai.com/da/blog/,SEO-02 | SEO-05,FAIL,2026-10-09T01:59:05.092445+00:00,
URL-0161,https://geekskai.com/tools/discord-font-generator/,en,/tools/discord-font-generator/,indexable_self_canonical,200,200,https://geekskai.com/tools/discord-font-generator/,200,1,https://geekskai.com/tools/discord-font-generator/,PASS,"index, follow; index, follow, max-video-preview:-1, max-image-preview:large, max-snippet:-1",True,PASS,True,11,11,11,FAIL,12,en,Discord Font Generator (2026) - Copy and Paste Stylish Discord Text,1,,,SEO-02,FAIL,2026-10-09T01:59:05.590937+00:00,
URL-0162,https://geekskai.com/ar/tools/discord-font-generator/,ar,/tools/discord-font-generator/,indexable_self_canonical,200,200,https://geekskai.com/ar/tools/discord-font-generator/,200,1,https://geekskai.com/ar/tools/discord-font-generator/,PASS,"index, follow; index, follow, max-video-preview:-1, max-image-preview:large, max-snippet:-1",True,PASS,True,11,11,11,FAIL,1,ar,مولد خطوط ديسكورد (2026) - نسخ ولصق نص ديسكورد أنيق,1,,https://geekskai.com/ar/blog/,SEO-02 | SEO-05 | SEO-12,FAIL,2026-10-09T01:59:06.555259+00:00,
URL-0163,https://geekskai.com/de/tools/discord-font-generator/,de,/tools/discord-font-generator/,indexable_self_canonical,200,200,https://geekskai.com/de/tools/discord-font-generator/,200,1,https://geekskai.com/de/tools/discord-font-generator/,PASS,"index, follow; index, follow, max-video-preview:-1, max-image-preview:large, max-snippet:-1",True,PASS,True,11,11,11,FAIL,1,de,Discord Font Generator (2026) - Stylischen Discord-Text kopieren und einfügen,1,,https://geekskai.com/de/blog/,SEO-02 | SEO-05 | SEO-12,FAIL,2026-10-09T01:59:06.477353+00:00,
URL-0164,https://geekskai.com/fr/tools/discord-font-generator/,fr,/tools/discord-font-generator/,indexable_self_canonical,200,200,https://geekskai.com/fr/tools/discord-font-generator/,200,1,https://geekskai.com/fr/tools/discord-font-generator/,PASS,"index, follow; index, follow, max-video-preview:-1, max-image-preview:large, max-snippet:-1",True,PASS,True,11,11,11,FAIL,1,fr,Générateur de polices pour Discord (2026) - Copier et coller du texte élégant pour Discord,1,,https://geekskai.com/fr/blog/,SEO-02 | SEO-05 | SEO-12,FAIL,2026-10-09T01:59:06.883834+00:00,
URL-0165,https://geekskai.com/es/tools/discord-font-generator/,es,/tools/discord-font-generator/,indexable_self_canonical,200,200,https://geekskai.com/es/tools/discord-font-generator/,200,1,https://geekskai.com/es/tools/discord-font-generator/,PASS,"index, follow; index, follow, max-video-preview:-1, max-image-preview:large, max-snippet:-1",True,PASS,True,11,11,11,FAIL,1,es,Generador de fuentes para Discord (2026) - Copiar y pegar texto elegante para Discord,1,,https://geekskai.com/es/blog/,SEO-02 | SEO-05 | SEO-12,FAIL,2026-10-09T01:59:08.243074+00:00,
URL-0166,https://geekskai.com/ja/tools/discord-font-generator/,ja,/tools/discord-font-generator/,indexable_self_canonical,200,200,https://geekskai.com/ja/tools/discord-font-generator/,200,1,https://geekskai.com/ja/tools/discord-font-generator/,PASS,"index, follow; index, follow, max-video-preview:-1, max-image-preview:large, max-snippet:-1",True,PASS,True,11,11,11,FAIL,1,ja,Discord フォントジェネレーター (2026) - おしゃれな Discord テキストをコピー & ペースト,1,,https://geekskai.com/ja/blog/,SEO-02 | SEO-05,FAIL,2026-10-09T01:59:07.761574+00:00,
URL-0167,https://geekskai.com/ko/tools/discord-font-generator/,ko,/tools/discord-font-generator/,indexable_self_canonical,200,200,https://geekskai.com/ko/tools/discord-font-generator/,200,1,https://geekskai.com/ko/tools/discord-font-generator/,PASS,"index, follow; index, follow, max-video-preview:-1, max-image-preview:large, max-snippet:-1",True,PASS,True,11,11,11,FAIL,1,ko,디스코드 폰트 생성기 (2026) - 세련된 디스코드 텍스트 복사 및 붙여넣기,1,,https://geekskai.com/ko/blog/,SEO-02 | SEO-05,FAIL,2026-10-09T01:59:08.135687+00:00,
URL-0168,https://geekskai.com/no/tools/discord-font-generator/,no,/tools/discord-font-generator/,indexable_self_canonical,200,200,https://geekskai.com/no/tools/discord-font-generator/,200,1,https://geekskai.com/no/tools/discord-font-generator/,PASS,"index, follow; index, follow, max-video-preview:-1, max-image-preview:large, max-snippet:-1",True,PASS,True,11,11,11,FAIL,1,no,Discord Font Generator (2026) - Kopier og lim inn stilig Discord-tekst,1,,https://geekskai.com/no/blog/,SEO-02 | SEO-05,FAIL,2026-10-09T01:59:09.269291+00:00,
URL-0169,https://geekskai.com/zh-cn/tools/discord-font-generator/,zh-cn,/tools/discord-font-generator/,indexable_self_canonical,200,200,https://geekskai.com/zh-cn/tools/discord-font-generator/,200,1,https://geekskai.com/zh-cn/tools/discord-font-generator/,PASS,"index, follow; index, follow, max-video-preview:-1, max-image-preview:large, max-snippet:-1",True,PASS,True,11,11,11,FAIL,1,zh-cn,Discord 字体生成器 (2026) - 复制并粘贴时尚的 Discord 文本,1,,https://geekskai.com/zh-cn/blog/,SEO-02 | SEO-05,FAIL,2026-10-09T01:59:09.513768+00:00,
URL-0170,https://geekskai.com/da/tools/discord-font-generator/,da,/tools/discord-font-generator/,indexable_self_canonical,200,200,https://geekskai.com/da/tools/discord-font-generator/,200,1,https://geekskai.com/da/tools/discord-font-generator/,PASS,"index, follow; index, follow, max-video-preview:-1, max-image-preview:large, max-snippet:-1",True,PASS,True,11,11,11,FAIL,1,da,Discord Font Generator (2026) - Kopier og indsæt stilfuld Discord-tekst,1,,https://geekskai.com/da/blog/,SEO-02 | SEO-05,FAIL,2026-10-09T01:59:09.575375+00:00,
URL-0171,https://geekskai.com/tools/discord-time-converter/,en,/tools/discord-time-converter/,indexable_self_canonical,200,200,https://geekskai.com/tools/discord-time-converter/,200,1,https://geekskai.com/tools/discord-time-converter/,PASS,"index, follow; index, follow, max-video-preview:-1, max-image-preview:large, max-snippet:-1",True,PASS,True,11,11,11,PASS,0,en,Discord Time Zone Converter & Timestamp Decoder,1,,,,PASS,2026-10-09T01:59:10.180178+00:00,
URL-0172,https://geekskai.com/ar/tools/discord-time-converter/,ar,/tools/discord-time-converter/,indexable_self_canonical,200,200,https://geekskai.com/ar/tools/discord-time-converter/,200,1,https://geekskai.com/ar/tools/discord-time-converter/,PASS,"index, follow; index, follow, max-video-preview:-1, max-image-preview:large, max-snippet:-1",True,PASS,True,11,11,11,PASS,0,ar,محول المنطقة الزمنية في ديسكورد - أداة مجانية لإنشاء الوقت والطابع الزمني في ديسكورد,1,,https://geekskai.com/ar/blog/,SEO-05 | SEO-12,FAIL,2026-10-09T01:59:10.904682+00:00,
URL-0173,https://geekskai.com/de/tools/discord-time-converter/,de,/tools/discord-time-converter/,indexable_self_canonical,200,200,https://geekskai.com/de/tools/discord-time-converter/,200,1,https://geekskai.com/de/tools/discord-time-converter/,PASS,"index, follow; index, follow, max-video-preview:-1, max-image-preview:large, max-snippet:-1",True,PASS,True,11,11,11,PASS,0,de,Discord-Zeitzonen-Konverter – Kostenloses Discord-Zeit- & Timestamp-Tool,1,,https://geekskai.com/de/blog/,SEO-05 | SEO-12,FAIL,2026-10-09T01:59:10.562869+00:00,
URL-0174,https://geekskai.com/fr/tools/discord-time-converter/,fr,/tools/discord-time-converter/,indexable_self_canonical,200,200,https://geekskai.com/fr/tools/discord-time-converter/,200,1,https://geekskai.com/fr/tools/discord-time-converter/,PASS,"index, follow; index, follow, max-video-preview:-1, max-image-preview:large, max-snippet:-1",True,PASS,True,11,11,11,PASS,0,fr,Convertisseur de fuseaux horaires Discord - Outil gratuit d’heure et d’horodatage,1,,https://geekskai.com/fr/blog/,SEO-05 | SEO-12,FAIL,2026-10-09T01:59:11.300743+00:00,
URL-0175,https://geekskai.com/es/tools/discord-time-converter/,es,/tools/discord-time-converter/,indexable_self_canonical,200,200,https://geekskai.com/es/tools/discord-time-converter/,200,1,https://geekskai.com/es/tools/discord-time-converter/,PASS,"index, follow; index, follow, max-video-preview:-1, max-image-preview:large, max-snippet:-1",True,PASS,True,11,11,11,PASS,0,es,Discord Timezone Converter - Herramienta gratuita para generar tiempos y marcas de tiempo de Discord,1,,https://geekskai.com/es/blog/,SEO-05 | SEO-12,FAIL,2026-10-09T01:59:12.159530+00:00,
URL-0176,https://geekskai.com/ja/tools/discord-time-converter/,ja,/tools/discord-time-converter/,indexable_self_canonical,200,200,https://geekskai.com/ja/tools/discord-time-converter/,200,1,https://geekskai.com/ja/tools/discord-time-converter/,PASS,"index, follow; index, follow, max-video-preview:-1, max-image-preview:large, max-snippet:-1",True,PASS,True,11,11,11,PASS,0,ja,Discord タイムゾーン変換器 - 無料 Discord タイムスタンプ生成ツール,1,,https://geekskai.com/ja/blog/,SEO-05,FAIL,2026-10-09T01:59:12.449408+00:00,
URL-0177,https://geekskai.com/ko/tools/discord-time-converter/,ko,/tools/discord-time-converter/,indexable_self_canonical,200,200,https://geekskai.com/ko/tools/discord-time-converter/,200,1,https://geekskai.com/ko/tools/discord-time-converter/,PASS,"index, follow; index, follow, max-video-preview:-1, max-image-preview:large, max-snippet:-1",True,PASS,True,11,11,11,PASS,0,ko,Discord 시간대 변환기 - 무료 Discord 타임스탬프 생성 도구,1,,https://geekskai.com/ko/blog/,SEO-05,FAIL,2026-10-09T01:59:12.588319+00:00,
URL-0178,https://geekskai.com/no/tools/discord-time-converter/,no,/tools/discord-time-converter/,indexable_self_canonical,200,200,https://geekskai.com/no/tools/discord-time-converter/,200,1,https://geekskai.com/no/tools/discord-time-converter/,PASS,"index, follow; index, follow, max-video-preview:-1, max-image-preview:large, max-snippet:-1",True,PASS,True,11,11,11,PASS,0,no,Discord Tidssone Konverter - Gratis Discord Tidsstempel Generator Verktøy,1,,https://geekskai.com/no/blog/,SEO-05,FAIL,2026-10-09T01:59:13.582955+00:00,
URL-0179,https://geekskai.com/zh-cn/tools/discord-time-converter/,zh-cn,/tools/discord-time-converter/,indexable_self_canonical,200,200,https://geekskai.com/zh-cn/tools/discord-time-converter/,200,1,https://geekskai.com/zh-cn/tools/discord-time-converter/,PASS,"index, follow; index, follow, max-video-preview:-1, max-image-preview:large, max-snippet:-1",True,PASS,True,11,11,11,PASS,0,zh-cn,Discord 时区转换器 - 免费 Discord 时间戳生成工具,1,,https://geekskai.com/zh-cn/blog/,SEO-05,FAIL,2026-10-09T01:59:13.599340+00:00,
URL-0180,https://geekskai.com/da/tools/discord-time-converter/,da,/tools/discord-time-converter/,indexable_self_canonical,200,200,https://geekskai.com/da/tools/discord-time-converter/,200,1,https://geekskai.com/da/tools/discord-time-converter/,PASS,"index, follow; index, follow, max-video-preview:-1, max-image-preview:large, max-snippet:-1",True,PASS,True,11,11,11,PASS,0,da,Discord Tidszone Konverter - Gratis Discord Tidsstempel Generator Værktøj,1,,https://geekskai.com/da/blog/,SEO-05,FAIL,2026-10-09T01:59:15.321972+00:00,
URL-0181,https://geekskai.com/tools/discord-timestamp-generator/,en,/tools/discord-timestamp-generator/,indexable_self_canonical,200,200,https://geekskai.com/tools/discord-timestamp-generator/,200,1,https://geekskai.com/tools/discord-timestamp-generator/,PASS,"index, follow; index, follow, max-video-preview:-1, max-image-preview:large, max-snippet:-1",True,PASS,True,11,11,11,PASS,0,en,Discord Timestamp Generator for Events & Countdowns,1,,,,PASS,2026-10-09T01:59:15.083997+00:00,
URL-0182,https://geekskai.com/ar/tools/discord-timestamp-generator/,ar,/tools/discord-timestamp-generator/,indexable_self_canonical,200,200,https://geekskai.com/ar/tools/discord-timestamp-generator/,200,1,https://geekskai.com/ar/tools/discord-timestamp-generator/,PASS,"index, follow; index, follow, max-video-preview:-1, max-image-preview:large, max-snippet:-1",True,PASS,True,11,11,11,PASS,0,ar,مولد الطابع الزمني في Discord - أنشئ طوابع زمنية ديناميكية في Discord | أداة مجانية,1,,https://geekskai.com/ar/blog/,SEO-05 | SEO-12,FAIL,2026-10-09T01:59:15.360315+00:00,
URL-0183,https://geekskai.com/de/tools/discord-timestamp-generator/,de,/tools/discord-timestamp-generator/,indexable_self_canonical,200,200,https://geekskai.com/de/tools/discord-timestamp-generator/,200,1,https://geekskai.com/de/tools/discord-timestamp-generator/,PASS,"index, follow; index, follow, max-video-preview:-1, max-image-preview:large, max-snippet:-1",True,PASS,True,11,11,11,PASS,0,de,Discord-Timestamp-Generator – Dynamische Discord-Timestamps erstellen | Kostenloses Tool,1,,https://geekskai.com/de/blog/,SEO-05 | SEO-12,FAIL,2026-10-09T01:59:16.229732+00:00,
URL-0184,https://geekskai.com/fr/tools/discord-timestamp-generator/,fr,/tools/discord-timestamp-generator/,indexable_self_canonical,200,200,https://geekskai.com/fr/tools/discord-timestamp-generator/,200,1,https://geekskai.com/fr/tools/discord-timestamp-generator/,PASS,"index, follow; index, follow, max-video-preview:-1, max-image-preview:large, max-snippet:-1",True,PASS,True,11,11,11,PASS,0,fr,Générateur d’horodatages Discord - Créez des horodatages dynamiques | Outil gratuit,1,,https://geekskai.com/fr/blog/,SEO-05 | SEO-12,FAIL,2026-10-09T01:59:15.992478+00:00,
URL-0185,https://geekskai.com/es/tools/discord-timestamp-generator/,es,/tools/discord-timestamp-generator/,indexable_self_canonical,200,200,https://geekskai.com/es/tools/discord-timestamp-generator/,200,1,https://geekskai.com/es/tools/discord-timestamp-generator/,PASS,"index, follow; index, follow, max-video-preview:-1, max-image-preview:large, max-snippet:-1",True,PASS,True,11,11,11,PASS,0,es,Generador de marcas de tiempo de Discord: cree marcas de tiempo de discordia dinámicas | Herramienta gratuita,1,,https://geekskai.com/es/blog/,SEO-05 | SEO-12,FAIL,2026-10-09T01:59:16.651035+00:00,
URL-0186,https://geekskai.com/ja/tools/discord-timestamp-generator/,ja,/tools/discord-timestamp-generator/,indexable_self_canonical,200,200,https://geekskai.com/ja/tools/discord-timestamp-generator/,200,1,https://geekskai.com/ja/tools/discord-timestamp-generator/,PASS,"index, follow; index, follow, max-video-preview:-1, max-image-preview:large, max-snippet:-1",True,PASS,True,11,11,11,PASS,0,ja,Discord タイムスタンプジェネレーター - 動的 Discord タイムスタンプを作成 | 無料ツール,1,,https://geekskai.com/ja/blog/,SEO-05,FAIL,2026-10-09T01:59:17.461112+00:00,
URL-0187,https://geekskai.com/ko/tools/discord-timestamp-generator/,ko,/tools/discord-timestamp-generator/,indexable_self_canonical,200,200,https://geekskai.com/ko/tools/discord-timestamp-generator/,200,1,https://geekskai.com/ko/tools/discord-timestamp-generator/,PASS,"index, follow; index, follow, max-video-preview:-1, max-image-preview:large, max-snippet:-1",True,PASS,True,11,11,11,PASS,0,ko,Discord 타임스탬프 생성기 - 동적 Discord 타임스탬프 생성 | 무료 도구,1,,https://geekskai.com/ko/blog/,SEO-05,FAIL,2026-10-09T01:59:17.409864+00:00,
URL-0188,https://geekskai.com/no/tools/discord-timestamp-generator/,no,/tools/discord-timestamp-generator/,indexable_self_canonical,200,200,https://geekskai.com/no/tools/discord-timestamp-generator/,200,1,https://geekskai.com/no/tools/discord-timestamp-generator/,PASS,"index, follow; index, follow, max-video-preview:-1, max-image-preview:large, max-snippet:-1",True,PASS,True,11,11,11,PASS,0,no,Discord Tidsstempel Generator - Lag Dynamiske Discord Tidsstempler | Gratis Verktøy,1,,https://geekskai.com/no/blog/,SEO-05,FAIL,2026-10-09T01:59:17.853451+00:00,
URL-0189,https://geekskai.com/zh-cn/tools/discord-timestamp-generator/,zh-cn,/tools/discord-timestamp-generator/,indexable_self_canonical,200,200,https://geekskai.com/zh-cn/tools/discord-timestamp-generator/,200,1,https://geekskai.com/zh-cn/tools/discord-timestamp-generator/,PASS,"index, follow; index, follow, max-video-preview:-1, max-image-preview:large, max-snippet:-1",True,PASS,True,11,11,11,PASS,0,zh-cn,Discord 时间戳生成器 - 创建动态 Discord 时间戳 | 免费工具,1,,https://geekskai.com/zh-cn/blog/,SEO-05,FAIL,2026-10-09T01:59:19.138499+00:00,
URL-0190,https://geekskai.com/da/tools/discord-timestamp-generator/,da,/tools/discord-timestamp-generator/,indexable_self_canonical,200,200,https://geekskai.com/da/tools/discord-timestamp-generator/,200,1,https://geekskai.com/da/tools/discord-timestamp-generator/,PASS,"index, follow; index, follow, max-video-preview:-1, max-image-preview:large, max-snippet:-1",True,PASS,True,11,11,11,PASS,0,da,Discord Tidsstempel Generator - Opret Dynamiske Discord Tidsstempler | Gratis Værktøj,1,,https://geekskai.com/da/blog/,SEO-05,FAIL,2026-10-09T01:59:19.126531+00:00,
URL-0191,https://geekskai.com/tools/fancy-text-generator/,en,/tools/fancy-text-generator/,indexable_self_canonical,200,200,https://geekskai.com/tools/fancy-text-generator/,200,1,https://geekskai.com/tools/fancy-text-generator/,PASS,"index, follow; index, follow, max-video-preview:-1, max-image-preview:large, max-snippet:-1",True,PASS,True,11,11,11,FAIL,12,en,Fancy Text Generator (2026) - Copy and Paste Unicode Fonts,1,,,SEO-02,FAIL,2026-10-09T01:59:19.160130+00:00,
URL-0192,https://geekskai.com/ar/tools/fancy-text-generator/,ar,/tools/fancy-text-generator/,indexable_self_canonical,200,200,https://geekskai.com/ar/tools/fancy-text-generator/,200,1,https://geekskai.com/ar/tools/fancy-text-generator/,PASS,"index, follow; index, follow, max-video-preview:-1, max-image-preview:large, max-snippet:-1",True,PASS,True,11,11,11,FAIL,1,ar,مولد نصوص زخرفية (2026) - نسخ ولصق خطوط يونيكود,1,,https://geekskai.com/ar/blog/,SEO-02 | SEO-05 | SEO-12,FAIL,2026-10-09T01:59:20.598423+00:00,
URL-0193,https://geekskai.com/de/tools/fancy-text-generator/,de,/tools/fancy-text-generator/,indexable_self_canonical,200,200,https://geekskai.com/de/tools/fancy-text-generator/,200,1,https://geekskai.com/de/tools/fancy-text-generator/,PASS,"index, follow; index, follow, max-video-preview:-1, max-image-preview:large, max-snippet:-1",True,PASS,True,11,11,11,FAIL,1,de,Schriftarten-Generator (2026) - Unicode-Schriften kopieren und einfügen,1,,https://geekskai.com/de/blog/,SEO-02 | SEO-05 | SEO-12,FAIL,2026-10-09T01:59:19.693963+00:00,
URL-0194,https://geekskai.com/fr/tools/fancy-text-generator/,fr,/tools/fancy-text-generator/,indexable_self_canonical,200,200,https://geekskai.com/fr/tools/fancy-text-generator/,200,1,https://geekskai.com/fr/tools/fancy-text-generator/,PASS,"index, follow; index, follow, max-video-preview:-1, max-image-preview:large, max-snippet:-1",True,PASS,True,11,11,11,FAIL,1,fr,Générateur de polices stylées (2026) - Copier et coller des polices Unicode,1,,https://geekskai.com/fr/blog/,SEO-02 | SEO-05 | SEO-12,FAIL,2026-10-09T01:59:20.569233+00:00,
URL-0195,https://geekskai.com/es/tools/fancy-text-generator/,es,/tools/fancy-text-generator/,indexable_self_canonical,200,200,https://geekskai.com/es/tools/fancy-text-generator/,200,1,https://geekskai.com/es/tools/fancy-text-generator/,PASS,"index, follow; index, follow, max-video-preview:-1, max-image-preview:large, max-snippet:-1",True,PASS,True,11,11,11,FAIL,1,es,Generador de letras personalizadas (2026) - Copiar y pegar fuentes Unicode,1,,https://geekskai.com/es/blog/,SEO-02 | SEO-05 | SEO-12,FAIL,2026-10-09T01:59:20.945754+00:00,
URL-0196,https://geekskai.com/ja/tools/fancy-text-generator/,ja,/tools/fancy-text-generator/,indexable_self_canonical,200,200,https://geekskai.com/ja/tools/fancy-text-generator/,200,1,https://geekskai.com/ja/tools/fancy-text-generator/,PASS,"index, follow; index, follow, max-video-preview:-1, max-image-preview:large, max-snippet:-1",True,PASS,True,11,11,11,FAIL,1,ja,おしゃれ文字作成器 (2026) - Unicodeフォントをコピー＆ペースト,1,,https://geekskai.com/ja/blog/,SEO-02 | SEO-05,FAIL,2026-10-09T01:59:21.524687+00:00,
URL-0197,https://geekskai.com/ko/tools/fancy-text-generator/,ko,/tools/fancy-text-generator/,indexable_self_canonical,200,200,https://geekskai.com/ko/tools/fancy-text-generator/,200,1,https://geekskai.com/ko/tools/fancy-text-generator/,PASS,"index, follow; index, follow, max-video-preview:-1, max-image-preview:large, max-snippet:-1",True,PASS,True,11,11,11,FAIL,1,ko,멋진 글씨체 생성기 (2026) - Unicode 폰트 복사 및 붙여넣기,1,,https://geekskai.com/ko/blog/,SEO-02 | SEO-05,FAIL,2026-10-09T01:59:22.256947+00:00,
URL-0198,https://geekskai.com/no/tools/fancy-text-generator/,no,/tools/fancy-text-generator/,indexable_self_canonical,200,200,https://geekskai.com/no/tools/fancy-text-generator/,200,1,https://geekskai.com/no/tools/fancy-text-generator/,PASS,"index, follow; index, follow, max-video-preview:-1, max-image-preview:large, max-snippet:-1",True,PASS,True,11,11,11,FAIL,1,no,Fancy Text Generator (2026) - Kopier og lim inn Unicode-fonter,1,,https://geekskai.com/no/blog/,SEO-02 | SEO-05,FAIL,2026-10-09T01:59:22.279424+00:00,
URL-0199,https://geekskai.com/zh-cn/tools/fancy-text-generator/,zh-cn,/tools/fancy-text-generator/,indexable_self_canonical,200,200,https://geekskai.com/zh-cn/tools/fancy-text-generator/,200,1,https://geekskai.com/zh-cn/tools/fancy-text-generator/,PASS,"index, follow; index, follow, max-video-preview:-1, max-image-preview:large, max-snippet:-1",True,PASS,True,11,11,11,FAIL,1,zh-cn,花式字体生成器 (2026) - 复制粘贴 Unicode 字体,1,,https://geekskai.com/zh-cn/blog/,SEO-02 | SEO-05,FAIL,2026-10-09T01:59:22.700274+00:00,
URL-0200,https://geekskai.com/da/tools/fancy-text-generator/,da,/tools/fancy-text-generator/,indexable_self_canonical,200,200,https://geekskai.com/da/tools/fancy-text-generator/,200,1,https://geekskai.com/da/tools/fancy-text-generator/,PASS,"index, follow; index, follow, max-video-preview:-1, max-image-preview:large, max-snippet:-1",True,PASS,True,11,11,11,FAIL,1,da,Fancy Text Generator (2026) - Kopier og indsæt Unicode-skrifttyper,1,,https://geekskai.com/da/blog/,SEO-02 | SEO-05,FAIL,2026-10-09T01:59:23.537821+00:00,
URL-0201,https://geekskai.com/tools/heic-to-pdf/,en,/tools/heic-to-pdf/,indexable_self_canonical,200,200,https://geekskai.com/tools/heic-to-pdf/,200,1,https://geekskai.com/tools/heic-to-pdf/,PASS,"index, follow; index, follow, max-video-preview:-1, max-image-preview:large, max-snippet:-1",True,PASS,True,11,11,11,PASS,0,en,HEIC to PDF Converter - Free Online Tool,1,https://geekskai.com/static/images/heic-to-pdf.png,,SEO-06,FAIL,2026-10-09T01:59:23.375138+00:00,
URL-0202,https://geekskai.com/ar/tools/heic-to-pdf/,ar,/tools/heic-to-pdf/,indexable_self_canonical,200,200,https://geekskai.com/ar/tools/heic-to-pdf/,200,1,https://geekskai.com/ar/tools/heic-to-pdf/,PASS,"index, follow; index, follow, max-video-preview:-1, max-image-preview:large, max-snippet:-1",True,PASS,True,11,11,11,PASS,0,ar,محول HEIC إلى PDF - أداة مجانية عبر الإنترنت,1,https://geekskai.com/static/images/heic-to-pdf.png,https://geekskai.com/ar/blog/,SEO-05 | SEO-06 | SEO-12,FAIL,2026-10-09T01:59:23.890424+00:00,
URL-0203,https://geekskai.com/de/tools/heic-to-pdf/,de,/tools/heic-to-pdf/,indexable_self_canonical,200,200,https://geekskai.com/de/tools/heic-to-pdf/,200,1,https://geekskai.com/de/tools/heic-to-pdf/,PASS,"index, follow; index, follow, max-video-preview:-1, max-image-preview:large, max-snippet:-1",True,PASS,True,11,11,11,PASS,0,de,HEIC-zu-PDF-Konverter – Kostenloses Online-Tool,1,https://geekskai.com/static/images/heic-to-pdf.png,https://geekskai.com/de/blog/,SEO-05 | SEO-06 | SEO-12,FAIL,2026-10-09T01:59:24.988174+00:00,
URL-0204,https://geekskai.com/fr/tools/heic-to-pdf/,fr,/tools/heic-to-pdf/,indexable_self_canonical,200,200,https://geekskai.com/fr/tools/heic-to-pdf/,200,1,https://geekskai.com/fr/tools/heic-to-pdf/,PASS,"index, follow; index, follow, max-video-preview:-1, max-image-preview:large, max-snippet:-1",True,PASS,True,11,11,11,PASS,0,fr,Convertisseur HEIC en PDF - Outil en ligne gratuit,1,https://geekskai.com/static/images/heic-to-pdf.png,https://geekskai.com/fr/blog/,SEO-05 | SEO-06 | SEO-12,FAIL,2026-10-09T01:59:25.400258+00:00,
URL-0205,https://geekskai.com/es/tools/heic-to-pdf/,es,/tools/heic-to-pdf/,indexable_self_canonical,200,200,https://geekskai.com/es/tools/heic-to-pdf/,200,1,https://geekskai.com/es/tools/heic-to-pdf/,PASS,"index, follow; index, follow, max-video-preview:-1, max-image-preview:large, max-snippet:-1",True,PASS,True,11,11,11,PASS,0,es,Convertidor HEIC a PDF: herramienta gratuita en línea,1,https://geekskai.com/static/images/heic-to-pdf.png,https://geekskai.com/es/blog/,SEO-05 | SEO-06 | SEO-12,FAIL,2026-10-09T01:59:25.185332+00:00,
URL-0206,https://geekskai.com/ja/tools/heic-to-pdf/,ja,/tools/heic-to-pdf/,indexable_self_canonical,200,200,https://geekskai.com/ja/tools/heic-to-pdf/,200,1,https://geekskai.com/ja/tools/heic-to-pdf/,PASS,"index, follow; index, follow, max-video-preview:-1, max-image-preview:large, max-snippet:-1",True,PASS,True,11,11,11,PASS,0,ja,HEICからPDFへの変換ツール - 無料オンラインツール,1,https://geekskai.com/static/images/heic-to-pdf.png,https://geekskai.com/ja/blog/,SEO-05 | SEO-06,FAIL,2026-10-09T01:59:26.241115+00:00,
URL-0207,https://geekskai.com/ko/tools/heic-to-pdf/,ko,/tools/heic-to-pdf/,indexable_self_canonical,200,200,https://geekskai.com/ko/tools/heic-to-pdf/,200,1,https://geekskai.com/ko/tools/heic-to-pdf/,PASS,"index, follow; index, follow, max-video-preview:-1, max-image-preview:large, max-snippet:-1",True,PASS,True,11,11,11,PASS,0,ko,HEIC를 PDF로 변환기 - 무료 온라인 도구,1,https://geekskai.com/static/images/heic-to-pdf.png,https://geekskai.com/ko/blog/,SEO-05 | SEO-06,FAIL,2026-10-09T01:59:26.298541+00:00,
URL-0208,https://geekskai.com/no/tools/heic-to-pdf/,no,/tools/heic-to-pdf/,indexable_self_canonical,200,200,https://geekskai.com/no/tools/heic-to-pdf/,200,1,https://geekskai.com/no/tools/heic-to-pdf/,PASS,"index, follow; index, follow, max-video-preview:-1, max-image-preview:large, max-snippet:-1",True,PASS,True,11,11,11,PASS,0,no,HEIC til PDF-konverter - Gratis nettverktøy,1,https://geekskai.com/static/images/heic-to-pdf.png,https://geekskai.com/no/blog/,SEO-05 | SEO-06,FAIL,2026-10-09T01:59:26.609201+00:00,
URL-0209,https://geekskai.com/zh-cn/tools/heic-to-pdf/,zh-cn,/tools/heic-to-pdf/,indexable_self_canonical,200,200,https://geekskai.com/zh-cn/tools/heic-to-pdf/,200,1,https://geekskai.com/zh-cn/tools/heic-to-pdf/,PASS,"index, follow; index, follow, max-video-preview:-1, max-image-preview:large, max-snippet:-1",True,PASS,True,11,11,11,PASS,0,zh-cn,HEIC转PDF转换器 - 免费在线工具,1,https://geekskai.com/static/images/heic-to-pdf.png,https://geekskai.com/zh-cn/blog/,SEO-05 | SEO-06,FAIL,2026-10-09T01:59:27.068396+00:00,
URL-0210,https://geekskai.com/da/tools/heic-to-pdf/,da,/tools/heic-to-pdf/,indexable_self_canonical,200,200,https://geekskai.com/da/tools/heic-to-pdf/,200,1,https://geekskai.com/da/tools/heic-to-pdf/,PASS,"index, follow; index, follow, max-video-preview:-1, max-image-preview:large, max-snippet:-1",True,PASS,True,11,11,11,PASS,0,da,HEIC til PDF-konverter - Gratis online værktøj,1,https://geekskai.com/static/images/heic-to-pdf.png,https://geekskai.com/da/blog/,SEO-05 | SEO-06,FAIL,2026-10-09T01:59:27.852687+00:00,
URL-0211,https://geekskai.com/tools/html-to-markdown/,en,/tools/html-to-markdown/,indexable_self_canonical,200,200,https://geekskai.com/tools/html-to-markdown/,200,1,https://geekskai.com/tools/html-to-markdown/,PASS,"index, follow; index, follow, max-video-preview:-1, max-image-preview:large, max-snippet:-1",True,PASS,True,11,11,11,PASS,0,en,HTML to Markdown Converter - Free Online Tool | Convert HTML to MD,1,https://geekskai.com/static/images/html-to-markdown-converter.png,,SEO-06,FAIL,2026-10-09T01:59:27.460207+00:00,
URL-0212,https://geekskai.com/ar/tools/html-to-markdown/,ar,/tools/html-to-markdown/,indexable_self_canonical,200,200,https://geekskai.com/ar/tools/html-to-markdown/,200,1,https://geekskai.com/ar/tools/html-to-markdown/,PASS,"index, follow; index, follow, max-video-preview:-1, max-image-preview:large, max-snippet:-1",True,PASS,True,11,11,11,PASS,0,ar,محول HTML إلى Markdown - أداة مجانية عبر الإنترنت | تحويل HTML إلى MD,1,https://geekskai.com/static/images/html-to-markdown-converter.png,https://geekskai.com/ar/blog/,SEO-05 | SEO-06 | SEO-12,FAIL,2026-10-09T01:59:28.302889+00:00,
URL-0213,https://geekskai.com/de/tools/html-to-markdown/,de,/tools/html-to-markdown/,indexable_self_canonical,200,200,https://geekskai.com/de/tools/html-to-markdown/,200,1,https://geekskai.com/de/tools/html-to-markdown/,PASS,"index, follow; index, follow, max-video-preview:-1, max-image-preview:large, max-snippet:-1",True,PASS,True,11,11,11,PASS,0,de,HTML-zu-Markdown-Konverter – Kostenloses Online-Tool | HTML in MD umwandeln,1,https://geekskai.com/static/images/html-to-markdown-converter.png,https://geekskai.com/de/blog/,SEO-05 | SEO-06 | SEO-12,FAIL,2026-10-09T01:59:28.651656+00:00,
URL-0214,https://geekskai.com/fr/tools/html-to-markdown/,fr,/tools/html-to-markdown/,indexable_self_canonical,200,200,https://geekskai.com/fr/tools/html-to-markdown/,200,1,https://geekskai.com/fr/tools/html-to-markdown/,PASS,"index, follow; index, follow, max-video-preview:-1, max-image-preview:large, max-snippet:-1",True,PASS,True,11,11,11,PASS,0,fr,Convertisseur HTML vers Markdown - Outil en ligne gratuit | Convertir HTML en MD,1,https://geekskai.com/static/images/html-to-markdown-converter.png,https://geekskai.com/fr/blog/,SEO-05 | SEO-06 | SEO-12,FAIL,2026-10-09T01:59:29.105122+00:00,
URL-0215,https://geekskai.com/es/tools/html-to-markdown/,es,/tools/html-to-markdown/,indexable_self_canonical,200,200,https://geekskai.com/es/tools/html-to-markdown/,200,1,https://geekskai.com/es/tools/html-to-markdown/,PASS,"index, follow; index, follow, max-video-preview:-1, max-image-preview:large, max-snippet:-1",True,PASS,True,11,11,11,PASS,0,es,Convertidor de HTML a Markdown: herramienta gratuita en línea | Convertir HTML a MD,1,https://geekskai.com/static/images/html-to-markdown-converter.png,https://geekskai.com/es/blog/,SEO-05 | SEO-06 | SEO-12,FAIL,2026-10-09T01:59:29.287423+00:00,
URL-0216,https://geekskai.com/ja/tools/html-to-markdown/,ja,/tools/html-to-markdown/,indexable_self_canonical,200,200,https://geekskai.com/ja/tools/html-to-markdown/,200,1,https://geekskai.com/ja/tools/html-to-markdown/,PASS,"index, follow; index, follow, max-video-preview:-1, max-image-preview:large, max-snippet:-1",True,PASS,True,11,11,11,PASS,0,ja,HTMLからMarkdownへの変換ツール - 無料オンラインツール | HTMLをMDに変換,1,https://geekskai.com/static/images/html-to-markdown-converter.png,https://geekskai.com/ja/blog/,SEO-05 | SEO-06,FAIL,2026-10-09T01:59:29.885625+00:00,
URL-0217,https://geekskai.com/ko/tools/html-to-markdown/,ko,/tools/html-to-markdown/,indexable_self_canonical,200,200,https://geekskai.com/ko/tools/html-to-markdown/,200,1,https://geekskai.com/ko/tools/html-to-markdown/,PASS,"index, follow; index, follow, max-video-preview:-1, max-image-preview:large, max-snippet:-1",True,PASS,True,11,11,11,PASS,0,ko,HTML을 Markdown으로 변환기 - 무료 온라인 도구 | HTML을 MD로 변환,1,https://geekskai.com/static/images/html-to-markdown-converter.png,https://geekskai.com/ko/blog/,SEO-05 | SEO-06,FAIL,2026-10-09T01:59:30.341708+00:00,
URL-0218,https://geekskai.com/no/tools/html-to-markdown/,no,/tools/html-to-markdown/,indexable_self_canonical,200,200,https://geekskai.com/no/tools/html-to-markdown/,200,1,https://geekskai.com/no/tools/html-to-markdown/,PASS,"index, follow; index, follow, max-video-preview:-1, max-image-preview:large, max-snippet:-1",True,PASS,True,11,11,11,PASS,0,no,HTML til Markdown-konverterer – Gratis nettverktøy | Konverter HTML til MD,1,https://geekskai.com/static/images/html-to-markdown-converter.png,https://geekskai.com/no/blog/,SEO-05 | SEO-06,FAIL,2026-10-09T01:59:30.506199+00:00,
URL-0219,https://geekskai.com/zh-cn/tools/html-to-markdown/,zh-cn,/tools/html-to-markdown/,indexable_self_canonical,200,200,https://geekskai.com/zh-cn/tools/html-to-markdown/,200,1,https://geekskai.com/zh-cn/tools/html-to-markdown/,PASS,"index, follow; index, follow, max-video-preview:-1, max-image-preview:large, max-snippet:-1",True,PASS,True,11,11,11,PASS,0,zh-cn,HTML 转 Markdown 转换器 - 免费在线工具 | 将 HTML 转换为 MD,1,https://geekskai.com/static/images/html-to-markdown-converter.png,https://geekskai.com/zh-cn/blog/,SEO-05 | SEO-06,FAIL,2026-10-09T01:59:31.048560+00:00,
URL-0220,https://geekskai.com/da/tools/html-to-markdown/,da,/tools/html-to-markdown/,indexable_self_canonical,200,200,https://geekskai.com/da/tools/html-to-markdown/,200,1,https://geekskai.com/da/tools/html-to-markdown/,PASS,"index, follow; index, follow, max-video-preview:-1, max-image-preview:large, max-snippet:-1",True,PASS,True,11,11,11,PASS,0,da,HTML til Markdown Konverter - Gratis Online Værktøj | Konverter HTML til MD,1,https://geekskai.com/static/images/html-to-markdown-converter.png,https://geekskai.com/da/blog/,SEO-05 | SEO-06,FAIL,2026-10-09T01:59:31.629665+00:00,
URL-0221,https://geekskai.com/tools/inside-out-2-glued-to-phone-test/,en,/tools/inside-out-2-glued-to-phone-test/,indexable_self_canonical,200,200,https://geekskai.com/tools/inside-out-2-glued-to-phone-test/,200,1,https://geekskai.com/tools/inside-out-2-glued-to-phone-test/,PASS,"index, follow; index, follow, max-video-preview:-1, max-image-preview:large, max-snippet:-1",True,PASS,True,11,11,11,PASS,0,en,Inside Out 2 Glued to Phone Test | Free Emotion Quiz,1,,,,PASS,2026-10-09T01:59:31.599511+00:00,
URL-0222,https://geekskai.com/ar/tools/inside-out-2-glued-to-phone-test/,ar,/tools/inside-out-2-glued-to-phone-test/,indexable_self_canonical,200,200,https://geekskai.com/ar/tools/inside-out-2-glued-to-phone-test/,200,1,https://geekskai.com/ar/tools/inside-out-2-glued-to-phone-test/,PASS,"index, follow; index, follow, max-video-preview:-1, max-image-preview:large, max-snippet:-1",True,PASS,True,11,11,11,PASS,0,ar,اختبار Inside Out 2 للالتصاق بالهاتف | اختبار مشاعر مجاني,1,,https://geekskai.com/ar/blog/,SEO-05 | SEO-12,FAIL,2026-10-09T01:59:33.583199+00:00,
URL-0223,https://geekskai.com/de/tools/inside-out-2-glued-to-phone-test/,de,/tools/inside-out-2-glued-to-phone-test/,indexable_self_canonical,200,200,https://geekskai.com/de/tools/inside-out-2-glued-to-phone-test/,200,1,https://geekskai.com/de/tools/inside-out-2-glued-to-phone-test/,PASS,"index, follow; index, follow, max-video-preview:-1, max-image-preview:large, max-snippet:-1",True,PASS,True,11,11,11,PASS,0,de,Inside Out 2 Am-Handy-kleben-Test | Kostenloses Emotions-Quiz,1,,https://geekskai.com/de/blog/,SEO-05 | SEO-12,FAIL,2026-10-09T01:59:33.342566+00:00,
URL-0224,https://geekskai.com/fr/tools/inside-out-2-glued-to-phone-test/,fr,/tools/inside-out-2-glued-to-phone-test/,indexable_self_canonical,200,200,https://geekskai.com/fr/tools/inside-out-2-glued-to-phone-test/,200,1,https://geekskai.com/fr/tools/inside-out-2-glued-to-phone-test/,PASS,"index, follow; index, follow, max-video-preview:-1, max-image-preview:large, max-snippet:-1",True,PASS,True,11,11,11,PASS,0,fr,Test Inside Out 2 accro au téléphone | Quiz d’émotions gratuit,1,,https://geekskai.com/fr/blog/,SEO-05 | SEO-12,FAIL,2026-10-09T01:59:33.371510+00:00,
URL-0225,https://geekskai.com/es/tools/inside-out-2-glued-to-phone-test/,es,/tools/inside-out-2-glued-to-phone-test/,indexable_self_canonical,200,200,https://geekskai.com/es/tools/inside-out-2-glued-to-phone-test/,200,1,https://geekskai.com/es/tools/inside-out-2-glued-to-phone-test/,PASS,"index, follow; index, follow, max-video-preview:-1, max-image-preview:large, max-snippet:-1",True,PASS,True,11,11,11,PASS,0,es,Inside Out 2 Pegado a la prueba del teléfono | Prueba de emociones gratuita,1,,https://geekskai.com/es/blog/,SEO-05 | SEO-12,FAIL,2026-10-09T01:59:34.660000+00:00,
URL-0226,https://geekskai.com/ja/tools/inside-out-2-glued-to-phone-test/,ja,/tools/inside-out-2-glued-to-phone-test/,indexable_self_canonical,200,200,https://geekskai.com/ja/tools/inside-out-2-glued-to-phone-test/,200,1,https://geekskai.com/ja/tools/inside-out-2-glued-to-phone-test/,PASS,"index, follow; index, follow, max-video-preview:-1, max-image-preview:large, max-snippet:-1",True,PASS,True,11,11,11,PASS,0,ja,Inside Out 2 スマホ依存度テスト | 無料の感情診断,1,,https://geekskai.com/ja/blog/,SEO-05,FAIL,2026-10-09T01:59:34.521015+00:00,
URL-0227,https://geekskai.com/ko/tools/inside-out-2-glued-to-phone-test/,ko,/tools/inside-out-2-glued-to-phone-test/,indexable_self_canonical,200,200,https://geekskai.com/ko/tools/inside-out-2-glued-to-phone-test/,200,1,https://geekskai.com/ko/tools/inside-out-2-glued-to-phone-test/,PASS,"index, follow; index, follow, max-video-preview:-1, max-image-preview:large, max-snippet:-1",True,PASS,True,11,11,11,PASS,0,ko,인사이드 아웃 2 휴대폰 집착 테스트 | 무료 감정 퀴즈,1,,https://geekskai.com/ko/blog/,SEO-05,FAIL,2026-10-09T01:59:34.823598+00:00,
URL-0228,https://geekskai.com/no/tools/inside-out-2-glued-to-phone-test/,no,/tools/inside-out-2-glued-to-phone-test/,indexable_self_canonical,200,200,https://geekskai.com/no/tools/inside-out-2-glued-to-phone-test/,200,1,https://geekskai.com/no/tools/inside-out-2-glued-to-phone-test/,PASS,"index, follow; index, follow, max-video-preview:-1, max-image-preview:large, max-snippet:-1",True,PASS,True,11,11,11,PASS,0,no,Inside Out 2 Limt til telefon-test | Gratis følelsesquiz,1,,https://geekskai.com/no/blog/,SEO-05,FAIL,2026-10-09T01:59:36.219124+00:00,
URL-0229,https://geekskai.com/zh-cn/tools/inside-out-2-glued-to-phone-test/,zh-cn,/tools/inside-out-2-glued-to-phone-test/,indexable_self_canonical,200,200,https://geekskai.com/zh-cn/tools/inside-out-2-glued-to-phone-test/,200,1,https://geekskai.com/zh-cn/tools/inside-out-2-glued-to-phone-test/,PASS,"index, follow; index, follow, max-video-preview:-1, max-image-preview:large, max-snippet:-1",True,PASS,True,11,11,11,PASS,0,zh-cn,头脑特工队2手机黏人测试 | 免费情绪测验,1,,https://geekskai.com/zh-cn/blog/,SEO-05,FAIL,2026-10-09T01:59:36.168514+00:00,
URL-0230,https://geekskai.com/da/tools/inside-out-2-glued-to-phone-test/,da,/tools/inside-out-2-glued-to-phone-test/,indexable_self_canonical,200,200,https://geekskai.com/da/tools/inside-out-2-glued-to-phone-test/,200,1,https://geekskai.com/da/tools/inside-out-2-glued-to-phone-test/,PASS,"index, follow; index, follow, max-video-preview:-1, max-image-preview:large, max-snippet:-1",True,PASS,True,11,11,11,PASS,0,da,Inside Out 2 Klæbet-til-telefonen-test | Gratis følelsesquiz,1,,https://geekskai.com/da/blog/,SEO-05,FAIL,2026-10-09T01:59:36.327531+00:00,
URL-0231,https://geekskai.com/tools/instagram-bio-fonts/,en,/tools/instagram-bio-fonts/,indexable_self_canonical,200,200,https://geekskai.com/tools/instagram-bio-fonts/,200,1,https://geekskai.com/tools/instagram-bio-fonts/,PASS,"index, follow; index, follow, max-video-preview:-1, max-image-preview:large, max-snippet:-1",True,PASS,True,11,11,11,FAIL,12,en,Instagram Bio Fonts Generator (2026) - Copy & Paste Stylish Text,1,,,SEO-02,FAIL,2026-10-09T01:59:37.646896+00:00,
URL-0232,https://geekskai.com/ar/tools/instagram-bio-fonts/,ar,/tools/instagram-bio-fonts/,indexable_self_canonical,200,200,https://geekskai.com/ar/tools/instagram-bio-fonts/,200,1,https://geekskai.com/ar/tools/instagram-bio-fonts/,PASS,"index, follow; index, follow, max-video-preview:-1, max-image-preview:large, max-snippet:-1",True,PASS,True,11,11,11,FAIL,1,ar,مولد خطوط سير انستقرام (2026) - نسخ ولصق زخرفة النصوص,1,,https://geekskai.com/ar/blog/,SEO-02 | SEO-05 | SEO-12,FAIL,2026-10-09T01:59:37.246475+00:00,
URL-0233,https://geekskai.com/de/tools/instagram-bio-fonts/,de,/tools/instagram-bio-fonts/,indexable_self_canonical,200,200,https://geekskai.com/de/tools/instagram-bio-fonts/,200,1,https://geekskai.com/de/tools/instagram-bio-fonts/,PASS,"index, follow; index, follow, max-video-preview:-1, max-image-preview:large, max-snippet:-1",True,PASS,True,11,11,11,FAIL,1,de,Instagram Bio Fonts Generator (2026) - Stylischen Text kopieren & einfügen,1,,https://geekskai.com/de/blog/,SEO-02 | SEO-05 | SEO-12,FAIL,2026-10-09T01:59:37.609462+00:00,
URL-0234,https://geekskai.com/fr/tools/instagram-bio-fonts/,fr,/tools/instagram-bio-fonts/,indexable_self_canonical,200,200,https://geekskai.com/fr/tools/instagram-bio-fonts/,200,1,https://geekskai.com/fr/tools/instagram-bio-fonts/,PASS,"index, follow; index, follow, max-video-preview:-1, max-image-preview:large, max-snippet:-1",True,PASS,True,11,11,11,FAIL,1,fr,Générateur de polices pour bio Instagram (2026) - Copier et coller du texte,1,,https://geekskai.com/fr/blog/,SEO-02 | SEO-05 | SEO-12,FAIL,2026-10-09T01:59:38.202130+00:00,
URL-0235,https://geekskai.com/es/tools/instagram-bio-fonts/,es,/tools/instagram-bio-fonts/,indexable_self_canonical,200,200,https://geekskai.com/es/tools/instagram-bio-fonts/,200,1,https://geekskai.com/es/tools/instagram-bio-fonts/,PASS,"index, follow; index, follow, max-video-preview:-1, max-image-preview:large, max-snippet:-1",True,PASS,True,11,11,11,FAIL,1,es,Generador de fuentes para biografía de Instagram (2026) - Copiar y pegar texto,1,,https://geekskai.com/es/blog/,SEO-02 | SEO-05 | SEO-12,FAIL,2026-10-09T01:59:38.600697+00:00,
URL-0236,https://geekskai.com/ja/tools/instagram-bio-fonts/,ja,/tools/instagram-bio-fonts/,indexable_self_canonical,200,200,https://geekskai.com/ja/tools/instagram-bio-fonts/,200,1,https://geekskai.com/ja/tools/instagram-bio-fonts/,PASS,"index, follow; index, follow, max-video-preview:-1, max-image-preview:large, max-snippet:-1",True,PASS,True,11,11,11,FAIL,1,ja,Instagramプロフィールフォント作成器 (2026) - おしゃれな文字をコピペ,1,,https://geekskai.com/ja/blog/,SEO-02 | SEO-05,FAIL,2026-10-09T01:59:38.902521+00:00,
URL-0237,https://geekskai.com/ko/tools/instagram-bio-fonts/,ko,/tools/instagram-bio-fonts/,indexable_self_canonical,200,200,https://geekskai.com/ko/tools/instagram-bio-fonts/,200,1,https://geekskai.com/ko/tools/instagram-bio-fonts/,PASS,"index, follow; index, follow, max-video-preview:-1, max-image-preview:large, max-snippet:-1",True,PASS,True,11,11,11,FAIL,1,ko,인스타그램 프로필 폰트 생성기 (2026) - 멋진 글자 복사 및 붙여넣기,1,,https://geekskai.com/ko/blog/,SEO-02 | SEO-05,FAIL,2026-10-09T01:59:39.929205+00:00,
URL-0238,https://geekskai.com/no/tools/instagram-bio-fonts/,no,/tools/instagram-bio-fonts/,indexable_self_canonical,200,200,https://geekskai.com/no/tools/instagram-bio-fonts/,200,1,https://geekskai.com/no/tools/instagram-bio-fonts/,PASS,"index, follow; index, follow, max-video-preview:-1, max-image-preview:large, max-snippet:-1",True,PASS,True,11,11,11,FAIL,1,no,Instagram Bio Fonts Generator (2026) - Kopier og lim inn stilig tekst,1,,https://geekskai.com/no/blog/,SEO-02 | SEO-05,FAIL,2026-10-09T01:59:40.051250+00:00,
URL-0239,https://geekskai.com/zh-cn/tools/instagram-bio-fonts/,zh-cn,/tools/instagram-bio-fonts/,indexable_self_canonical,200,200,https://geekskai.com/zh-cn/tools/instagram-bio-fonts/,200,1,https://geekskai.com/zh-cn/tools/instagram-bio-fonts/,PASS,"index, follow; index, follow, max-video-preview:-1, max-image-preview:large, max-snippet:-1",True,PASS,True,11,11,11,FAIL,1,zh-cn,Instagram 简介字体生成器 (2026) - 复制粘贴时尚文本,1,,https://geekskai.com/zh-cn/blog/,SEO-02 | SEO-05,FAIL,2026-10-09T01:59:40.169916+00:00,
URL-0240,https://geekskai.com/da/tools/instagram-bio-fonts/,da,/tools/instagram-bio-fonts/,indexable_self_canonical,200,200,https://geekskai.com/da/tools/instagram-bio-fonts/,200,1,https://geekskai.com/da/tools/instagram-bio-fonts/,PASS,"index, follow; index, follow, max-video-preview:-1, max-image-preview:large, max-snippet:-1",True,PASS,True,11,11,11,FAIL,1,da,Instagram Bio Fonts Generator (2026) - Kopier og indsæt stilfuld tekst,1,,https://geekskai.com/da/blog/,SEO-02 | SEO-05,FAIL,2026-10-09T01:59:41.280568+00:00,
URL-0241,https://geekskai.com/tools/invincible-title-card-generator/,en,/tools/invincible-title-card-generator/,indexable_self_canonical,200,200,https://geekskai.com/tools/invincible-title-card-generator/,200,1,https://geekskai.com/tools/invincible-title-card-generator/,PASS,"index, follow; index, follow, max-video-preview:-1, max-image-preview:large, max-snippet:-1",True,PASS,True,11,11,11,PASS,0,en,Invincible Title Card Generator - Create Custom TV Show Title Cards | Free Tool,1,,,,PASS,2026-10-09T01:59:41.294157+00:00,
URL-0242,https://geekskai.com/ar/tools/invincible-title-card-generator/,ar,/tools/invincible-title-card-generator/,indexable_self_canonical,200,200,https://geekskai.com/ar/tools/invincible-title-card-generator/,200,1,https://geekskai.com/ar/tools/invincible-title-card-generator/,PASS,"index, follow; index, follow, max-video-preview:-1, max-image-preview:large, max-snippet:-1",True,PASS,True,11,11,11,PASS,0,ar,مولد بطاقات عنوان Invincible - أنشئ بطاقات عنوان مخصصة للبرامج التلفزيونية | أداة مجانية,1,,https://geekskai.com/ar/blog/,SEO-05 | SEO-12,FAIL,2026-10-09T01:59:41.449046+00:00,
URL-0243,https://geekskai.com/de/tools/invincible-title-card-generator/,de,/tools/invincible-title-card-generator/,indexable_self_canonical,200,200,https://geekskai.com/de/tools/invincible-title-card-generator/,200,1,https://geekskai.com/de/tools/invincible-title-card-generator/,PASS,"index, follow; index, follow, max-video-preview:-1, max-image-preview:large, max-snippet:-1",True,PASS,True,11,11,11,PASS,0,de,Invincible-Titelkartengenerator – Eigene TV-Show-Titelkarten erstellen | Kostenloses Tool,1,,https://geekskai.com/de/blog/,SEO-05 | SEO-12,FAIL,2026-10-09T01:59:42.569745+00:00,
URL-0244,https://geekskai.com/fr/tools/invincible-title-card-generator/,fr,/tools/invincible-title-card-generator/,indexable_self_canonical,200,200,https://geekskai.com/fr/tools/invincible-title-card-generator/,200,1,https://geekskai.com/fr/tools/invincible-title-card-generator/,PASS,"index, follow; index, follow, max-video-preview:-1, max-image-preview:large, max-snippet:-1",True,PASS,True,11,11,11,PASS,0,fr,Générateur de cartes‑titre Invincible – Créez des cartes‑titre TV personnalisées | Outil gratuit,1,,https://geekskai.com/fr/blog/,SEO-05 | SEO-12,FAIL,2026-10-09T01:59:42.350648+00:00,
URL-0245,https://geekskai.com/es/tools/invincible-title-card-generator/,es,/tools/invincible-title-card-generator/,indexable_self_canonical,200,200,https://geekskai.com/es/tools/invincible-title-card-generator/,200,1,https://geekskai.com/es/tools/invincible-title-card-generator/,PASS,"index, follow; index, follow, max-video-preview:-1, max-image-preview:large, max-snippet:-1",True,PASS,True,11,11,11,PASS,0,es,Generador de tarjetas de título invencible: cree tarjetas de título de programas de televisión personalizadas | Herramienta gratuita,1,,https://geekskai.com/es/blog/,SEO-05 | SEO-12,FAIL,2026-10-09T01:59:42.899805+00:00,
URL-0246,https://geekskai.com/ja/tools/invincible-title-card-generator/,ja,/tools/invincible-title-card-generator/,indexable_self_canonical,200,200,https://geekskai.com/ja/tools/invincible-title-card-generator/,200,1,https://geekskai.com/ja/tools/invincible-title-card-generator/,PASS,"index, follow; index, follow, max-video-preview:-1, max-image-preview:large, max-snippet:-1",True,PASS,True,11,11,11,PASS,0,ja,インビンシブル タイトルカード ジェネレーター - カスタムTVショータイトルカードを作成 | 無料ツール,1,,https://geekskai.com/ja/blog/,SEO-05,FAIL,2026-10-09T01:59:43.395878+00:00,
URL-0247,https://geekskai.com/ko/tools/invincible-title-card-generator/,ko,/tools/invincible-title-card-generator/,indexable_self_canonical,200,200,https://geekskai.com/ko/tools/invincible-title-card-generator/,200,1,https://geekskai.com/ko/tools/invincible-title-card-generator/,PASS,"index, follow; index, follow, max-video-preview:-1, max-image-preview:large, max-snippet:-1",True,PASS,True,11,11,11,PASS,0,ko,인빈시블 타이틀 카드 생성기 - 맞춤형 TV 쇼 타이틀 카드 제작 | 무료 도구,1,,https://geekskai.com/ko/blog/,SEO-05,FAIL,2026-10-09T01:59:44.531004+00:00,
URL-0248,https://geekskai.com/no/tools/invincible-title-card-generator/,no,/tools/invincible-title-card-generator/,indexable_self_canonical,200,200,https://geekskai.com/no/tools/invincible-title-card-generator/,200,1,https://geekskai.com/no/tools/invincible-title-card-generator/,PASS,"index, follow; index, follow, max-video-preview:-1, max-image-preview:large, max-snippet:-1",True,PASS,True,11,11,11,PASS,0,no,Invincible Titelkort Generator - Lag Tilpassede TV-Show Titelkort | Gratis Verktøy,1,,https://geekskai.com/no/blog/,SEO-05,FAIL,2026-10-09T01:59:43.684786+00:00,
URL-0249,https://geekskai.com/zh-cn/tools/invincible-title-card-generator/,zh-cn,/tools/invincible-title-card-generator/,indexable_self_canonical,200,200,https://geekskai.com/zh-cn/tools/invincible-title-card-generator/,200,1,https://geekskai.com/zh-cn/tools/invincible-title-card-generator/,PASS,"index, follow; index, follow, max-video-preview:-1, max-image-preview:large, max-snippet:-1",True,PASS,True,11,11,11,PASS,0,zh-cn,无敌标题卡生成器 - 创建自定义电视剧标题卡 | 免费工具,1,,https://geekskai.com/zh-cn/blog/,SEO-05,FAIL,2026-10-09T01:59:44.687803+00:00,
URL-0250,https://geekskai.com/da/tools/invincible-title-card-generator/,da,/tools/invincible-title-card-generator/,indexable_self_canonical,200,200,https://geekskai.com/da/tools/invincible-title-card-generator/,200,1,https://geekskai.com/da/tools/invincible-title-card-generator/,PASS,"index, follow; index, follow, max-video-preview:-1, max-image-preview:large, max-snippet:-1",True,PASS,True,11,11,11,PASS,0,da,Invincible Titelkort Generator - Opret Brugerdefinerede TV-Show Titelkort | Gratis Værktøj,1,,https://geekskai.com/da/blog/,SEO-05,FAIL,2026-10-09T01:59:44.801474+00:00,
URL-0251,https://geekskai.com/tools/job-worth-calculator/,en,/tools/job-worth-calculator/,indexable_self_canonical,200,200,https://geekskai.com/tools/job-worth-calculator/,200,1,https://geekskai.com/tools/job-worth-calculator/,PASS,"index, follow; index, follow",True,PASS,True,11,11,11,PASS,0,en,Is My Job Worth the Grind? - Job Worth Calculator,1,https://geekskai.com/static/images/job-worth-calculator-og.png | https://geekskai.com/static/images/job-worth-calculator-twitter.png,,SEO-06,FAIL,2026-10-09T01:59:46.194828+00:00,
URL-0252,https://geekskai.com/ar/tools/job-worth-calculator/,ar,/tools/job-worth-calculator/,indexable_self_canonical,200,200,https://geekskai.com/ar/tools/job-worth-calculator/,200,1,https://geekskai.com/ar/tools/job-worth-calculator/,PASS,"index, follow; index, follow",True,PASS,True,11,11,11,PASS,0,ar,هل وظيفتي تستحق العناء؟ - حاسبة قيمة الوظيفة,1,https://geekskai.com/static/images/job-worth-calculator-og.png | https://geekskai.com/static/images/job-worth-calculator-twitter.png,https://geekskai.com/ar/blog/,SEO-05 | SEO-06 | SEO-12,FAIL,2026-10-09T01:59:46.398887+00:00,
URL-0253,https://geekskai.com/de/tools/job-worth-calculator/,de,/tools/job-worth-calculator/,indexable_self_canonical,200,200,https://geekskai.com/de/tools/job-worth-calculator/,200,1,https://geekskai.com/de/tools/job-worth-calculator/,PASS,"index, follow; index, follow",True,PASS,True,11,11,11,PASS,0,de,Ist mein Job die Mühe wert? – Job-Wert-Rechner,1,https://geekskai.com/static/images/job-worth-calculator-og.png | https://geekskai.com/static/images/job-worth-calculator-twitter.png,https://geekskai.com/de/blog/,SEO-05 | SEO-06 | SEO-12,FAIL,2026-10-09T01:59:46.213938+00:00,
URL-0254,https://geekskai.com/fr/tools/job-worth-calculator/,fr,/tools/job-worth-calculator/,indexable_self_canonical,200,200,https://geekskai.com/fr/tools/job-worth-calculator/,200,1,https://geekskai.com/fr/tools/job-worth-calculator/,PASS,"index, follow; index, follow",True,PASS,True,11,11,11,PASS,0,fr,Mon travail vaut-il le coup ? - Calculateur de valeur du poste,1,https://geekskai.com/static/images/job-worth-calculator-og.png | https://geekskai.com/static/images/job-worth-calculator-twitter.png,https://geekskai.com/fr/blog/,SEO-05 | SEO-06 | SEO-12,FAIL,2026-10-09T01:59:47.576010+00:00,
URL-0255,https://geekskai.com/es/tools/job-worth-calculator/,es,/tools/job-worth-calculator/,indexable_self_canonical,200,200,https://geekskai.com/es/tools/job-worth-calculator/,200,1,https://geekskai.com/es/tools/job-worth-calculator/,PASS,"index, follow; index, follow",True,PASS,True,11,11,11,PASS,0,es,¿Vale la pena trabajar por mi trabajo? - Calculadora de valor laboral,1,https://geekskai.com/static/images/job-worth-calculator-og.png | https://geekskai.com/static/images/job-worth-calculator-twitter.png,https://geekskai.com/es/blog/,SEO-05 | SEO-06 | SEO-12,FAIL,2026-10-09T01:59:47.519226+00:00,
URL-0256,https://geekskai.com/ja/tools/job-worth-calculator/,ja,/tools/job-worth-calculator/,indexable_self_canonical,200,200,https://geekskai.com/ja/tools/job-worth-calculator/,200,1,https://geekskai.com/ja/tools/job-worth-calculator/,PASS,"index, follow; index, follow",True,PASS,True,11,11,11,PASS,0,ja,この仕事、正気でやれる？ブラック度診断 - 仕事価値計算機,1,https://geekskai.com/static/images/job-worth-calculator-og.png | https://geekskai.com/static/images/job-worth-calculator-twitter.png,https://geekskai.com/ja/blog/,SEO-05 | SEO-06,FAIL,2026-10-09T01:59:47.711193+00:00,
URL-0257,https://geekskai.com/ko/tools/job-worth-calculator/,ko,/tools/job-worth-calculator/,indexable_self_canonical,200,200,https://geekskai.com/ko/tools/job-worth-calculator/,200,1,https://geekskai.com/ko/tools/job-worth-calculator/,PASS,"index, follow; index, follow",True,PASS,True,11,11,11,PASS,0,ko,"이 일, 정말 할 만한가? - 직장 가치 계산기",1,https://geekskai.com/static/images/job-worth-calculator-og.png | https://geekskai.com/static/images/job-worth-calculator-twitter.png,https://geekskai.com/ko/blog/,SEO-05 | SEO-06,FAIL,2026-10-09T01:59:48.341351+00:00,
URL-0258,https://geekskai.com/no/tools/job-worth-calculator/,no,/tools/job-worth-calculator/,indexable_self_canonical,200,200,https://geekskai.com/no/tools/job-worth-calculator/,200,1,https://geekskai.com/no/tools/job-worth-calculator/,PASS,"index, follow; index, follow",True,PASS,True,11,11,11,PASS,0,no,Er jobben verdt stresset? - Jobbverdikalkulator,1,https://geekskai.com/static/images/job-worth-calculator-og.png | https://geekskai.com/static/images/job-worth-calculator-twitter.png,https://geekskai.com/no/blog/,SEO-05 | SEO-06,FAIL,2026-10-09T01:59:48.990489+00:00,
URL-0259,https://geekskai.com/zh-cn/tools/job-worth-calculator/,zh-cn,/tools/job-worth-calculator/,indexable_self_canonical,200,200,https://geekskai.com/zh-cn/tools/job-worth-calculator/,200,1,https://geekskai.com/zh-cn/tools/job-worth-calculator/,PASS,"index, follow; index, follow",True,PASS,True,11,11,11,PASS,0,zh-cn,这b班上得值不值·测算版 - 工作性价比计算器,1,https://geekskai.com/static/images/job-worth-calculator-og.png | https://geekskai.com/static/images/job-worth-calculator-twitter.png,https://geekskai.com/zh-cn/blog/,SEO-05 | SEO-06,FAIL,2026-10-09T01:59:49.024888+00:00,
URL-0260,https://geekskai.com/da/tools/job-worth-calculator/,da,/tools/job-worth-calculator/,indexable_self_canonical,200,200,https://geekskai.com/da/tools/job-worth-calculator/,200,1,https://geekskai.com/da/tools/job-worth-calculator/,PASS,"index, follow; index, follow",True,PASS,True,11,11,11,PASS,0,da,Er mit job besværet værd? - Job værdi beregner,1,https://geekskai.com/static/images/job-worth-calculator-og.png | https://geekskai.com/static/images/job-worth-calculator-twitter.png,https://geekskai.com/da/blog/,SEO-05 | SEO-06,FAIL,2026-10-09T01:59:49.839339+00:00,
URL-0261,https://geekskai.com/tools/job-worth-calculator/share/,en,/tools/job-worth-calculator/share/,share_indexing_intent_unconfirmed,200,200,https://geekskai.com/tools/job-worth-calculator/share/,200,1,https://geekskai.com/tools/job-worth-calculator/,BLOCKED,"index, follow; index, follow",True,BLOCKED,False,11,11,0,FAIL,11,en,Is My Job Worth the Grind? - Job Worth Calculator,0,https://geekskai.com/static/images/job-worth-calculator-og.png | https://geekskai.com/static/images/job-worth-calculator-twitter.png,,SEO-06 | SEO-10,FAIL,2026-10-09T01:59:49.788060+00:00,"Canonical syntax valid; semantic equivalence to parent tool and intended indexability unconfirmed. SEO-10 is a recommendation, not proof Google indexed the result."
URL-0262,https://geekskai.com/ar/tools/job-worth-calculator/share/,ar,/tools/job-worth-calculator/share/,share_indexing_intent_unconfirmed,200,200,https://geekskai.com/ar/tools/job-worth-calculator/share/,200,1,https://geekskai.com/ar/tools/job-worth-calculator/,BLOCKED,"index, follow; index, follow",True,BLOCKED,False,11,11,0,FAIL,11,ar,هل وظيفتي تستحق العناء؟ - حاسبة قيمة الوظيفة,0,https://geekskai.com/static/images/job-worth-calculator-og.png | https://geekskai.com/static/images/job-worth-calculator-twitter.png,https://geekskai.com/ar/blog/,SEO-05 | SEO-06 | SEO-10 | SEO-12,FAIL,2026-10-09T01:59:50.392006+00:00,"Canonical syntax valid; semantic equivalence to parent tool and intended indexability unconfirmed. SEO-10 is a recommendation, not proof Google indexed the result."
URL-0263,https://geekskai.com/de/tools/job-worth-calculator/share/,de,/tools/job-worth-calculator/share/,share_indexing_intent_unconfirmed,200,200,https://geekskai.com/de/tools/job-worth-calculator/share/,200,1,https://geekskai.com/de/tools/job-worth-calculator/,BLOCKED,"index, follow; index, follow",True,BLOCKED,False,11,11,0,FAIL,11,de,Ist mein Job die Mühe wert? – Job-Wert-Rechner,0,https://geekskai.com/static/images/job-worth-calculator-og.png | https://geekskai.com/static/images/job-worth-calculator-twitter.png,https://geekskai.com/de/blog/,SEO-05 | SEO-06 | SEO-10 | SEO-12,FAIL,2026-10-09T01:59:51.154520+00:00,"Canonical syntax valid; semantic equivalence to parent tool and intended indexability unconfirmed. SEO-10 is a recommendation, not proof Google indexed the result."
URL-0264,https://geekskai.com/fr/tools/job-worth-calculator/share/,fr,/tools/job-worth-calculator/share/,share_indexing_intent_unconfirmed,200,200,https://geekskai.com/fr/tools/job-worth-calculator/share/,200,1,https://geekskai.com/fr/tools/job-worth-calculator/,BLOCKED,"index, follow; index, follow",True,BLOCKED,False,11,11,0,FAIL,11,fr,Mon travail vaut-il le coup ? - Calculateur de valeur du poste,0,https://geekskai.com/static/images/job-worth-calculator-og.png | https://geekskai.com/static/images/job-worth-calculator-twitter.png,https://geekskai.com/fr/blog/,SEO-05 | SEO-06 | SEO-10 | SEO-12,FAIL,2026-10-09T01:59:51.178383+00:00,"Canonical syntax valid; semantic equivalence to parent tool and intended indexability unconfirmed. SEO-10 is a recommendation, not proof Google indexed the result."
URL-0265,https://geekskai.com/es/tools/job-worth-calculator/share/,es,/tools/job-worth-calculator/share/,share_indexing_intent_unconfirmed,200,200,https://geekskai.com/es/tools/job-worth-calculator/share/,200,1,https://geekskai.com/es/tools/job-worth-calculator/,BLOCKED,"index, follow; index, follow",True,BLOCKED,False,11,11,0,FAIL,11,es,¿Vale la pena trabajar por mi trabajo? - Calculadora de valor laboral,0,https://geekskai.com/static/images/job-worth-calculator-og.png | https://geekskai.com/static/images/job-worth-calculator-twitter.png,https://geekskai.com/es/blog/,SEO-05 | SEO-06 | SEO-10 | SEO-12,FAIL,2026-10-09T01:59:51.598707+00:00,"Canonical syntax valid; semantic equivalence to parent tool and intended indexability unconfirmed. SEO-10 is a recommendation, not proof Google indexed the result."
URL-0266,https://geekskai.com/ja/tools/job-worth-calculator/share/,ja,/tools/job-worth-calculator/share/,share_indexing_intent_unconfirmed,200,200,https://geekskai.com/ja/tools/job-worth-calculator/share/,200,1,https://geekskai.com/ja/tools/job-worth-calculator/,BLOCKED,"index, follow; index, follow",True,BLOCKED,False,11,11,0,FAIL,11,ja,この仕事、正気でやれる？ブラック度診断 - 仕事価値計算機,0,https://geekskai.com/static/images/job-worth-calculator-og.png | https://geekskai.com/static/images/job-worth-calculator-twitter.png,https://geekskai.com/ja/blog/,SEO-05 | SEO-06 | SEO-10,FAIL,2026-10-09T01:59:52.627455+00:00,"Canonical syntax valid; semantic equivalence to parent tool and intended indexability unconfirmed. SEO-10 is a recommendation, not proof Google indexed the result."
URL-0267,https://geekskai.com/ko/tools/job-worth-calculator/share/,ko,/tools/job-worth-calculator/share/,share_indexing_intent_unconfirmed,200,200,https://geekskai.com/ko/tools/job-worth-calculator/share/,200,1,https://geekskai.com/ko/tools/job-worth-calculator/,BLOCKED,"index, follow; index, follow",True,BLOCKED,False,11,11,0,FAIL,11,ko,"이 일, 정말 할 만한가? - 직장 가치 계산기",0,https://geekskai.com/static/images/job-worth-calculator-og.png | https://geekskai.com/static/images/job-worth-calculator-twitter.png,https://geekskai.com/ko/blog/,SEO-05 | SEO-06 | SEO-10,FAIL,2026-10-09T01:59:52.644361+00:00,"Canonical syntax valid; semantic equivalence to parent tool and intended indexability unconfirmed. SEO-10 is a recommendation, not proof Google indexed the result."
URL-0268,https://geekskai.com/no/tools/job-worth-calculator/share/,no,/tools/job-worth-calculator/share/,share_indexing_intent_unconfirmed,200,200,https://geekskai.com/no/tools/job-worth-calculator/share/,200,1,https://geekskai.com/no/tools/job-worth-calculator/,BLOCKED,"index, follow; index, follow",True,BLOCKED,False,11,11,0,FAIL,11,no,Er jobben verdt stresset? - Jobbverdikalkulator,0,https://geekskai.com/static/images/job-worth-calculator-og.png | https://geekskai.com/static/images/job-worth-calculator-twitter.png,https://geekskai.com/no/blog/,SEO-05 | SEO-06 | SEO-10,FAIL,2026-10-09T01:59:52.845201+00:00,"Canonical syntax valid; semantic equivalence to parent tool and intended indexability unconfirmed. SEO-10 is a recommendation, not proof Google indexed the result."
URL-0269,https://geekskai.com/zh-cn/tools/job-worth-calculator/share/,zh-cn,/tools/job-worth-calculator/share/,share_indexing_intent_unconfirmed,200,200,https://geekskai.com/zh-cn/tools/job-worth-calculator/share/,200,1,https://geekskai.com/zh-cn/tools/job-worth-calculator/,BLOCKED,"index, follow; index, follow",True,BLOCKED,False,11,11,0,FAIL,11,zh-cn,这b班上得值不值·测算版 - 工作性价比计算器,0,https://geekskai.com/static/images/job-worth-calculator-og.png | https://geekskai.com/static/images/job-worth-calculator-twitter.png,https://geekskai.com/zh-cn/blog/,SEO-05 | SEO-06 | SEO-10,FAIL,2026-10-09T01:59:53.224745+00:00,"Canonical syntax valid; semantic equivalence to parent tool and intended indexability unconfirmed. SEO-10 is a recommendation, not proof Google indexed the result."
URL-0270,https://geekskai.com/da/tools/job-worth-calculator/share/,da,/tools/job-worth-calculator/share/,share_indexing_intent_unconfirmed,200,200,https://geekskai.com/da/tools/job-worth-calculator/share/,200,1,https://geekskai.com/da/tools/job-worth-calculator/,BLOCKED,"index, follow; index, follow",True,BLOCKED,False,11,11,0,FAIL,11,da,Er mit job besværet værd? - Job værdi beregner,0,https://geekskai.com/static/images/job-worth-calculator-og.png | https://geekskai.com/static/images/job-worth-calculator-twitter.png,https://geekskai.com/da/blog/,SEO-05 | SEO-06 | SEO-10,FAIL,2026-10-09T01:59:53.775000+00:00,"Canonical syntax valid; semantic equivalence to parent tool and intended indexability unconfirmed. SEO-10 is a recommendation, not proof Google indexed the result."
URL-0271,https://geekskai.com/tools/json-to-table/,en,/tools/json-to-table/,indexable_self_canonical,200,200,https://geekskai.com/tools/json-to-table/,200,1,https://geekskai.com/tools/json-to-table/,PASS,"index, follow; index, follow, max-video-preview:-1, max-image-preview:large, max-snippet:-1",True,PASS,True,11,11,11,PASS,0,en,JSON to Table Converter - Best Free Online JSON to HTML/Excel Table Tool,1,https://geekskai.com/static/images/json-to-table-converter.png,,SEO-06,FAIL,2026-10-09T01:59:53.415595+00:00,
URL-0272,https://geekskai.com/ar/tools/json-to-table/,ar,/tools/json-to-table/,indexable_self_canonical,200,200,https://geekskai.com/ar/tools/json-to-table/,200,1,https://geekskai.com/ar/tools/json-to-table/,PASS,"index, follow; index, follow, max-video-preview:-1, max-image-preview:large, max-snippet:-1",True,PASS,True,11,11,11,PASS,0,ar,محول JSON إلى جدول - أفضل أداة مجانية على الإنترنت لتحويل JSON إلى جدول HTML/Excel,1,https://geekskai.com/static/images/json-to-table-converter.png,https://geekskai.com/ar/blog/,SEO-05 | SEO-06 | SEO-12,FAIL,2026-10-09T01:59:54.813933+00:00,
URL-0273,https://geekskai.com/de/tools/json-to-table/,de,/tools/json-to-table/,indexable_self_canonical,200,200,https://geekskai.com/de/tools/json-to-table/,200,1,https://geekskai.com/de/tools/json-to-table/,PASS,"index, follow; index, follow, max-video-preview:-1, max-image-preview:large, max-snippet:-1",True,PASS,True,11,11,11,PASS,0,de,JSON-zu-Tabelle-Konverter – Bestes kostenloses Online-Tool für JSON zu HTML/Excel,1,https://geekskai.com/static/images/json-to-table-converter.png,https://geekskai.com/de/blog/,SEO-05 | SEO-06 | SEO-12,FAIL,2026-10-09T01:59:54.673135+00:00,
URL-0274,https://geekskai.com/fr/tools/json-to-table/,fr,/tools/json-to-table/,indexable_self_canonical,200,200,https://geekskai.com/fr/tools/json-to-table/,200,1,https://geekskai.com/fr/tools/json-to-table/,PASS,"index, follow; index, follow, max-video-preview:-1, max-image-preview:large, max-snippet:-1",True,PASS,True,11,11,11,PASS,0,fr,Convertisseur JSON en tableau - Outil gratuit HTML/Excel,1,https://geekskai.com/static/images/json-to-table-converter.png,https://geekskai.com/fr/blog/,SEO-05 | SEO-06 | SEO-12,FAIL,2026-10-09T01:59:55.280354+00:00,
URL-0275,https://geekskai.com/es/tools/json-to-table/,es,/tools/json-to-table/,indexable_self_canonical,200,200,https://geekskai.com/es/tools/json-to-table/,200,1,https://geekskai.com/es/tools/json-to-table/,PASS,"index, follow; index, follow, max-video-preview:-1, max-image-preview:large, max-snippet:-1",True,PASS,True,11,11,11,PASS,0,es,Convertidor de JSON a tabla: la mejor herramienta gratuita en línea de tabla de JSON a HTML/Excel,1,https://geekskai.com/static/images/json-to-table-converter.png,https://geekskai.com/es/blog/,SEO-05 | SEO-06 | SEO-12,FAIL,2026-10-09T01:59:56.094065+00:00,
URL-0276,https://geekskai.com/ja/tools/json-to-table/,ja,/tools/json-to-table/,indexable_self_canonical,200,200,https://geekskai.com/ja/tools/json-to-table/,200,1,https://geekskai.com/ja/tools/json-to-table/,PASS,"index, follow; index, follow, max-video-preview:-1, max-image-preview:large, max-snippet:-1",True,PASS,True,11,11,11,PASS,0,ja,JSONからテーブル変換ツール - 最高の無料オンラインJSONからHTML/Excelテーブルツール,1,https://geekskai.com/static/images/json-to-table-converter.png,https://geekskai.com/ja/blog/,SEO-05 | SEO-06,FAIL,2026-10-09T01:59:56.016324+00:00,
URL-0277,https://geekskai.com/ko/tools/json-to-table/,ko,/tools/json-to-table/,indexable_self_canonical,200,200,https://geekskai.com/ko/tools/json-to-table/,200,1,https://geekskai.com/ko/tools/json-to-table/,PASS,"index, follow; index, follow, max-video-preview:-1, max-image-preview:large, max-snippet:-1",True,PASS,True,11,11,11,PASS,0,ko,JSON을 테이블로 변환기 - 최고의 무료 온라인 JSON to HTML/Excel 테이블 도구,1,https://geekskai.com/static/images/json-to-table-converter.png,https://geekskai.com/ko/blog/,SEO-05 | SEO-06,FAIL,2026-10-09T01:59:56.632849+00:00,
URL-0278,https://geekskai.com/no/tools/json-to-table/,no,/tools/json-to-table/,indexable_self_canonical,200,200,https://geekskai.com/no/tools/json-to-table/,200,1,https://geekskai.com/no/tools/json-to-table/,PASS,"index, follow; index, follow, max-video-preview:-1, max-image-preview:large, max-snippet:-1",True,PASS,True,11,11,11,PASS,0,no,JSON til Tabell Konverter - Beste Gratis Online JSON til HTML/Excel Tabell Verktøy,1,https://geekskai.com/static/images/json-to-table-converter.png,https://geekskai.com/no/blog/,SEO-05 | SEO-06,FAIL,2026-10-09T01:59:57.417721+00:00,
URL-0279,https://geekskai.com/zh-cn/tools/json-to-table/,zh-cn,/tools/json-to-table/,indexable_self_canonical,200,200,https://geekskai.com/zh-cn/tools/json-to-table/,200,1,https://geekskai.com/zh-cn/tools/json-to-table/,PASS,"index, follow; index, follow, max-video-preview:-1, max-image-preview:large, max-snippet:-1",True,PASS,True,11,11,11,PASS,0,zh-cn,JSON转表格转换器 - 最佳免费在线JSON转HTML/Excel表格工具,1,https://geekskai.com/static/images/json-to-table-converter.png,https://geekskai.com/zh-cn/blog/,SEO-05 | SEO-06,FAIL,2026-10-09T01:59:56.949726+00:00,
URL-0280,https://geekskai.com/da/tools/json-to-table/,da,/tools/json-to-table/,indexable_self_canonical,200,200,https://geekskai.com/da/tools/json-to-table/,200,1,https://geekskai.com/da/tools/json-to-table/,PASS,"index, follow; index, follow, max-video-preview:-1, max-image-preview:large, max-snippet:-1",True,PASS,True,11,11,11,PASS,0,da,JSON til Tabel Konverter - Bedste Gratis Online JSON til HTML/Excel Tabel Værktøj,1,https://geekskai.com/static/images/json-to-table-converter.png,https://geekskai.com/da/blog/,SEO-05 | SEO-06,FAIL,2026-10-09T01:59:57.900219+00:00,
URL-0281,https://geekskai.com/tools/morse-code-translator/,en,/tools/morse-code-translator/,indexable_self_canonical,200,200,https://geekskai.com/tools/morse-code-translator/,200,1,https://geekskai.com/tools/morse-code-translator/,PASS,"index, follow; index, follow, max-video-preview:-1, max-image-preview:large, max-snippet:-1",True,PASS,True,2,11,2,FAIL,9,en,Morse Code Translator & Generator,1,https://geekskai.com/static/og-images/tools.jpg,,SEO-03 | SEO-06,FAIL,2026-10-09T01:59:57.571145+00:00,
URL-0282,https://geekskai.com/ar/tools/morse-code-translator/,ar,/tools/morse-code-translator/,308_to_english,308,200,https://geekskai.com/tools/morse-code-translator/,308 /tools/morse-code-translator/ -> 200,1,https://geekskai.com/tools/morse-code-translator/,PASS,"index, follow; index, follow, max-video-preview:-1, max-image-preview:large, max-snippet:-1",True,PASS,False,2,11,0,PASS,0,en,Morse Code Translator & Generator,1,https://geekskai.com/static/og-images/tools.jpg,,,PASS,2026-10-09T01:59:58.228409+00:00,Redirect contract checked; final destination metadata findings are listed on its own direct URL.
URL-0283,https://geekskai.com/de/tools/morse-code-translator/,de,/tools/morse-code-translator/,308_to_english,308,200,https://geekskai.com/tools/morse-code-translator/,308 /tools/morse-code-translator/ -> 200,1,https://geekskai.com/tools/morse-code-translator/,PASS,"index, follow; index, follow, max-video-preview:-1, max-image-preview:large, max-snippet:-1",True,PASS,False,2,11,0,PASS,0,en,Morse Code Translator & Generator,1,https://geekskai.com/static/og-images/tools.jpg,,,PASS,2026-10-09T01:59:58.473885+00:00,Redirect contract checked; final destination metadata findings are listed on its own direct URL.
URL-0284,https://geekskai.com/fr/tools/morse-code-translator/,fr,/tools/morse-code-translator/,308_to_english,308,200,https://geekskai.com/tools/morse-code-translator/,308 /tools/morse-code-translator/ -> 200,1,https://geekskai.com/tools/morse-code-translator/,PASS,"index, follow; index, follow, max-video-preview:-1, max-image-preview:large, max-snippet:-1",True,PASS,False,2,11,0,PASS,0,en,Morse Code Translator & Generator,1,https://geekskai.com/static/og-images/tools.jpg,,,PASS,2026-10-09T01:59:58.684261+00:00,Redirect contract checked; final destination metadata findings are listed on its own direct URL.
URL-0285,https://geekskai.com/es/tools/morse-code-translator/,es,/tools/morse-code-translator/,308_to_english,308,200,https://geekskai.com/tools/morse-code-translator/,308 /tools/morse-code-translator/ -> 200,1,https://geekskai.com/tools/morse-code-translator/,PASS,"index, follow; index, follow, max-video-preview:-1, max-image-preview:large, max-snippet:-1",True,PASS,False,2,11,0,PASS,0,en,Morse Code Translator & Generator,1,https://geekskai.com/static/og-images/tools.jpg,,,PASS,2026-10-09T01:59:58.919561+00:00,Redirect contract checked; final destination metadata findings are listed on its own direct URL.
URL-0286,https://geekskai.com/ja/tools/morse-code-translator/,ja,/tools/morse-code-translator/,308_to_english,308,200,https://geekskai.com/tools/morse-code-translator/,308 /tools/morse-code-translator/ -> 200,1,https://geekskai.com/tools/morse-code-translator/,PASS,"index, follow; index, follow, max-video-preview:-1, max-image-preview:large, max-snippet:-1",True,PASS,False,2,11,0,PASS,0,en,Morse Code Translator & Generator,1,https://geekskai.com/static/og-images/tools.jpg,,,PASS,2026-10-09T01:59:59.620223+00:00,Redirect contract checked; final destination metadata findings are listed on its own direct URL.
URL-0287,https://geekskai.com/ko/tools/morse-code-translator/,ko,/tools/morse-code-translator/,308_to_english,308,200,https://geekskai.com/tools/morse-code-translator/,308 /tools/morse-code-translator/ -> 200,1,https://geekskai.com/tools/morse-code-translator/,PASS,"index, follow; index, follow, max-video-preview:-1, max-image-preview:large, max-snippet:-1",True,PASS,False,2,11,0,PASS,0,en,Morse Code Translator & Generator,1,https://geekskai.com/static/og-images/tools.jpg,,,PASS,2026-10-09T01:59:59.683782+00:00,Redirect contract checked; final destination metadata findings are listed on its own direct URL.
URL-0288,https://geekskai.com/no/tools/morse-code-translator/,no,/tools/morse-code-translator/,308_to_english,308,200,https://geekskai.com/tools/morse-code-translator/,308 /tools/morse-code-translator/ -> 200,1,https://geekskai.com/tools/morse-code-translator/,PASS,"index, follow; index, follow, max-video-preview:-1, max-image-preview:large, max-snippet:-1",True,PASS,False,2,11,0,PASS,0,en,Morse Code Translator & Generator,1,https://geekskai.com/static/og-images/tools.jpg,,,PASS,2026-10-09T01:59:59.844933+00:00,Redirect contract checked; final destination metadata findings are listed on its own direct URL.
URL-0289,https://geekskai.com/zh-cn/tools/morse-code-translator/,zh-cn,/tools/morse-code-translator/,308_to_english,308,200,https://geekskai.com/tools/morse-code-translator/,308 /tools/morse-code-translator/ -> 200,1,https://geekskai.com/tools/morse-code-translator/,PASS,"index, follow; index, follow, max-video-preview:-1, max-image-preview:large, max-snippet:-1",True,PASS,False,2,11,0,PASS,0,en,Morse Code Translator & Generator,1,https://geekskai.com/static/og-images/tools.jpg,,,PASS,2026-10-09T02:00:00.802576+00:00,Redirect contract checked; final destination metadata findings are listed on its own direct URL.
URL-0290,https://geekskai.com/da/tools/morse-code-translator/,da,/tools/morse-code-translator/,308_to_english,308,200,https://geekskai.com/tools/morse-code-translator/,308 /tools/morse-code-translator/ -> 200,1,https://geekskai.com/tools/morse-code-translator/,PASS,"index, follow; index, follow, max-video-preview:-1, max-image-preview:large, max-snippet:-1",True,PASS,False,2,11,0,PASS,0,en,Morse Code Translator & Generator,1,https://geekskai.com/static/og-images/tools.jpg,,,PASS,2026-10-09T02:00:00.836127+00:00,Redirect contract checked; final destination metadata findings are listed on its own direct URL.
URL-0291,https://geekskai.com/tools/pdf-to-markdown/,en,/tools/pdf-to-markdown/,indexable_self_canonical,200,200,https://geekskai.com/tools/pdf-to-markdown/,200,1,https://geekskai.com/tools/pdf-to-markdown/,PASS,"index, follow; index, follow, max-video-preview:-1, max-image-preview:large, max-snippet:-1",True,PASS,True,2,11,2,FAIL,9,en,PDF to Markdown Converter - Free Online PDF to MD Converter Tool,1,https://geekskai.com/static/images/pdf-to-markdown-converter.png,,SEO-03 | SEO-06,FAIL,2026-10-09T02:00:00.835983+00:00,
URL-0292,https://geekskai.com/ar/tools/pdf-to-markdown/,ar,/tools/pdf-to-markdown/,308_to_english,308,200,https://geekskai.com/tools/pdf-to-markdown/,308 /tools/pdf-to-markdown/ -> 200,1,https://geekskai.com/tools/pdf-to-markdown/,PASS,"index, follow; index, follow, max-video-preview:-1, max-image-preview:large, max-snippet:-1",True,PASS,False,2,11,0,PASS,0,en,PDF to Markdown Converter - Free Online PDF to MD Converter Tool,1,https://geekskai.com/static/images/pdf-to-markdown-converter.png,,,PASS,2026-10-09T02:00:01.855155+00:00,Redirect contract checked; final destination metadata findings are listed on its own direct URL.
URL-0293,https://geekskai.com/de/tools/pdf-to-markdown/,de,/tools/pdf-to-markdown/,308_to_english,308,200,https://geekskai.com/tools/pdf-to-markdown/,308 /tools/pdf-to-markdown/ -> 200,1,https://geekskai.com/tools/pdf-to-markdown/,PASS,"index, follow; index, follow, max-video-preview:-1, max-image-preview:large, max-snippet:-1",True,PASS,False,2,11,0,PASS,0,en,PDF to Markdown Converter - Free Online PDF to MD Converter Tool,1,https://geekskai.com/static/images/pdf-to-markdown-converter.png,,,PASS,2026-10-09T02:00:01.919644+00:00,Redirect contract checked; final destination metadata findings are listed on its own direct URL.
URL-0294,https://geekskai.com/fr/tools/pdf-to-markdown/,fr,/tools/pdf-to-markdown/,308_to_english,308,200,https://geekskai.com/tools/pdf-to-markdown/,308 /tools/pdf-to-markdown/ -> 200,1,https://geekskai.com/tools/pdf-to-markdown/,PASS,"index, follow; index, follow, max-video-preview:-1, max-image-preview:large, max-snippet:-1",True,PASS,False,2,11,0,PASS,0,en,PDF to Markdown Converter - Free Online PDF to MD Converter Tool,1,https://geekskai.com/static/images/pdf-to-markdown-converter.png,,,PASS,2026-10-09T02:00:01.920930+00:00,Redirect contract checked; final destination metadata findings are listed on its own direct URL.
URL-0295,https://geekskai.com/es/tools/pdf-to-markdown/,es,/tools/pdf-to-markdown/,308_to_english,308,200,https://geekskai.com/tools/pdf-to-markdown/,308 /tools/pdf-to-markdown/ -> 200,1,https://geekskai.com/tools/pdf-to-markdown/,PASS,"index, follow; index, follow, max-video-preview:-1, max-image-preview:large, max-snippet:-1",True,PASS,False,2,11,0,PASS,0,en,PDF to Markdown Converter - Free Online PDF to MD Converter Tool,1,https://geekskai.com/static/images/pdf-to-markdown-converter.png,,,PASS,2026-10-09T02:00:03.119272+00:00,Redirect contract checked; final destination metadata findings are listed on its own direct URL.
URL-0296,https://geekskai.com/ja/tools/pdf-to-markdown/,ja,/tools/pdf-to-markdown/,308_to_english,308,200,https://geekskai.com/tools/pdf-to-markdown/,308 /tools/pdf-to-markdown/ -> 200,1,https://geekskai.com/tools/pdf-to-markdown/,PASS,"index, follow; index, follow, max-video-preview:-1, max-image-preview:large, max-snippet:-1",True,PASS,False,2,11,0,PASS,0,en,PDF to Markdown Converter - Free Online PDF to MD Converter Tool,1,https://geekskai.com/static/images/pdf-to-markdown-converter.png,,,PASS,2026-10-09T02:00:03.100104+00:00,Redirect contract checked; final destination metadata findings are listed on its own direct URL.
URL-0297,https://geekskai.com/ko/tools/pdf-to-markdown/,ko,/tools/pdf-to-markdown/,308_to_english,308,200,https://geekskai.com/tools/pdf-to-markdown/,308 /tools/pdf-to-markdown/ -> 200,1,https://geekskai.com/tools/pdf-to-markdown/,PASS,"index, follow; index, follow, max-video-preview:-1, max-image-preview:large, max-snippet:-1",True,PASS,False,2,11,0,PASS,0,en,PDF to Markdown Converter - Free Online PDF to MD Converter Tool,1,https://geekskai.com/static/images/pdf-to-markdown-converter.png,,,PASS,2026-10-09T02:00:03.120908+00:00,Redirect contract checked; final destination metadata findings are listed on its own direct URL.
URL-0298,https://geekskai.com/no/tools/pdf-to-markdown/,no,/tools/pdf-to-markdown/,308_to_english,308,200,https://geekskai.com/tools/pdf-to-markdown/,308 /tools/pdf-to-markdown/ -> 200,1,https://geekskai.com/tools/pdf-to-markdown/,PASS,"index, follow; index, follow, max-video-preview:-1, max-image-preview:large, max-snippet:-1",True,PASS,False,2,11,0,PASS,0,en,PDF to Markdown Converter - Free Online PDF to MD Converter Tool,1,https://geekskai.com/static/images/pdf-to-markdown-converter.png,,,PASS,2026-10-09T02:00:04.501878+00:00,Redirect contract checked; final destination metadata findings are listed on its own direct URL.
URL-0299,https://geekskai.com/zh-cn/tools/pdf-to-markdown/,zh-cn,/tools/pdf-to-markdown/,308_to_english,308,200,https://geekskai.com/tools/pdf-to-markdown/,308 /tools/pdf-to-markdown/ -> 200,1,https://geekskai.com/tools/pdf-to-markdown/,PASS,"index, follow; index, follow, max-video-preview:-1, max-image-preview:large, max-snippet:-1",True,PASS,False,2,11,0,PASS,0,en,PDF to Markdown Converter - Free Online PDF to MD Converter Tool,1,https://geekskai.com/static/images/pdf-to-markdown-converter.png,,,PASS,2026-10-09T02:00:04.478376+00:00,Redirect contract checked; final destination metadata findings are listed on its own direct URL.
URL-0300,https://geekskai.com/da/tools/pdf-to-markdown/,da,/tools/pdf-to-markdown/,308_to_english,308,200,https://geekskai.com/tools/pdf-to-markdown/,308 /tools/pdf-to-markdown/ -> 200,1,https://geekskai.com/tools/pdf-to-markdown/,PASS,"index, follow; index, follow, max-video-preview:-1, max-image-preview:large, max-snippet:-1",True,PASS,False,2,11,0,PASS,0,en,PDF to Markdown Converter - Free Online PDF to MD Converter Tool,1,https://geekskai.com/static/images/pdf-to-markdown-converter.png,,,PASS,2026-10-09T02:00:04.515820+00:00,Redirect contract checked; final destination metadata findings are listed on its own direct URL.
URL-0301,https://geekskai.com/tools/perm-processing-time-tracker/,en,/tools/perm-processing-time-tracker/,indexable_self_canonical,200,200,https://geekskai.com/tools/perm-processing-time-tracker/,200,1,https://geekskai.com/tools/perm-processing-time-tracker/,PASS,"index, follow; index, follow, max-video-preview:-1, max-image-preview:large, max-snippet:-1",True,PASS,True,0,11,11,PASS,0,en,PERM Processing Time Tracker - Free Real-time DOL Immigration Status Checker,1,https://geekskai.com/static/images/perm-processing-time-tracker.png,,SEO-06,FAIL,2026-10-09T02:00:06.212922+00:00,
URL-0302,https://geekskai.com/ar/tools/perm-processing-time-tracker/,ar,/tools/perm-processing-time-tracker/,indexable_self_canonical,200,200,https://geekskai.com/ar/tools/perm-processing-time-tracker/,200,1,https://geekskai.com/ar/tools/perm-processing-time-tracker/,PASS,"index, follow; index, follow, max-video-preview:-1, max-image-preview:large, max-snippet:-1",True,PASS,True,0,11,11,PASS,0,ar,متتبع وقت معالجة PERM - فاحص حالة الهجرة المجاني في الوقت الفعلي من DOL,1,https://geekskai.com/static/images/perm-processing-time-tracker.png,https://geekskai.com/ar/blog/,SEO-05 | SEO-06 | SEO-12,FAIL,2026-10-09T02:00:06.359310+00:00,
URL-0303,https://geekskai.com/de/tools/perm-processing-time-tracker/,de,/tools/perm-processing-time-tracker/,indexable_self_canonical,200,200,https://geekskai.com/de/tools/perm-processing-time-tracker/,200,1,https://geekskai.com/de/tools/perm-processing-time-tracker/,PASS,"index, follow; index, follow, max-video-preview:-1, max-image-preview:large, max-snippet:-1",True,PASS,True,0,11,11,PASS,0,de,PERM Bearbeitungszeit Tracker - Kostenloser Echtzeit DOL Einwanderungsstatus-Checker,1,https://geekskai.com/static/images/perm-processing-time-tracker.png,https://geekskai.com/de/blog/,SEO-05 | SEO-06 | SEO-12,FAIL,2026-10-09T02:00:05.969075+00:00,
URL-0304,https://geekskai.com/fr/tools/perm-processing-time-tracker/,fr,/tools/perm-processing-time-tracker/,indexable_self_canonical,200,200,https://geekskai.com/fr/tools/perm-processing-time-tracker/,200,1,https://geekskai.com/fr/tools/perm-processing-time-tracker/,PASS,"index, follow; index, follow, max-video-preview:-1, max-image-preview:large, max-snippet:-1",True,PASS,True,0,11,11,PASS,0,fr,Suivi du Temps de Traitement PERM - Vérificateur d'État d'Immigration DOL en Temps Réel Gratuit,1,https://geekskai.com/static/images/perm-processing-time-tracker.png,https://geekskai.com/fr/blog/,SEO-05 | SEO-06 | SEO-12,FAIL,2026-10-09T02:00:08.053789+00:00,
URL-0305,https://geekskai.com/es/tools/perm-processing-time-tracker/,es,/tools/perm-processing-time-tracker/,indexable_self_canonical,200,200,https://geekskai.com/es/tools/perm-processing-time-tracker/,200,1,https://geekskai.com/es/tools/perm-processing-time-tracker/,PASS,"index, follow; index, follow, max-video-preview:-1, max-image-preview:large, max-snippet:-1",True,PASS,True,0,11,11,PASS,0,es,Rastreador de tiempo de procesamiento PERM: verificador de estado de inmigración DOL gratuito en tiempo real,1,https://geekskai.com/static/images/perm-processing-time-tracker.png,https://geekskai.com/es/blog/,SEO-05 | SEO-06 | SEO-12,FAIL,2026-10-09T02:00:08.263121+00:00,
URL-0306,https://geekskai.com/ja/tools/perm-processing-time-tracker/,ja,/tools/perm-processing-time-tracker/,indexable_self_canonical,200,200,https://geekskai.com/ja/tools/perm-processing-time-tracker/,200,1,https://geekskai.com/ja/tools/perm-processing-time-tracker/,PASS,"index, follow; index, follow, max-video-preview:-1, max-image-preview:large, max-snippet:-1",True,PASS,True,0,11,11,PASS,0,ja,PERM処理時間トラッカー - 無料リアルタイムDOL移民ステータスチェッカー,1,https://geekskai.com/static/images/perm-processing-time-tracker.png,https://geekskai.com/ja/blog/,SEO-05 | SEO-06,FAIL,2026-10-09T02:00:08.114289+00:00,
URL-0307,https://geekskai.com/ko/tools/perm-processing-time-tracker/,ko,/tools/perm-processing-time-tracker/,indexable_self_canonical,200,200,https://geekskai.com/ko/tools/perm-processing-time-tracker/,200,1,https://geekskai.com/ko/tools/perm-processing-time-tracker/,PASS,"index, follow; index, follow, max-video-preview:-1, max-image-preview:large, max-snippet:-1",True,PASS,True,0,11,11,PASS,0,ko,PERM 처리 시간 추적기 - 무료 실시간 DOL 이민 상태 확인기,1,https://geekskai.com/static/images/perm-processing-time-tracker.png,https://geekskai.com/ko/blog/,SEO-05 | SEO-06,FAIL,2026-10-09T02:00:09.757942+00:00,
URL-0308,https://geekskai.com/no/tools/perm-processing-time-tracker/,no,/tools/perm-processing-time-tracker/,indexable_self_canonical,200,200,https://geekskai.com/no/tools/perm-processing-time-tracker/,200,1,https://geekskai.com/no/tools/perm-processing-time-tracker/,PASS,"index, follow; index, follow, max-video-preview:-1, max-image-preview:large, max-snippet:-1",True,PASS,True,0,11,11,PASS,0,no,PERM Behandlingstid Sporer - Gratis Sanntid DOL Innvandringsstatus Sjekker,1,https://geekskai.com/static/images/perm-processing-time-tracker.png,https://geekskai.com/no/blog/,SEO-05 | SEO-06,FAIL,2026-10-09T02:00:09.484668+00:00,
URL-0309,https://geekskai.com/zh-cn/tools/perm-processing-time-tracker/,zh-cn,/tools/perm-processing-time-tracker/,indexable_self_canonical,200,200,https://geekskai.com/zh-cn/tools/perm-processing-time-tracker/,200,1,https://geekskai.com/zh-cn/tools/perm-processing-time-tracker/,PASS,"index, follow; index, follow, max-video-preview:-1, max-image-preview:large, max-snippet:-1",True,PASS,True,0,11,11,PASS,0,zh-cn,PERM处理时间追踪器 - 免费实时DOL移民状态检查器,1,https://geekskai.com/static/images/perm-processing-time-tracker.png,https://geekskai.com/zh-cn/blog/,SEO-05 | SEO-06,FAIL,2026-10-09T02:00:09.716783+00:00,
URL-0310,https://geekskai.com/da/tools/perm-processing-time-tracker/,da,/tools/perm-processing-time-tracker/,indexable_self_canonical,200,200,https://geekskai.com/da/tools/perm-processing-time-tracker/,200,1,https://geekskai.com/da/tools/perm-processing-time-tracker/,PASS,"index, follow; index, follow, max-video-preview:-1, max-image-preview:large, max-snippet:-1",True,PASS,True,0,11,11,PASS,0,da,PERM Behandlingstid Tracker - Gratis Realtid DOL Indvandringsstatus Checker,1,https://geekskai.com/static/images/perm-processing-time-tracker.png,https://geekskai.com/da/blog/,SEO-05 | SEO-06,FAIL,2026-10-09T02:00:10.848300+00:00,
URL-0311,https://geekskai.com/tools/pixels-to-inches/,en,/tools/pixels-to-inches/,indexable_self_canonical,200,200,https://geekskai.com/tools/pixels-to-inches/,200,1,https://geekskai.com/tools/pixels-to-inches/,PASS,"index, follow; index, follow, max-video-preview:-1, max-image-preview:large, max-snippet:-1",True,PASS,False,11,11,0,PASS,0,en,Pixels to Inches Converter - Free Online Calculator | Convert Pixels to Inches & Inches to Pixels Instantly,1,https://geekskai.com/static/tools/pixels-to-inches-og.jpg | https://geekskai.com/static/tools/pixels-to-inches-twitter.jpg,,SEO-06 | SEO-07,FAIL,2026-10-09T02:00:11.300753+00:00,
URL-0312,https://geekskai.com/ar/tools/pixels-to-inches/,ar,/tools/pixels-to-inches/,indexable_self_canonical,200,200,https://geekskai.com/ar/tools/pixels-to-inches/,200,1,https://geekskai.com/ar/tools/pixels-to-inches/,PASS,"index, follow; index, follow, max-video-preview:-1, max-image-preview:large, max-snippet:-1",True,PASS,False,11,11,0,PASS,0,ar,محول بكسل إلى بوصة - محول بكسل إلى بوصة حر | تحويل بكسل إلى بوصة وبوصة إلى بكسل بشكل فوري,1,https://geekskai.com/static/tools/pixels-to-inches-og.jpg | https://geekskai.com/static/tools/pixels-to-inches-twitter.jpg,https://geekskai.com/ar/blog/,SEO-05 | SEO-06 | SEO-07 | SEO-12,FAIL,2026-10-09T02:00:11.344564+00:00,
URL-0313,https://geekskai.com/de/tools/pixels-to-inches/,de,/tools/pixels-to-inches/,indexable_self_canonical,200,200,https://geekskai.com/de/tools/pixels-to-inches/,200,1,https://geekskai.com/de/tools/pixels-to-inches/,PASS,"index, follow; index, follow, max-video-preview:-1, max-image-preview:large, max-snippet:-1",True,PASS,False,11,11,0,PASS,0,de,Pixel-zu-Zoll-Konverter – Kostenloser Online-Rechner | Pixel in Zoll & Zoll in Pixel,1,https://geekskai.com/static/tools/pixels-to-inches-og.jpg | https://geekskai.com/static/tools/pixels-to-inches-twitter.jpg,https://geekskai.com/de/blog/,SEO-05 | SEO-06 | SEO-07 | SEO-12,FAIL,2026-10-09T02:00:12.044831+00:00,
URL-0314,https://geekskai.com/fr/tools/pixels-to-inches/,fr,/tools/pixels-to-inches/,indexable_self_canonical,200,200,https://geekskai.com/fr/tools/pixels-to-inches/,200,1,https://geekskai.com/fr/tools/pixels-to-inches/,PASS,"index, follow; index, follow, max-video-preview:-1, max-image-preview:large, max-snippet:-1",True,PASS,False,11,11,0,PASS,0,fr,Convertisseur pixels en pouces - Calculateur gratuit | Pixels ↔ pouces instantanément,1,https://geekskai.com/static/tools/pixels-to-inches-og.jpg | https://geekskai.com/static/tools/pixels-to-inches-twitter.jpg,https://geekskai.com/fr/blog/,SEO-05 | SEO-06 | SEO-07 | SEO-12,FAIL,2026-10-09T02:00:13.096408+00:00,
URL-0315,https://geekskai.com/es/tools/pixels-to-inches/,es,/tools/pixels-to-inches/,indexable_self_canonical,200,200,https://geekskai.com/es/tools/pixels-to-inches/,200,1,https://geekskai.com/es/tools/pixels-to-inches/,PASS,"index, follow; index, follow, max-video-preview:-1, max-image-preview:large, max-snippet:-1",True,PASS,False,11,11,0,PASS,0,es,Convertidor de píxeles a pulgadas - Calculadora online gratuita | Convierta píxeles a pulgadas y pulgadas a píxeles al instante,1,https://geekskai.com/static/tools/pixels-to-inches-og.jpg | https://geekskai.com/static/tools/pixels-to-inches-twitter.jpg,https://geekskai.com/es/blog/,SEO-05 | SEO-06 | SEO-07 | SEO-12,FAIL,2026-10-09T02:00:12.605313+00:00,
URL-0316,https://geekskai.com/ja/tools/pixels-to-inches/,ja,/tools/pixels-to-inches/,indexable_self_canonical,200,200,https://geekskai.com/ja/tools/pixels-to-inches/,200,1,https://geekskai.com/ja/tools/pixels-to-inches/,PASS,"index, follow; index, follow, max-video-preview:-1, max-image-preview:large, max-snippet:-1",True,PASS,False,11,11,0,PASS,0,ja,ピクセルからインチ変換 – 無料オンライン計算機 | ピクセル⇄インチを即時変換,1,https://geekskai.com/static/tools/pixels-to-inches-og.jpg | https://geekskai.com/static/tools/pixels-to-inches-twitter.jpg,https://geekskai.com/ja/blog/,SEO-05 | SEO-06 | SEO-07,FAIL,2026-10-09T02:00:13.375348+00:00,
URL-0317,https://geekskai.com/ko/tools/pixels-to-inches/,ko,/tools/pixels-to-inches/,indexable_self_canonical,200,200,https://geekskai.com/ko/tools/pixels-to-inches/,200,1,https://geekskai.com/ko/tools/pixels-to-inches/,PASS,"index, follow; index, follow, max-video-preview:-1, max-image-preview:large, max-snippet:-1",True,PASS,False,11,11,0,PASS,0,ko,픽셀 → 인치 변환기 – 무료 온라인 계산기 | 픽셀과 인치를 즉시 변환,1,https://geekskai.com/static/tools/pixels-to-inches-og.jpg | https://geekskai.com/static/tools/pixels-to-inches-twitter.jpg,https://geekskai.com/ko/blog/,SEO-05 | SEO-06 | SEO-07,FAIL,2026-10-09T02:00:15.254604+00:00,
URL-0318,https://geekskai.com/no/tools/pixels-to-inches/,no,/tools/pixels-to-inches/,indexable_self_canonical,200,200,https://geekskai.com/no/tools/pixels-to-inches/,200,1,https://geekskai.com/no/tools/pixels-to-inches/,PASS,"index, follow; index, follow, max-video-preview:-1, max-image-preview:large, max-snippet:-1",True,PASS,False,11,11,0,PASS,0,no,Piksler til tommer – Gratis online konverterer | Rask og nøyaktig,1,https://geekskai.com/static/tools/pixels-to-inches-og.jpg | https://geekskai.com/static/tools/pixels-to-inches-twitter.jpg,https://geekskai.com/no/blog/,SEO-05 | SEO-06 | SEO-07,FAIL,2026-10-09T02:00:15.122341+00:00,
URL-0319,https://geekskai.com/zh-cn/tools/pixels-to-inches/,zh-cn,/tools/pixels-to-inches/,indexable_self_canonical,200,200,https://geekskai.com/zh-cn/tools/pixels-to-inches/,200,1,https://geekskai.com/zh-cn/tools/pixels-to-inches/,PASS,"index, follow; index, follow, max-video-preview:-1, max-image-preview:large, max-snippet:-1",True,PASS,False,11,11,0,PASS,0,zh-cn,像素转英寸转换器 - 免费在线计算器 | 像素与英寸即时互转,1,https://geekskai.com/static/tools/pixels-to-inches-og.jpg | https://geekskai.com/static/tools/pixels-to-inches-twitter.jpg,https://geekskai.com/zh-cn/blog/,SEO-05 | SEO-06 | SEO-07,FAIL,2026-10-09T02:00:14.989271+00:00,
URL-0320,https://geekskai.com/da/tools/pixels-to-inches/,da,/tools/pixels-to-inches/,indexable_self_canonical,200,200,https://geekskai.com/da/tools/pixels-to-inches/,200,1,https://geekskai.com/da/tools/pixels-to-inches/,PASS,"index, follow; index, follow, max-video-preview:-1, max-image-preview:large, max-snippet:-1",True,PASS,False,11,11,0,PASS,0,da,Pixel til tommer konverter – Gratis online beregner | Konverter pixels til tommer & tommer til pixels øjeblikkeligt,1,https://geekskai.com/static/tools/pixels-to-inches-og.jpg | https://geekskai.com/static/tools/pixels-to-inches-twitter.jpg,https://geekskai.com/da/blog/,SEO-05 | SEO-06 | SEO-07,FAIL,2026-10-09T02:00:16.244893+00:00,
URL-0321,https://geekskai.com/tools/print-test-page/,en,/tools/print-test-page/,indexable_self_canonical,200,200,https://geekskai.com/tools/print-test-page/,200,1,https://geekskai.com/tools/print-test-page/,PASS,"index, follow; index, follow, max-video-preview:-1, max-image-preview:large, max-snippet:-1",True,PASS,True,11,11,11,PASS,0,en,Print Test Page - Free Online Test Page for Printer,1,https://geekskai.com/static/images/print-test-page.png,,SEO-06,FAIL,2026-10-09T02:00:16.418223+00:00,
URL-0322,https://geekskai.com/ar/tools/print-test-page/,ar,/tools/print-test-page/,indexable_self_canonical,200,200,https://geekskai.com/ar/tools/print-test-page/,200,1,https://geekskai.com/ar/tools/print-test-page/,PASS,"index, follow; index, follow, max-video-preview:-1, max-image-preview:large, max-snippet:-1",True,PASS,True,11,11,11,PASS,0,ar,طباعة الصفحة الاختبارية - أداة مجانية على الإنترنت لطباعة الصفحة الاختبارية,1,https://geekskai.com/static/images/print-test-page.png,https://geekskai.com/ar/blog/,SEO-05 | SEO-06 | SEO-12,FAIL,2026-10-09T02:00:17.073303+00:00,
URL-0323,https://geekskai.com/de/tools/print-test-page/,de,/tools/print-test-page/,indexable_self_canonical,200,200,https://geekskai.com/de/tools/print-test-page/,200,1,https://geekskai.com/de/tools/print-test-page/,PASS,"index, follow; index, follow, max-video-preview:-1, max-image-preview:large, max-snippet:-1",True,PASS,True,11,11,11,PASS,0,de,Druck-Testseite – Kostenloses Online-Tool für Drucker,1,https://geekskai.com/static/images/print-test-page.png,https://geekskai.com/de/blog/,SEO-05 | SEO-06 | SEO-12,FAIL,2026-10-09T02:00:17.357993+00:00,
URL-0324,https://geekskai.com/fr/tools/print-test-page/,fr,/tools/print-test-page/,indexable_self_canonical,200,200,https://geekskai.com/fr/tools/print-test-page/,200,1,https://geekskai.com/fr/tools/print-test-page/,PASS,"index, follow; index, follow, max-video-preview:-1, max-image-preview:large, max-snippet:-1",True,PASS,True,11,11,11,PASS,0,fr,Page de test d'impression - Page de test en ligne gratuite pour imprimante,1,https://geekskai.com/static/images/print-test-page.png,https://geekskai.com/fr/blog/,SEO-05 | SEO-06 | SEO-12,FAIL,2026-10-09T02:00:17.635757+00:00,
URL-0325,https://geekskai.com/es/tools/print-test-page/,es,/tools/print-test-page/,indexable_self_canonical,200,200,https://geekskai.com/es/tools/print-test-page/,200,1,https://geekskai.com/es/tools/print-test-page/,PASS,"index, follow; index, follow, max-video-preview:-1, max-image-preview:large, max-snippet:-1",True,PASS,True,11,11,11,PASS,0,es,Imprimir página de prueba: página de prueba en línea gratuita para impresora,1,https://geekskai.com/static/images/print-test-page.png,https://geekskai.com/es/blog/,SEO-05 | SEO-06 | SEO-12,FAIL,2026-10-09T02:00:18.038402+00:00,
URL-0326,https://geekskai.com/ja/tools/print-test-page/,ja,/tools/print-test-page/,indexable_self_canonical,200,200,https://geekskai.com/ja/tools/print-test-page/,200,1,https://geekskai.com/ja/tools/print-test-page/,PASS,"index, follow; index, follow, max-video-preview:-1, max-image-preview:large, max-snippet:-1",True,PASS,True,11,11,11,PASS,0,ja,プリントテストページ – 無料オンラインプリンターテストページツール,1,https://geekskai.com/static/images/print-test-page.png,https://geekskai.com/ja/blog/,SEO-05 | SEO-06,FAIL,2026-10-09T02:00:18.935854+00:00,
URL-0327,https://geekskai.com/ko/tools/print-test-page/,ko,/tools/print-test-page/,indexable_self_canonical,200,200,https://geekskai.com/ko/tools/print-test-page/,200,1,https://geekskai.com/ko/tools/print-test-page/,PASS,"index, follow; index, follow, max-video-preview:-1, max-image-preview:large, max-snippet:-1",True,PASS,True,11,11,11,PASS,0,ko,프린트 테스트 페이지 – 무료 온라인 프린터 테스트 페이지 도구,1,https://geekskai.com/static/images/print-test-page.png,https://geekskai.com/ko/blog/,SEO-05 | SEO-06,FAIL,2026-10-09T02:00:18.970386+00:00,
URL-0328,https://geekskai.com/no/tools/print-test-page/,no,/tools/print-test-page/,indexable_self_canonical,200,200,https://geekskai.com/no/tools/print-test-page/,200,1,https://geekskai.com/no/tools/print-test-page/,PASS,"index, follow; index, follow, max-video-preview:-1, max-image-preview:large, max-snippet:-1",True,PASS,True,11,11,11,PASS,0,no,Skriv ut testside – Gratis nettbasert verktøy for skriver-testside,1,https://geekskai.com/static/images/print-test-page.png,https://geekskai.com/no/blog/,SEO-05 | SEO-06,FAIL,2026-10-09T02:00:19.144727+00:00,
URL-0329,https://geekskai.com/zh-cn/tools/print-test-page/,zh-cn,/tools/print-test-page/,indexable_self_canonical,200,200,https://geekskai.com/zh-cn/tools/print-test-page/,200,1,https://geekskai.com/zh-cn/tools/print-test-page/,PASS,"index, follow; index, follow, max-video-preview:-1, max-image-preview:large, max-snippet:-1",True,PASS,True,11,11,11,PASS,0,zh-cn,打印测试页 – 免费在线打印机测试页工具,1,https://geekskai.com/static/images/print-test-page.png,https://geekskai.com/zh-cn/blog/,SEO-05 | SEO-06,FAIL,2026-10-09T02:00:20.522232+00:00,
URL-0330,https://geekskai.com/da/tools/print-test-page/,da,/tools/print-test-page/,indexable_self_canonical,200,200,https://geekskai.com/da/tools/print-test-page/,200,1,https://geekskai.com/da/tools/print-test-page/,PASS,"index, follow; index, follow, max-video-preview:-1, max-image-preview:large, max-snippet:-1",True,PASS,True,11,11,11,PASS,0,da,Print testside – Gratis online værktøj til printertestside,1,https://geekskai.com/static/images/print-test-page.png,https://geekskai.com/da/blog/,SEO-05 | SEO-06,FAIL,2026-10-09T02:00:20.726038+00:00,
URL-0331,https://geekskai.com/tools/pund-til-nok-kalkulator/,en,/tools/pund-til-nok-kalkulator/,indexable_self_canonical,200,200,https://geekskai.com/tools/pund-til-nok-kalkulator/,200,1,https://geekskai.com/tools/pund-til-nok-kalkulator/,PASS,"index, follow; index, follow, max-video-preview:-1, max-image-preview:large, max-snippet:-1",True,PASS,True,11,11,11,PASS,0,en,Pound to NOK Calculator,1,https://geekskai.com/static/tools/pund-til-nok-kalkulator-og.jpg | https://geekskai.com/static/tools/pund-til-nok-kalkulator-twitter.jpg,,SEO-06,FAIL,2026-10-09T02:00:20.617644+00:00,
URL-0332,https://geekskai.com/ar/tools/pund-til-nok-kalkulator/,ar,/tools/pund-til-nok-kalkulator/,indexable_self_canonical,200,200,https://geekskai.com/ar/tools/pund-til-nok-kalkulator/,200,1,https://geekskai.com/ar/tools/pund-til-nok-kalkulator/,PASS,"index, follow; index, follow, max-video-preview:-1, max-image-preview:large, max-snippet:-1",True,PASS,True,11,11,11,PASS,0,ar,حاسبة الجنيه إلى NOK,1,https://geekskai.com/static/tools/pund-til-nok-kalkulator-og.jpg | https://geekskai.com/static/tools/pund-til-nok-kalkulator-twitter.jpg,https://geekskai.com/ar/blog/,SEO-05 | SEO-06 | SEO-12,FAIL,2026-10-09T02:00:23.047336+00:00,
URL-0333,https://geekskai.com/de/tools/pund-til-nok-kalkulator/,de,/tools/pund-til-nok-kalkulator/,indexable_self_canonical,200,200,https://geekskai.com/de/tools/pund-til-nok-kalkulator/,200,1,https://geekskai.com/de/tools/pund-til-nok-kalkulator/,PASS,"index, follow; index, follow, max-video-preview:-1, max-image-preview:large, max-snippet:-1",True,PASS,True,11,11,11,PASS,0,de,Pfund zu NOK Rechner,1,https://geekskai.com/static/tools/pund-til-nok-kalkulator-og.jpg | https://geekskai.com/static/tools/pund-til-nok-kalkulator-twitter.jpg,https://geekskai.com/de/blog/,SEO-05 | SEO-06 | SEO-12,FAIL,2026-10-09T02:00:22.723696+00:00,
URL-0334,https://geekskai.com/fr/tools/pund-til-nok-kalkulator/,fr,/tools/pund-til-nok-kalkulator/,indexable_self_canonical,200,200,https://geekskai.com/fr/tools/pund-til-nok-kalkulator/,200,1,https://geekskai.com/fr/tools/pund-til-nok-kalkulator/,PASS,"index, follow; index, follow, max-video-preview:-1, max-image-preview:large, max-snippet:-1",True,PASS,True,11,11,11,PASS,0,fr,Calculateur livre vers NOK,1,https://geekskai.com/static/tools/pund-til-nok-kalkulator-og.jpg | https://geekskai.com/static/tools/pund-til-nok-kalkulator-twitter.jpg,https://geekskai.com/fr/blog/,SEO-05 | SEO-06 | SEO-12,FAIL,2026-10-09T02:00:21.572749+00:00,
URL-0335,https://geekskai.com/es/tools/pund-til-nok-kalkulator/,es,/tools/pund-til-nok-kalkulator/,indexable_self_canonical,200,200,https://geekskai.com/es/tools/pund-til-nok-kalkulator/,200,1,https://geekskai.com/es/tools/pund-til-nok-kalkulator/,PASS,"index, follow; index, follow, max-video-preview:-1, max-image-preview:large, max-snippet:-1",True,PASS,True,11,11,11,PASS,0,es,Calculadora de Libra a NOK,1,https://geekskai.com/static/tools/pund-til-nok-kalkulator-og.jpg | https://geekskai.com/static/tools/pund-til-nok-kalkulator-twitter.jpg,https://geekskai.com/es/blog/,SEO-05 | SEO-06 | SEO-12,FAIL,2026-10-09T02:00:22.826048+00:00,
URL-0336,https://geekskai.com/ja/tools/pund-til-nok-kalkulator/,ja,/tools/pund-til-nok-kalkulator/,indexable_self_canonical,200,200,https://geekskai.com/ja/tools/pund-til-nok-kalkulator/,200,1,https://geekskai.com/ja/tools/pund-til-nok-kalkulator/,PASS,"index, follow; index, follow, max-video-preview:-1, max-image-preview:large, max-snippet:-1",True,PASS,True,11,11,11,PASS,0,ja,ポンドからNOK計算機,1,https://geekskai.com/static/tools/pund-til-nok-kalkulator-og.jpg | https://geekskai.com/static/tools/pund-til-nok-kalkulator-twitter.jpg,https://geekskai.com/ja/blog/,SEO-05 | SEO-06,FAIL,2026-10-09T02:00:24.463608+00:00,
URL-0337,https://geekskai.com/ko/tools/pund-til-nok-kalkulator/,ko,/tools/pund-til-nok-kalkulator/,indexable_self_canonical,200,200,https://geekskai.com/ko/tools/pund-til-nok-kalkulator/,200,1,https://geekskai.com/ko/tools/pund-til-nok-kalkulator/,PASS,"index, follow; index, follow, max-video-preview:-1, max-image-preview:large, max-snippet:-1",True,PASS,True,11,11,11,PASS,0,ko,파운드에서 NOK 계산기,1,https://geekskai.com/static/tools/pund-til-nok-kalkulator-og.jpg | https://geekskai.com/static/tools/pund-til-nok-kalkulator-twitter.jpg,https://geekskai.com/ko/blog/,SEO-05 | SEO-06,FAIL,2026-10-09T02:00:24.574126+00:00,
URL-0338,https://geekskai.com/no/tools/pund-til-nok-kalkulator/,no,/tools/pund-til-nok-kalkulator/,indexable_self_canonical,200,200,https://geekskai.com/no/tools/pund-til-nok-kalkulator/,200,1,https://geekskai.com/no/tools/pund-til-nok-kalkulator/,PASS,"index, follow; index, follow, max-video-preview:-1, max-image-preview:large, max-snippet:-1",True,PASS,True,11,11,11,PASS,0,no,Pund til NOK Kalkulator,1,https://geekskai.com/static/tools/pund-til-nok-kalkulator-og.jpg | https://geekskai.com/static/tools/pund-til-nok-kalkulator-twitter.jpg,https://geekskai.com/no/blog/,SEO-05 | SEO-06,FAIL,2026-10-09T02:00:24.265386+00:00,
URL-0339,https://geekskai.com/zh-cn/tools/pund-til-nok-kalkulator/,zh-cn,/tools/pund-til-nok-kalkulator/,indexable_self_canonical,200,200,https://geekskai.com/zh-cn/tools/pund-til-nok-kalkulator/,200,1,https://geekskai.com/zh-cn/tools/pund-til-nok-kalkulator/,PASS,"index, follow; index, follow, max-video-preview:-1, max-image-preview:large, max-snippet:-1",True,PASS,True,11,11,11,PASS,0,zh-cn,英镑转 NOK 计算器,1,https://geekskai.com/static/tools/pund-til-nok-kalkulator-og.jpg | https://geekskai.com/static/tools/pund-til-nok-kalkulator-twitter.jpg,https://geekskai.com/zh-cn/blog/,SEO-05 | SEO-06,FAIL,2026-10-09T02:00:25.297298+00:00,
URL-0340,https://geekskai.com/da/tools/pund-til-nok-kalkulator/,da,/tools/pund-til-nok-kalkulator/,indexable_self_canonical,200,200,https://geekskai.com/da/tools/pund-til-nok-kalkulator/,200,1,https://geekskai.com/da/tools/pund-til-nok-kalkulator/,PASS,"index, follow; index, follow, max-video-preview:-1, max-image-preview:large, max-snippet:-1",True,PASS,True,11,11,11,PASS,0,da,Pund til NOK Beregner,1,https://geekskai.com/static/tools/pund-til-nok-kalkulator-og.jpg | https://geekskai.com/static/tools/pund-til-nok-kalkulator-twitter.jpg,https://geekskai.com/da/blog/,SEO-05 | SEO-06,FAIL,2026-10-09T02:00:25.861991+00:00,
URL-0341,https://geekskai.com/tools/random-4-digit-number-generator/,en,/tools/random-4-digit-number-generator/,indexable_self_canonical,200,200,https://geekskai.com/tools/random-4-digit-number-generator/,200,1,https://geekskai.com/tools/random-4-digit-number-generator/,PASS,"index, follow; index, follow, max-video-preview:-1, max-image-preview:large, max-snippet:-1",True,PASS,True,7,11,11,PASS,0,en,Random 4 Digit Number Generator - Free Random Code Generator Online,1,,,SEO-08,FAIL,2026-10-09T02:00:25.899840+00:00,
URL-0342,https://geekskai.com/ar/tools/random-4-digit-number-generator/,ar,/tools/random-4-digit-number-generator/,indexable_self_canonical,200,200,https://geekskai.com/ar/tools/random-4-digit-number-generator/,200,1,https://geekskai.com/ar/tools/random-4-digit-number-generator/,PASS,"index, follow; index, follow, max-video-preview:-1, max-image-preview:large, max-snippet:-1",True,PASS,True,7,11,11,FAIL,7,ar,مولد أرقام عشوائية مكونة من 4 أرقام - أداة مجانية عبر الإنترنت,1,,https://geekskai.com/ar/blog/,SEO-05 | SEO-08 | SEO-12,FAIL,2026-10-09T02:00:26.654329+00:00,
URL-0343,https://geekskai.com/de/tools/random-4-digit-number-generator/,de,/tools/random-4-digit-number-generator/,indexable_self_canonical,200,200,https://geekskai.com/de/tools/random-4-digit-number-generator/,200,1,https://geekskai.com/de/tools/random-4-digit-number-generator/,PASS,"index, follow; index, follow, max-video-preview:-1, max-image-preview:large, max-snippet:-1",True,PASS,True,7,11,11,FAIL,7,de,Zufälliger 4-stelliger Zahlengenerator – Kostenloser Online-Codegenerator,1,,https://geekskai.com/de/blog/,SEO-05 | SEO-08 | SEO-12,FAIL,2026-10-09T02:00:26.626862+00:00,
URL-0344,https://geekskai.com/fr/tools/random-4-digit-number-generator/,fr,/tools/random-4-digit-number-generator/,indexable_self_canonical,200,200,https://geekskai.com/fr/tools/random-4-digit-number-generator/,200,1,https://geekskai.com/fr/tools/random-4-digit-number-generator/,PASS,"index, follow; index, follow, max-video-preview:-1, max-image-preview:large, max-snippet:-1",True,PASS,True,7,11,11,FAIL,7,fr,Générateur de nombres aléatoires à 4 chiffres - Générateur de codes gratuit,1,,https://geekskai.com/fr/blog/,SEO-05 | SEO-08 | SEO-12,FAIL,2026-10-09T02:00:27.195972+00:00,
URL-0345,https://geekskai.com/es/tools/random-4-digit-number-generator/,es,/tools/random-4-digit-number-generator/,indexable_self_canonical,200,200,https://geekskai.com/es/tools/random-4-digit-number-generator/,200,1,https://geekskai.com/es/tools/random-4-digit-number-generator/,PASS,"index, follow; index, follow, max-video-preview:-1, max-image-preview:large, max-snippet:-1",True,PASS,True,7,11,11,FAIL,7,es,Generador de números aleatorios de 4 dígitos - Generador de códigos aleatorios gratuito en línea,1,,https://geekskai.com/es/blog/,SEO-05 | SEO-08 | SEO-12,FAIL,2026-10-09T02:00:28.700015+00:00,
URL-0346,https://geekskai.com/ja/tools/random-4-digit-number-generator/,ja,/tools/random-4-digit-number-generator/,indexable_self_canonical,200,200,https://geekskai.com/ja/tools/random-4-digit-number-generator/,200,1,https://geekskai.com/ja/tools/random-4-digit-number-generator/,PASS,"index, follow; index, follow, max-video-preview:-1, max-image-preview:large, max-snippet:-1",True,PASS,True,7,11,11,PASS,0,ja,ランダム4桁数字ジェネレーター - 無料オンライン認証コード生成ツール,1,,https://geekskai.com/ja/blog/,SEO-05 | SEO-08,FAIL,2026-10-09T02:00:28.558583+00:00,
URL-0347,https://geekskai.com/ko/tools/random-4-digit-number-generator/,ko,/tools/random-4-digit-number-generator/,indexable_self_canonical,200,200,https://geekskai.com/ko/tools/random-4-digit-number-generator/,200,1,https://geekskai.com/ko/tools/random-4-digit-number-generator/,PASS,"index, follow; index, follow, max-video-preview:-1, max-image-preview:large, max-snippet:-1",True,PASS,True,7,11,11,PASS,0,ko,랜덤 4자리 숫자 생성기 - 무료 온라인 랜덤 코드 생성 도구,1,,https://geekskai.com/ko/blog/,SEO-05 | SEO-08,FAIL,2026-10-09T02:00:28.637958+00:00,
URL-0348,https://geekskai.com/no/tools/random-4-digit-number-generator/,no,/tools/random-4-digit-number-generator/,indexable_self_canonical,200,200,https://geekskai.com/no/tools/random-4-digit-number-generator/,200,1,https://geekskai.com/no/tools/random-4-digit-number-generator/,PASS,"index, follow; index, follow, max-video-preview:-1, max-image-preview:large, max-snippet:-1",True,PASS,True,7,11,11,PASS,0,no,Tilfeldig 4-sifret tallgenerator - Gratis online tilfeldig kodegenerator,1,,https://geekskai.com/no/blog/,SEO-05 | SEO-08,FAIL,2026-10-09T02:00:30.200490+00:00,
URL-0349,https://geekskai.com/zh-cn/tools/random-4-digit-number-generator/,zh-cn,/tools/random-4-digit-number-generator/,indexable_self_canonical,200,200,https://geekskai.com/zh-cn/tools/random-4-digit-number-generator/,200,1,https://geekskai.com/zh-cn/tools/random-4-digit-number-generator/,PASS,"index, follow; index, follow, max-video-preview:-1, max-image-preview:large, max-snippet:-1",True,PASS,True,7,11,11,PASS,0,zh-cn,随机4位数字生成器 - 免费在线随机验证码生成工具,1,,https://geekskai.com/zh-cn/blog/,SEO-05 | SEO-08,FAIL,2026-10-09T02:00:30.027819+00:00,
URL-0350,https://geekskai.com/da/tools/random-4-digit-number-generator/,da,/tools/random-4-digit-number-generator/,indexable_self_canonical,200,200,https://geekskai.com/da/tools/random-4-digit-number-generator/,200,1,https://geekskai.com/da/tools/random-4-digit-number-generator/,PASS,"index, follow; index, follow, max-video-preview:-1, max-image-preview:large, max-snippet:-1",True,PASS,True,7,11,11,PASS,0,da,Tilfældig 4-cifret talgenerator - Gratis online tilfældig kodegenerator,1,,https://geekskai.com/da/blog/,SEO-05 | SEO-08,FAIL,2026-10-09T02:00:30.486196+00:00,
URL-0351,https://geekskai.com/tools/random-ssn-generator/,en,/tools/random-ssn-generator/,indexable_self_canonical,200,200,https://geekskai.com/tools/random-ssn-generator/,200,1,https://geekskai.com/tools/random-ssn-generator/,PASS,"index, follow; index, follow, max-video-preview:-1, max-image-preview:large, max-snippet:-1",True,PASS,True,11,11,11,PASS,0,en,Random SSN Generator - Valid Format Social Security Numbers | Free Tool,1,https://geekskai.com/static/images/og/random-ssn-generator.png,,SEO-06,FAIL,2026-10-09T02:00:31.034587+00:00,
URL-0352,https://geekskai.com/ar/tools/random-ssn-generator/,ar,/tools/random-ssn-generator/,indexable_self_canonical,200,200,https://geekskai.com/ar/tools/random-ssn-generator/,200,1,https://geekskai.com/ar/tools/random-ssn-generator/,PASS,"index, follow; index, follow, max-video-preview:-1, max-image-preview:large, max-snippet:-1",True,PASS,True,11,11,11,PASS,0,ar,مولد رقم SSN - رقم SSN الصالح في التنسيق | أداة حرة,1,https://geekskai.com/static/images/og/random-ssn-generator.png,https://geekskai.com/ar/blog/,SEO-05 | SEO-06 | SEO-12,FAIL,2026-10-09T02:00:32.631375+00:00,
URL-0353,https://geekskai.com/de/tools/random-ssn-generator/,de,/tools/random-ssn-generator/,indexable_self_canonical,200,200,https://geekskai.com/de/tools/random-ssn-generator/,200,1,https://geekskai.com/de/tools/random-ssn-generator/,PASS,"index, follow; index, follow, max-video-preview:-1, max-image-preview:large, max-snippet:-1",True,PASS,True,11,11,11,PASS,0,de,Zufälliger SSN-Generator – Sozialversicherungsnummern im gültigen Format | Kostenloses Tool,1,https://geekskai.com/static/images/og/random-ssn-generator.png,https://geekskai.com/de/blog/,SEO-05 | SEO-06 | SEO-12,FAIL,2026-10-09T02:00:31.515652+00:00,
URL-0354,https://geekskai.com/fr/tools/random-ssn-generator/,fr,/tools/random-ssn-generator/,indexable_self_canonical,200,200,https://geekskai.com/fr/tools/random-ssn-generator/,200,1,https://geekskai.com/fr/tools/random-ssn-generator/,PASS,"index, follow; index, follow, max-video-preview:-1, max-image-preview:large, max-snippet:-1",True,PASS,True,11,11,11,PASS,0,fr,Générateur de SSN aléatoires - Format valide | Outil gratuit,1,https://geekskai.com/static/images/og/random-ssn-generator.png,https://geekskai.com/fr/blog/,SEO-05 | SEO-06 | SEO-12,FAIL,2026-10-09T02:00:32.907685+00:00,
URL-0355,https://geekskai.com/es/tools/random-ssn-generator/,es,/tools/random-ssn-generator/,indexable_self_canonical,200,200,https://geekskai.com/es/tools/random-ssn-generator/,200,1,https://geekskai.com/es/tools/random-ssn-generator/,PASS,"index, follow; index, follow, max-video-preview:-1, max-image-preview:large, max-snippet:-1",True,PASS,True,11,11,11,PASS,0,es,Generador aleatorio de SSN: números de seguro social en formato válido | Herramienta gratuita,1,https://geekskai.com/static/images/og/random-ssn-generator.png,https://geekskai.com/es/blog/,SEO-05 | SEO-06 | SEO-12,FAIL,2026-10-09T02:00:32.769707+00:00,
URL-0356,https://geekskai.com/ja/tools/random-ssn-generator/,ja,/tools/random-ssn-generator/,indexable_self_canonical,200,200,https://geekskai.com/ja/tools/random-ssn-generator/,200,1,https://geekskai.com/ja/tools/random-ssn-generator/,PASS,"index, follow; index, follow, max-video-preview:-1, max-image-preview:large, max-snippet:-1",True,PASS,True,11,11,11,PASS,0,ja,ランダムSSNジェネレーター - 有効な形式の社会保障番号 | 無料ツール,1,https://geekskai.com/static/images/og/random-ssn-generator.png,https://geekskai.com/ja/blog/,SEO-05 | SEO-06,FAIL,2026-10-09T02:00:34.769620+00:00,
URL-0357,https://geekskai.com/ko/tools/random-ssn-generator/,ko,/tools/random-ssn-generator/,indexable_self_canonical,200,200,https://geekskai.com/ko/tools/random-ssn-generator/,200,1,https://geekskai.com/ko/tools/random-ssn-generator/,PASS,"index, follow; index, follow, max-video-preview:-1, max-image-preview:large, max-snippet:-1",True,PASS,True,11,11,11,PASS,0,ko,랜덤 SSN 생성기 - 유효한 형식의 사회보장번호 | 무료 도구,1,https://geekskai.com/static/images/og/random-ssn-generator.png,https://geekskai.com/ko/blog/,SEO-05 | SEO-06,FAIL,2026-10-09T02:00:34.613248+00:00,
URL-0358,https://geekskai.com/no/tools/random-ssn-generator/,no,/tools/random-ssn-generator/,indexable_self_canonical,200,200,https://geekskai.com/no/tools/random-ssn-generator/,200,1,https://geekskai.com/no/tools/random-ssn-generator/,PASS,"index, follow; index, follow, max-video-preview:-1, max-image-preview:large, max-snippet:-1",True,PASS,True,11,11,11,PASS,0,no,Tilfeldig SSN-generator - Gyldig format sosialforsikringsnummer | Gratis verktøy,1,https://geekskai.com/static/images/og/random-ssn-generator.png,https://geekskai.com/no/blog/,SEO-05 | SEO-06,FAIL,2026-10-09T02:00:34.640092+00:00,
URL-0359,https://geekskai.com/zh-cn/tools/random-ssn-generator/,zh-cn,/tools/random-ssn-generator/,indexable_self_canonical,200,200,https://geekskai.com/zh-cn/tools/random-ssn-generator/,200,1,https://geekskai.com/zh-cn/tools/random-ssn-generator/,PASS,"index, follow; index, follow, max-video-preview:-1, max-image-preview:large, max-snippet:-1",True,PASS,True,11,11,11,PASS,0,zh-cn,随机SSN生成器 - 有效格式社会保障号码 | 免费工具,1,https://geekskai.com/static/images/og/random-ssn-generator.png,https://geekskai.com/zh-cn/blog/,SEO-05 | SEO-06,FAIL,2026-10-09T02:00:35.840626+00:00,
URL-0360,https://geekskai.com/da/tools/random-ssn-generator/,da,/tools/random-ssn-generator/,indexable_self_canonical,200,200,https://geekskai.com/da/tools/random-ssn-generator/,200,1,https://geekskai.com/da/tools/random-ssn-generator/,PASS,"index, follow; index, follow, max-video-preview:-1, max-image-preview:large, max-snippet:-1",True,PASS,True,11,11,11,PASS,0,da,Tilfældig SSN Generator - Gyldige Format Social Security-numre | Gratis Værktøj,1,https://geekskai.com/static/images/og/random-ssn-generator.png,https://geekskai.com/da/blog/,SEO-05 | SEO-06,FAIL,2026-10-09T02:00:36.377245+00:00,
URL-0361,https://geekskai.com/tools/random-vin-generator/,en,/tools/random-vin-generator/,indexable_self_canonical,200,200,https://geekskai.com/tools/random-vin-generator/,200,1,https://geekskai.com/tools/random-vin-generator/,PASS,"index, follow; index, follow, max-video-preview:-1, max-image-preview:large, max-snippet:-1",True,PASS,True,11,11,11,PASS,0,en,Random VIN Generator - Vehicle Identification Numbers | ISO 3779 Compliant,1,,,,PASS,2026-10-09T02:00:37.051507+00:00,
URL-0362,https://geekskai.com/ar/tools/random-vin-generator/,ar,/tools/random-vin-generator/,indexable_self_canonical,200,200,https://geekskai.com/ar/tools/random-vin-generator/,200,1,https://geekskai.com/ar/tools/random-vin-generator/,PASS,"index, follow; index, follow, max-video-preview:-1, max-image-preview:large, max-snippet:-1",True,PASS,True,11,11,11,PASS,0,ar,مولد أرقام تعريف المركبات العشوائي - أرقام تعريف المركبات | متوافق مع ISO 3779,1,,https://geekskai.com/ar/blog/,SEO-05 | SEO-12,FAIL,2026-10-09T02:00:37.799444+00:00,
URL-0363,https://geekskai.com/de/tools/random-vin-generator/,de,/tools/random-vin-generator/,indexable_self_canonical,200,200,https://geekskai.com/de/tools/random-vin-generator/,200,1,https://geekskai.com/de/tools/random-vin-generator/,PASS,"index, follow; index, follow, max-video-preview:-1, max-image-preview:large, max-snippet:-1",True,PASS,True,11,11,11,PASS,0,de,Zufälliger VIN-Generator – Fahrzeug-Identifikationsnummern | ISO 3779 konform,1,,https://geekskai.com/de/blog/,SEO-05 | SEO-12,FAIL,2026-10-09T02:00:37.843624+00:00,
URL-0364,https://geekskai.com/fr/tools/random-vin-generator/,fr,/tools/random-vin-generator/,indexable_self_canonical,200,200,https://geekskai.com/fr/tools/random-vin-generator/,200,1,https://geekskai.com/fr/tools/random-vin-generator/,PASS,"index, follow; index, follow, max-video-preview:-1, max-image-preview:large, max-snippet:-1",True,PASS,True,11,11,11,PASS,0,fr,Générateur de VIN aléatoires - Numéros d’identification véhicule | Conforme ISO 3779,1,,https://geekskai.com/fr/blog/,SEO-05 | SEO-12,FAIL,2026-10-09T02:00:40.040131+00:00,
URL-0365,https://geekskai.com/es/tools/random-vin-generator/,es,/tools/random-vin-generator/,indexable_self_canonical,200,200,https://geekskai.com/es/tools/random-vin-generator/,200,1,https://geekskai.com/es/tools/random-vin-generator/,PASS,"index, follow; index, follow, max-video-preview:-1, max-image-preview:large, max-snippet:-1",True,PASS,True,11,11,11,PASS,0,es,Generador aleatorio de VIN: números de identificación de vehículos | Cumple con ISO 3779,1,,https://geekskai.com/es/blog/,SEO-05 | SEO-12,FAIL,2026-10-09T02:00:39.428254+00:00,
URL-0366,https://geekskai.com/ja/tools/random-vin-generator/,ja,/tools/random-vin-generator/,indexable_self_canonical,200,200,https://geekskai.com/ja/tools/random-vin-generator/,200,1,https://geekskai.com/ja/tools/random-vin-generator/,PASS,"index, follow; index, follow, max-video-preview:-1, max-image-preview:large, max-snippet:-1",True,PASS,True,11,11,11,PASS,0,ja,ランダムVIN生成器 - 車両識別番号 | ISO 3779準拠,1,,https://geekskai.com/ja/blog/,SEO-05,FAIL,2026-10-09T02:00:39.575680+00:00,
URL-0367,https://geekskai.com/ko/tools/random-vin-generator/,ko,/tools/random-vin-generator/,indexable_self_canonical,200,200,https://geekskai.com/ko/tools/random-vin-generator/,200,1,https://geekskai.com/ko/tools/random-vin-generator/,PASS,"index, follow; index, follow, max-video-preview:-1, max-image-preview:large, max-snippet:-1",True,PASS,True,11,11,11,PASS,0,ko,랜덤 VIN 생성기 - 차량 식별 번호 | ISO 3779 준수,1,,https://geekskai.com/ko/blog/,SEO-05,FAIL,2026-10-09T02:00:41.300570+00:00,
URL-0368,https://geekskai.com/no/tools/random-vin-generator/,no,/tools/random-vin-generator/,indexable_self_canonical,200,200,https://geekskai.com/no/tools/random-vin-generator/,200,1,https://geekskai.com/no/tools/random-vin-generator/,PASS,"index, follow; index, follow, max-video-preview:-1, max-image-preview:large, max-snippet:-1",True,PASS,True,11,11,11,PASS,0,no,Tilfeldig VIN Generator - Kjøretøyidentifikasjonsnummer | ISO 3779 Kompatibel,1,,https://geekskai.com/no/blog/,SEO-05,FAIL,2026-10-09T02:00:41.267680+00:00,
URL-0369,https://geekskai.com/zh-cn/tools/random-vin-generator/,zh-cn,/tools/random-vin-generator/,indexable_self_canonical,200,200,https://geekskai.com/zh-cn/tools/random-vin-generator/,200,1,https://geekskai.com/zh-cn/tools/random-vin-generator/,PASS,"index, follow; index, follow, max-video-preview:-1, max-image-preview:large, max-snippet:-1",True,PASS,True,11,11,11,PASS,0,zh-cn,随机VIN生成器 - 车辆识别码生成 | 符合ISO 3779标准,1,,https://geekskai.com/zh-cn/blog/,SEO-05,FAIL,2026-10-09T02:00:41.375495+00:00,
URL-0370,https://geekskai.com/da/tools/random-vin-generator/,da,/tools/random-vin-generator/,indexable_self_canonical,200,200,https://geekskai.com/da/tools/random-vin-generator/,200,1,https://geekskai.com/da/tools/random-vin-generator/,PASS,"index, follow; index, follow, max-video-preview:-1, max-image-preview:large, max-snippet:-1",True,PASS,True,11,11,11,PASS,0,da,Tilfældig VIN Generator - Køretøjsidentifikationsnumre | ISO 3779 Kompatibel,1,,https://geekskai.com/da/blog/,SEO-05,FAIL,2026-10-09T02:00:42.649454+00:00,
URL-0371,https://geekskai.com/tools/snow-day-calculator/,en,/tools/snow-day-calculator/,indexable_self_canonical,200,200,https://geekskai.com/tools/snow-day-calculator/,200,1,https://geekskai.com/tools/snow-day-calculator/,PASS,"index, follow; index, follow, max-video-preview:-1, max-image-preview:large, max-snippet:-1",True,PASS,True,0,11,11,PASS,0,en,Snow Day Calculator - Predict School Closures with Weather Data,1,https://geekskai.com/tools/snow-day-calculator-og.jpg,,SEO-06,FAIL,2026-10-09T02:00:43.165011+00:00,
URL-0372,https://geekskai.com/ar/tools/snow-day-calculator/,ar,/tools/snow-day-calculator/,indexable_self_canonical,200,200,https://geekskai.com/ar/tools/snow-day-calculator/,200,1,https://geekskai.com/ar/tools/snow-day-calculator/,PASS,"index, follow; index, follow, max-video-preview:-1, max-image-preview:large, max-snippet:-1",True,PASS,True,0,11,11,PASS,0,ar,حاسبة يوم الثلج - توقع إغلاق المدارس ببيانات الطقس,1,https://geekskai.com/tools/snow-day-calculator-og.jpg,https://geekskai.com/ar/blog/,SEO-05 | SEO-06 | SEO-12,FAIL,2026-10-09T02:00:42.704220+00:00,
URL-0373,https://geekskai.com/de/tools/snow-day-calculator/,de,/tools/snow-day-calculator/,indexable_self_canonical,200,200,https://geekskai.com/de/tools/snow-day-calculator/,200,1,https://geekskai.com/de/tools/snow-day-calculator/,PASS,"index, follow; index, follow, max-video-preview:-1, max-image-preview:large, max-snippet:-1",True,PASS,True,0,11,11,PASS,0,de,Schneefrei-Rechner – Schulschließungen mit Wetterdaten vorhersagen,1,https://geekskai.com/tools/snow-day-calculator-og.jpg,https://geekskai.com/de/blog/,SEO-05 | SEO-06 | SEO-12,FAIL,2026-10-09T02:00:43.855231+00:00,
URL-0374,https://geekskai.com/fr/tools/snow-day-calculator/,fr,/tools/snow-day-calculator/,indexable_self_canonical,200,200,https://geekskai.com/fr/tools/snow-day-calculator/,200,1,https://geekskai.com/fr/tools/snow-day-calculator/,PASS,"index, follow; index, follow, max-video-preview:-1, max-image-preview:large, max-snippet:-1",True,PASS,True,0,11,11,PASS,0,fr,Calculateur de jour de neige - Prédire les fermetures d’écoles grâce aux données météo,1,https://geekskai.com/tools/snow-day-calculator-og.jpg,https://geekskai.com/fr/blog/,SEO-05 | SEO-06 | SEO-12,FAIL,2026-10-09T02:00:43.671144+00:00,
URL-0375,https://geekskai.com/es/tools/snow-day-calculator/,es,/tools/snow-day-calculator/,indexable_self_canonical,200,200,https://geekskai.com/es/tools/snow-day-calculator/,200,1,https://geekskai.com/es/tools/snow-day-calculator/,PASS,"index, follow; index, follow, max-video-preview:-1, max-image-preview:large, max-snippet:-1",True,PASS,True,0,11,11,PASS,0,es,Calculadora de días de nieve: prediga el cierre de escuelas con datos meteorológicos,1,https://geekskai.com/tools/snow-day-calculator-og.jpg,https://geekskai.com/es/blog/,SEO-05 | SEO-06 | SEO-12,FAIL,2026-10-09T02:00:44.193575+00:00,
URL-0376,https://geekskai.com/ja/tools/snow-day-calculator/,ja,/tools/snow-day-calculator/,indexable_self_canonical,200,200,https://geekskai.com/ja/tools/snow-day-calculator/,200,1,https://geekskai.com/ja/tools/snow-day-calculator/,PASS,"index, follow; index, follow, max-video-preview:-1, max-image-preview:large, max-snippet:-1",True,PASS,True,0,11,11,PASS,0,ja,雪休み計算機 - 天候データで学校休校を予測,1,https://geekskai.com/tools/snow-day-calculator-og.jpg,https://geekskai.com/ja/blog/,SEO-05 | SEO-06,FAIL,2026-10-09T02:00:45.456370+00:00,
URL-0377,https://geekskai.com/ko/tools/snow-day-calculator/,ko,/tools/snow-day-calculator/,indexable_self_canonical,200,200,https://geekskai.com/ko/tools/snow-day-calculator/,200,1,https://geekskai.com/ko/tools/snow-day-calculator/,PASS,"index, follow; index, follow, max-video-preview:-1, max-image-preview:large, max-snippet:-1",True,PASS,True,0,11,11,PASS,0,ko,눈 오는 날 계산기 - 날씨 데이터로 학교 휴교 예측,1,https://geekskai.com/tools/snow-day-calculator-og.jpg,https://geekskai.com/ko/blog/,SEO-05 | SEO-06,FAIL,2026-10-09T02:00:45.670201+00:00,
URL-0378,https://geekskai.com/no/tools/snow-day-calculator/,no,/tools/snow-day-calculator/,indexable_self_canonical,200,200,https://geekskai.com/no/tools/snow-day-calculator/,200,1,https://geekskai.com/no/tools/snow-day-calculator/,PASS,"index, follow; index, follow, max-video-preview:-1, max-image-preview:large, max-snippet:-1",True,PASS,True,0,11,11,PASS,0,no,Snødagskalkulator – Forutsi skole­stengninger med værdata,1,https://geekskai.com/tools/snow-day-calculator-og.jpg,https://geekskai.com/no/blog/,SEO-05 | SEO-06,FAIL,2026-10-09T02:00:45.790326+00:00,
URL-0379,https://geekskai.com/zh-cn/tools/snow-day-calculator/,zh-cn,/tools/snow-day-calculator/,indexable_self_canonical,200,200,https://geekskai.com/zh-cn/tools/snow-day-calculator/,200,1,https://geekskai.com/zh-cn/tools/snow-day-calculator/,PASS,"index, follow; index, follow, max-video-preview:-1, max-image-preview:large, max-snippet:-1",True,PASS,True,0,11,11,PASS,0,zh-cn,下雪停课计算器 - 使用天气数据预测学校是否停课,1,https://geekskai.com/tools/snow-day-calculator-og.jpg,https://geekskai.com/zh-cn/blog/,SEO-05 | SEO-06,FAIL,2026-10-09T02:00:47.469936+00:00,
URL-0380,https://geekskai.com/da/tools/snow-day-calculator/,da,/tools/snow-day-calculator/,indexable_self_canonical,200,200,https://geekskai.com/da/tools/snow-day-calculator/,200,1,https://geekskai.com/da/tools/snow-day-calculator/,PASS,"index, follow; index, follow, max-video-preview:-1, max-image-preview:large, max-snippet:-1",True,PASS,True,0,11,11,PASS,0,da,Snevejrsberegner – Forudsig skolelukninger med vejrdata,1,https://geekskai.com/tools/snow-day-calculator-og.jpg,https://geekskai.com/da/blog/,SEO-05 | SEO-06,FAIL,2026-10-09T02:00:47.623107+00:00,
URL-0381,https://geekskai.com/tools/soundcloud-artwork-downloader/,en,/tools/soundcloud-artwork-downloader/,indexable_self_canonical,200,200,https://geekskai.com/tools/soundcloud-artwork-downloader/,200,1,https://geekskai.com/tools/soundcloud-artwork-downloader/,PASS,"index, follow; index, follow, max-video-preview:-1, max-image-preview:large, max-snippet:-1",True,PASS,True,5,11,5,FAIL,6,en,SoundCloud Artwork Downloader - Download Track Cover Images Free,1,,,SEO-03,FAIL,2026-10-09T02:00:47.444898+00:00,
URL-0382,https://geekskai.com/ar/tools/soundcloud-artwork-downloader/,ar,/tools/soundcloud-artwork-downloader/,308_to_english,308,200,https://geekskai.com/tools/soundcloud-artwork-downloader/,308 /tools/soundcloud-artwork-downloader/ -> 200,1,https://geekskai.com/tools/soundcloud-artwork-downloader/,PASS,"index, follow; index, follow, max-video-preview:-1, max-image-preview:large, max-snippet:-1",True,PASS,False,5,11,0,PASS,0,en,SoundCloud Artwork Downloader - Download Track Cover Images Free,1,,,,PASS,2026-10-09T02:00:48.311569+00:00,Redirect contract checked; final destination metadata findings are listed on its own direct URL.
URL-0383,https://geekskai.com/de/tools/soundcloud-artwork-downloader/,de,/tools/soundcloud-artwork-downloader/,indexable_self_canonical,200,200,https://geekskai.com/de/tools/soundcloud-artwork-downloader/,200,1,https://geekskai.com/de/tools/soundcloud-artwork-downloader/,PASS,"index, follow; index, follow, max-video-preview:-1, max-image-preview:large, max-snippet:-1",True,PASS,True,5,11,5,FAIL,6,de,SoundCloud-Artwork-Downloader - Track-Cover kostenlos herunterladen,1,,https://geekskai.com/de/blog/,SEO-03 | SEO-05 | SEO-12,FAIL,2026-10-09T02:00:48.447296+00:00,
URL-0384,https://geekskai.com/fr/tools/soundcloud-artwork-downloader/,fr,/tools/soundcloud-artwork-downloader/,indexable_self_canonical,200,200,https://geekskai.com/fr/tools/soundcloud-artwork-downloader/,200,1,https://geekskai.com/fr/tools/soundcloud-artwork-downloader/,PASS,"index, follow; index, follow, max-video-preview:-1, max-image-preview:large, max-snippet:-1",True,PASS,True,5,11,5,FAIL,6,fr,Téléchargeur d'Artwork SoundCloud - Télécharger gratuitement les pochettes de pistes,1,,https://geekskai.com/fr/blog/,SEO-03 | SEO-05 | SEO-12,FAIL,2026-10-09T02:00:48.722267+00:00,
URL-0385,https://geekskai.com/es/tools/soundcloud-artwork-downloader/,es,/tools/soundcloud-artwork-downloader/,indexable_self_canonical,200,200,https://geekskai.com/es/tools/soundcloud-artwork-downloader/,200,1,https://geekskai.com/es/tools/soundcloud-artwork-downloader/,PASS,"index, follow; index, follow, max-video-preview:-1, max-image-preview:large, max-snippet:-1",True,PASS,True,5,11,5,FAIL,6,es,Descargador de Artwork de SoundCloud - Descarga gratis portadas de pistas,1,,https://geekskai.com/es/blog/,SEO-03 | SEO-05 | SEO-12,FAIL,2026-10-09T02:00:49.421368+00:00,
URL-0386,https://geekskai.com/ja/tools/soundcloud-artwork-downloader/,ja,/tools/soundcloud-artwork-downloader/,308_to_english,308,200,https://geekskai.com/tools/soundcloud-artwork-downloader/,308 /tools/soundcloud-artwork-downloader/ -> 200,1,https://geekskai.com/tools/soundcloud-artwork-downloader/,PASS,"index, follow; index, follow, max-video-preview:-1, max-image-preview:large, max-snippet:-1",True,PASS,False,5,11,0,PASS,0,en,SoundCloud Artwork Downloader - Download Track Cover Images Free,1,,,,PASS,2026-10-09T02:00:49.425647+00:00,Redirect contract checked; final destination metadata findings are listed on its own direct URL.
URL-0387,https://geekskai.com/ko/tools/soundcloud-artwork-downloader/,ko,/tools/soundcloud-artwork-downloader/,308_to_english,308,200,https://geekskai.com/tools/soundcloud-artwork-downloader/,308 /tools/soundcloud-artwork-downloader/ -> 200,1,https://geekskai.com/tools/soundcloud-artwork-downloader/,PASS,"index, follow; index, follow, max-video-preview:-1, max-image-preview:large, max-snippet:-1",True,PASS,False,5,11,0,PASS,0,en,SoundCloud Artwork Downloader - Download Track Cover Images Free,1,,,,PASS,2026-10-09T02:00:49.608207+00:00,Redirect contract checked; final destination metadata findings are listed on its own direct URL.
URL-0388,https://geekskai.com/no/tools/soundcloud-artwork-downloader/,no,/tools/soundcloud-artwork-downloader/,308_to_english,308,200,https://geekskai.com/tools/soundcloud-artwork-downloader/,308 /tools/soundcloud-artwork-downloader/ -> 200,1,https://geekskai.com/tools/soundcloud-artwork-downloader/,PASS,"index, follow; index, follow, max-video-preview:-1, max-image-preview:large, max-snippet:-1",True,PASS,False,5,11,0,PASS,0,en,SoundCloud Artwork Downloader - Download Track Cover Images Free,1,,,,PASS,2026-10-09T02:00:50.385625+00:00,Redirect contract checked; final destination metadata findings are listed on its own direct URL.
URL-0389,https://geekskai.com/zh-cn/tools/soundcloud-artwork-downloader/,zh-cn,/tools/soundcloud-artwork-downloader/,308_to_english,308,200,https://geekskai.com/tools/soundcloud-artwork-downloader/,308 /tools/soundcloud-artwork-downloader/ -> 200,1,https://geekskai.com/tools/soundcloud-artwork-downloader/,PASS,"index, follow; index, follow, max-video-preview:-1, max-image-preview:large, max-snippet:-1",True,PASS,False,5,11,0,PASS,0,en,SoundCloud Artwork Downloader - Download Track Cover Images Free,1,,,,PASS,2026-10-09T02:00:50.473413+00:00,Redirect contract checked; final destination metadata findings are listed on its own direct URL.
URL-0390,https://geekskai.com/da/tools/soundcloud-artwork-downloader/,da,/tools/soundcloud-artwork-downloader/,308_to_english,308,200,https://geekskai.com/tools/soundcloud-artwork-downloader/,308 /tools/soundcloud-artwork-downloader/ -> 200,1,https://geekskai.com/tools/soundcloud-artwork-downloader/,PASS,"index, follow; index, follow, max-video-preview:-1, max-image-preview:large, max-snippet:-1",True,PASS,False,5,11,0,PASS,0,en,SoundCloud Artwork Downloader - Download Track Cover Images Free,1,,,,PASS,2026-10-09T02:00:50.534371+00:00,Redirect contract checked; final destination metadata findings are listed on its own direct URL.
URL-0391,https://geekskai.com/tools/soundcloud-downloader/,en,/tools/soundcloud-downloader/,indexable_self_canonical,200,200,https://geekskai.com/tools/soundcloud-downloader/,200,1,https://geekskai.com/tools/soundcloud-downloader/,PASS,"index, follow; index, follow, max-video-preview:-1, max-image-preview:large, max-snippet:-1",True,PASS,True,5,11,5,FAIL,6,en,SoundCloud Downloader - Download Tracks & Playlists Online Free,1,,,SEO-03,FAIL,2026-10-09T02:00:51.267357+00:00,
URL-0392,https://geekskai.com/ar/tools/soundcloud-downloader/,ar,/tools/soundcloud-downloader/,308_to_english,308,200,https://geekskai.com/tools/soundcloud-downloader/,308 /tools/soundcloud-downloader/ -> 200,1,https://geekskai.com/tools/soundcloud-downloader/,PASS,"index, follow; index, follow, max-video-preview:-1, max-image-preview:large, max-snippet:-1",True,PASS,False,5,11,0,PASS,0,en,SoundCloud Downloader - Download Tracks & Playlists Online Free,1,,,,PASS,2026-10-09T02:00:51.350097+00:00,Redirect contract checked; final destination metadata findings are listed on its own direct URL.
URL-0393,https://geekskai.com/de/tools/soundcloud-downloader/,de,/tools/soundcloud-downloader/,indexable_self_canonical,200,200,https://geekskai.com/de/tools/soundcloud-downloader/,200,1,https://geekskai.com/de/tools/soundcloud-downloader/,PASS,"index, follow; index, follow, max-video-preview:-1, max-image-preview:large, max-snippet:-1",True,PASS,True,5,11,5,FAIL,6,de,SoundCloud Downloader - Tracks & Playlists kostenlos online herunterladen,1,,https://geekskai.com/de/blog/,SEO-03 | SEO-05 | SEO-12,FAIL,2026-10-09T02:00:51.545752+00:00,
URL-0394,https://geekskai.com/fr/tools/soundcloud-downloader/,fr,/tools/soundcloud-downloader/,indexable_self_canonical,200,200,https://geekskai.com/fr/tools/soundcloud-downloader/,200,1,https://geekskai.com/fr/tools/soundcloud-downloader/,PASS,"index, follow; index, follow, max-video-preview:-1, max-image-preview:large, max-snippet:-1",True,PASS,True,5,11,5,FAIL,6,fr,Téléchargeur SoundCloud - Télécharger pistes & playlists gratuitement en ligne,1,,https://geekskai.com/fr/blog/,SEO-03 | SEO-05 | SEO-12,FAIL,2026-10-09T02:00:52.679252+00:00,
URL-0395,https://geekskai.com/es/tools/soundcloud-downloader/,es,/tools/soundcloud-downloader/,indexable_self_canonical,200,200,https://geekskai.com/es/tools/soundcloud-downloader/,200,1,https://geekskai.com/es/tools/soundcloud-downloader/,PASS,"index, follow; index, follow, max-video-preview:-1, max-image-preview:large, max-snippet:-1",True,PASS,True,5,11,5,FAIL,6,es,SoundCloud Downloader - Download Tracks & Playlists Online Free,1,,https://geekskai.com/es/blog/,SEO-03 | SEO-05 | SEO-09 | SEO-12,FAIL,2026-10-09T02:00:52.992594+00:00,
URL-0396,https://geekskai.com/ja/tools/soundcloud-downloader/,ja,/tools/soundcloud-downloader/,308_to_english,308,200,https://geekskai.com/tools/soundcloud-downloader/,308 /tools/soundcloud-downloader/ -> 200,1,https://geekskai.com/tools/soundcloud-downloader/,PASS,"index, follow; index, follow, max-video-preview:-1, max-image-preview:large, max-snippet:-1",True,PASS,False,5,11,0,PASS,0,en,SoundCloud Downloader - Download Tracks & Playlists Online Free,1,,,,PASS,2026-10-09T02:00:52.655782+00:00,Redirect contract checked; final destination metadata findings are listed on its own direct URL.
URL-0397,https://geekskai.com/ko/tools/soundcloud-downloader/,ko,/tools/soundcloud-downloader/,308_to_english,308,200,https://geekskai.com/tools/soundcloud-downloader/,308 /tools/soundcloud-downloader/ -> 200,1,https://geekskai.com/tools/soundcloud-downloader/,PASS,"index, follow; index, follow, max-video-preview:-1, max-image-preview:large, max-snippet:-1",True,PASS,False,5,11,0,PASS,0,en,SoundCloud Downloader - Download Tracks & Playlists Online Free,1,,,,PASS,2026-10-09T02:00:53.585815+00:00,Redirect contract checked; final destination metadata findings are listed on its own direct URL.
URL-0398,https://geekskai.com/no/tools/soundcloud-downloader/,no,/tools/soundcloud-downloader/,308_to_english,308,200,https://geekskai.com/tools/soundcloud-downloader/,308 /tools/soundcloud-downloader/ -> 200,1,https://geekskai.com/tools/soundcloud-downloader/,PASS,"index, follow; index, follow, max-video-preview:-1, max-image-preview:large, max-snippet:-1",True,PASS,False,5,11,0,PASS,0,en,SoundCloud Downloader - Download Tracks & Playlists Online Free,1,,,,PASS,2026-10-09T02:00:53.703640+00:00,Redirect contract checked; final destination metadata findings are listed on its own direct URL.
URL-0399,https://geekskai.com/zh-cn/tools/soundcloud-downloader/,zh-cn,/tools/soundcloud-downloader/,308_to_english,308,200,https://geekskai.com/tools/soundcloud-downloader/,308 /tools/soundcloud-downloader/ -> 200,1,https://geekskai.com/tools/soundcloud-downloader/,PASS,"index, follow; index, follow, max-video-preview:-1, max-image-preview:large, max-snippet:-1",True,PASS,False,5,11,0,PASS,0,en,SoundCloud Downloader - Download Tracks & Playlists Online Free,1,,,,PASS,2026-10-09T02:00:54.177381+00:00,Redirect contract checked; final destination metadata findings are listed on its own direct URL.
URL-0400,https://geekskai.com/da/tools/soundcloud-downloader/,da,/tools/soundcloud-downloader/,308_to_english,308,200,https://geekskai.com/tools/soundcloud-downloader/,308 /tools/soundcloud-downloader/ -> 200,1,https://geekskai.com/tools/soundcloud-downloader/,PASS,"index, follow; index, follow, max-video-preview:-1, max-image-preview:large, max-snippet:-1",True,PASS,False,5,11,0,PASS,0,en,SoundCloud Downloader - Download Tracks & Playlists Online Free,1,,,,PASS,2026-10-09T02:00:54.539027+00:00,Redirect contract checked; final destination metadata findings are listed on its own direct URL.
URL-0401,https://geekskai.com/tools/soundcloud-playlist-downloader/,en,/tools/soundcloud-playlist-downloader/,indexable_self_canonical,200,200,https://geekskai.com/tools/soundcloud-playlist-downloader/,200,1,https://geekskai.com/tools/soundcloud-playlist-downloader/,PASS,"index, follow; index, follow, max-video-preview:-1, max-image-preview:large, max-snippet:-1",True,PASS,True,5,11,5,FAIL,6,en,SoundCloud Playlist Downloader,1,,,SEO-03,FAIL,2026-10-09T02:00:54.923110+00:00,
URL-0402,https://geekskai.com/ar/tools/soundcloud-playlist-downloader/,ar,/tools/soundcloud-playlist-downloader/,308_to_english,308,200,https://geekskai.com/tools/soundcloud-playlist-downloader/,308 /tools/soundcloud-playlist-downloader/ -> 200,1,https://geekskai.com/tools/soundcloud-playlist-downloader/,PASS,"index, follow; index, follow, max-video-preview:-1, max-image-preview:large, max-snippet:-1",True,PASS,False,5,11,0,PASS,0,en,SoundCloud Playlist Downloader,1,,,,PASS,2026-10-09T02:00:55.123083+00:00,Redirect contract checked; final destination metadata findings are listed on its own direct URL.
URL-0403,https://geekskai.com/de/tools/soundcloud-playlist-downloader/,de,/tools/soundcloud-playlist-downloader/,indexable_self_canonical,200,200,https://geekskai.com/de/tools/soundcloud-playlist-downloader/,200,1,https://geekskai.com/de/tools/soundcloud-playlist-downloader/,PASS,"index, follow; index, follow, max-video-preview:-1, max-image-preview:large, max-snippet:-1",True,PASS,True,5,11,5,FAIL,6,de,SoundCloud Playlist Downloader,1,,https://geekskai.com/de/blog/,SEO-03 | SEO-05 | SEO-12,FAIL,2026-10-09T02:00:55.682051+00:00,
URL-0404,https://geekskai.com/fr/tools/soundcloud-playlist-downloader/,fr,/tools/soundcloud-playlist-downloader/,indexable_self_canonical,200,200,https://geekskai.com/fr/tools/soundcloud-playlist-downloader/,200,1,https://geekskai.com/fr/tools/soundcloud-playlist-downloader/,PASS,"index, follow; index, follow, max-video-preview:-1, max-image-preview:large, max-snippet:-1",True,PASS,True,5,11,5,FAIL,6,fr,Téléchargeur de playlists SoundCloud,1,,https://geekskai.com/fr/blog/,SEO-03 | SEO-05 | SEO-12,FAIL,2026-10-09T02:00:56.075831+00:00,
URL-0405,https://geekskai.com/es/tools/soundcloud-playlist-downloader/,es,/tools/soundcloud-playlist-downloader/,indexable_self_canonical,200,200,https://geekskai.com/es/tools/soundcloud-playlist-downloader/,200,1,https://geekskai.com/es/tools/soundcloud-playlist-downloader/,PASS,"index, follow; index, follow, max-video-preview:-1, max-image-preview:large, max-snippet:-1",True,PASS,True,5,11,5,FAIL,6,es,Descargador de playlists de SoundCloud,1,,https://geekskai.com/es/blog/,SEO-03 | SEO-05 | SEO-12,FAIL,2026-10-09T02:00:56.267894+00:00,
URL-0406,https://geekskai.com/ja/tools/soundcloud-playlist-downloader/,ja,/tools/soundcloud-playlist-downloader/,308_to_english,308,200,https://geekskai.com/tools/soundcloud-playlist-downloader/,308 /tools/soundcloud-playlist-downloader/ -> 200,1,https://geekskai.com/tools/soundcloud-playlist-downloader/,PASS,"index, follow; index, follow, max-video-preview:-1, max-image-preview:large, max-snippet:-1",True,PASS,False,5,11,0,PASS,0,en,SoundCloud Playlist Downloader,1,,,,PASS,2026-10-09T02:00:56.485347+00:00,Redirect contract checked; final destination metadata findings are listed on its own direct URL.
URL-0407,https://geekskai.com/ko/tools/soundcloud-playlist-downloader/,ko,/tools/soundcloud-playlist-downloader/,308_to_english,308,200,https://geekskai.com/tools/soundcloud-playlist-downloader/,308 /tools/soundcloud-playlist-downloader/ -> 200,1,https://geekskai.com/tools/soundcloud-playlist-downloader/,PASS,"index, follow; index, follow, max-video-preview:-1, max-image-preview:large, max-snippet:-1",True,PASS,False,5,11,0,PASS,0,en,SoundCloud Playlist Downloader,1,,,,PASS,2026-10-09T02:00:56.971305+00:00,Redirect contract checked; final destination metadata findings are listed on its own direct URL.
URL-0408,https://geekskai.com/no/tools/soundcloud-playlist-downloader/,no,/tools/soundcloud-playlist-downloader/,308_to_english,308,200,https://geekskai.com/tools/soundcloud-playlist-downloader/,308 /tools/soundcloud-playlist-downloader/ -> 200,1,https://geekskai.com/tools/soundcloud-playlist-downloader/,PASS,"index, follow; index, follow, max-video-preview:-1, max-image-preview:large, max-snippet:-1",True,PASS,False,5,11,0,PASS,0,en,SoundCloud Playlist Downloader,1,,,,PASS,2026-10-09T02:00:57.160268+00:00,Redirect contract checked; final destination metadata findings are listed on its own direct URL.
URL-0409,https://geekskai.com/zh-cn/tools/soundcloud-playlist-downloader/,zh-cn,/tools/soundcloud-playlist-downloader/,308_to_english,308,200,https://geekskai.com/tools/soundcloud-playlist-downloader/,308 /tools/soundcloud-playlist-downloader/ -> 200,1,https://geekskai.com/tools/soundcloud-playlist-downloader/,PASS,"index, follow; index, follow, max-video-preview:-1, max-image-preview:large, max-snippet:-1",True,PASS,False,5,11,0,PASS,0,en,SoundCloud Playlist Downloader,1,,,,PASS,2026-10-09T02:00:57.310501+00:00,Redirect contract checked; final destination metadata findings are listed on its own direct URL.
URL-0410,https://geekskai.com/da/tools/soundcloud-playlist-downloader/,da,/tools/soundcloud-playlist-downloader/,308_to_english,308,200,https://geekskai.com/tools/soundcloud-playlist-downloader/,308 /tools/soundcloud-playlist-downloader/ -> 200,1,https://geekskai.com/tools/soundcloud-playlist-downloader/,PASS,"index, follow; index, follow, max-video-preview:-1, max-image-preview:large, max-snippet:-1",True,PASS,False,5,11,0,PASS,0,en,SoundCloud Playlist Downloader,1,,,,PASS,2026-10-09T02:00:57.806664+00:00,Redirect contract checked; final destination metadata findings are listed on its own direct URL.
URL-0411,https://geekskai.com/tools/soundcloud-to-mp3/,en,/tools/soundcloud-to-mp3/,indexable_self_canonical,200,200,https://geekskai.com/tools/soundcloud-to-mp3/,200,1,https://geekskai.com/tools/soundcloud-to-mp3/,PASS,"index, follow; index, follow, max-video-preview:-1, max-image-preview:large, max-snippet:-1",True,PASS,True,5,11,5,FAIL,6,en,SoundCloud to MP3 Downloader,1,,,SEO-03,FAIL,2026-10-09T02:00:58.063372+00:00,
URL-0412,https://geekskai.com/ar/tools/soundcloud-to-mp3/,ar,/tools/soundcloud-to-mp3/,308_to_english,308,200,https://geekskai.com/tools/soundcloud-to-mp3/,308 /tools/soundcloud-to-mp3/ -> 200,1,https://geekskai.com/tools/soundcloud-to-mp3/,PASS,"index, follow; index, follow, max-video-preview:-1, max-image-preview:large, max-snippet:-1",True,PASS,False,5,11,0,PASS,0,en,SoundCloud to MP3 Downloader,1,,,,PASS,2026-10-09T02:00:58.150252+00:00,Redirect contract checked; final destination metadata findings are listed on its own direct URL.
URL-0413,https://geekskai.com/de/tools/soundcloud-to-mp3/,de,/tools/soundcloud-to-mp3/,indexable_self_canonical,200,200,https://geekskai.com/de/tools/soundcloud-to-mp3/,200,1,https://geekskai.com/de/tools/soundcloud-to-mp3/,PASS,"index, follow; index, follow, max-video-preview:-1, max-image-preview:large, max-snippet:-1",True,PASS,True,5,11,5,FAIL,6,de,SoundCloud zu MP3 Downloader,1,,https://geekskai.com/de/blog/,SEO-03 | SEO-05 | SEO-12,FAIL,2026-10-09T02:00:58.850691+00:00,
URL-0414,https://geekskai.com/fr/tools/soundcloud-to-mp3/,fr,/tools/soundcloud-to-mp3/,indexable_self_canonical,200,200,https://geekskai.com/fr/tools/soundcloud-to-mp3/,200,1,https://geekskai.com/fr/tools/soundcloud-to-mp3/,PASS,"index, follow; index, follow, max-video-preview:-1, max-image-preview:large, max-snippet:-1",True,PASS,True,5,11,5,FAIL,6,fr,Téléchargeur SoundCloud vers MP3,1,,https://geekskai.com/fr/blog/,SEO-03 | SEO-05 | SEO-12,FAIL,2026-10-09T02:00:59.354656+00:00,
URL-0415,https://geekskai.com/es/tools/soundcloud-to-mp3/,es,/tools/soundcloud-to-mp3/,indexable_self_canonical,200,200,https://geekskai.com/es/tools/soundcloud-to-mp3/,200,1,https://geekskai.com/es/tools/soundcloud-to-mp3/,PASS,"index, follow; index, follow, max-video-preview:-1, max-image-preview:large, max-snippet:-1",True,PASS,True,5,11,5,FAIL,6,es,Descargador de SoundCloud a MP3,1,,https://geekskai.com/es/blog/,SEO-03 | SEO-05 | SEO-12,FAIL,2026-10-09T02:00:59.497387+00:00,
URL-0416,https://geekskai.com/ja/tools/soundcloud-to-mp3/,ja,/tools/soundcloud-to-mp3/,308_to_english,308,200,https://geekskai.com/tools/soundcloud-to-mp3/,308 /tools/soundcloud-to-mp3/ -> 200,1,https://geekskai.com/tools/soundcloud-to-mp3/,PASS,"index, follow; index, follow, max-video-preview:-1, max-image-preview:large, max-snippet:-1",True,PASS,False,5,11,0,PASS,0,en,SoundCloud to MP3 Downloader,1,,,,PASS,2026-10-09T02:00:59.620656+00:00,Redirect contract checked; final destination metadata findings are listed on its own direct URL.
URL-0417,https://geekskai.com/ko/tools/soundcloud-to-mp3/,ko,/tools/soundcloud-to-mp3/,308_to_english,308,200,https://geekskai.com/tools/soundcloud-to-mp3/,308 /tools/soundcloud-to-mp3/ -> 200,1,https://geekskai.com/tools/soundcloud-to-mp3/,PASS,"index, follow; index, follow, max-video-preview:-1, max-image-preview:large, max-snippet:-1",True,PASS,False,5,11,0,PASS,0,en,SoundCloud to MP3 Downloader,1,,,,PASS,2026-10-09T02:01:00.184564+00:00,Redirect contract checked; final destination metadata findings are listed on its own direct URL.
URL-0418,https://geekskai.com/no/tools/soundcloud-to-mp3/,no,/tools/soundcloud-to-mp3/,308_to_english,308,200,https://geekskai.com/tools/soundcloud-to-mp3/,308 /tools/soundcloud-to-mp3/ -> 200,1,https://geekskai.com/tools/soundcloud-to-mp3/,PASS,"index, follow; index, follow, max-video-preview:-1, max-image-preview:large, max-snippet:-1",True,PASS,False,5,11,0,PASS,0,en,SoundCloud to MP3 Downloader,1,,,,PASS,2026-10-09T02:01:00.516144+00:00,Redirect contract checked; final destination metadata findings are listed on its own direct URL.
URL-0419,https://geekskai.com/zh-cn/tools/soundcloud-to-mp3/,zh-cn,/tools/soundcloud-to-mp3/,308_to_english,308,200,https://geekskai.com/tools/soundcloud-to-mp3/,308 /tools/soundcloud-to-mp3/ -> 200,1,https://geekskai.com/tools/soundcloud-to-mp3/,PASS,"index, follow; index, follow, max-video-preview:-1, max-image-preview:large, max-snippet:-1",True,PASS,False,5,11,0,PASS,0,en,SoundCloud to MP3 Downloader,1,,,,PASS,2026-10-09T02:01:00.577908+00:00,Redirect contract checked; final destination metadata findings are listed on its own direct URL.
URL-0420,https://geekskai.com/da/tools/soundcloud-to-mp3/,da,/tools/soundcloud-to-mp3/,308_to_english,308,200,https://geekskai.com/tools/soundcloud-to-mp3/,308 /tools/soundcloud-to-mp3/ -> 200,1,https://geekskai.com/tools/soundcloud-to-mp3/,PASS,"index, follow; index, follow, max-video-preview:-1, max-image-preview:large, max-snippet:-1",True,PASS,False,5,11,0,PASS,0,en,SoundCloud to MP3 Downloader,1,,,,PASS,2026-10-09T02:01:00.949904+00:00,Redirect contract checked; final destination metadata findings are listed on its own direct URL.
URL-0421,https://geekskai.com/tools/soundcloud-to-wav/,en,/tools/soundcloud-to-wav/,indexable_self_canonical,200,200,https://geekskai.com/tools/soundcloud-to-wav/,200,1,https://geekskai.com/tools/soundcloud-to-wav/,PASS,"index, follow; index, follow, max-video-preview:-1, max-image-preview:large, max-snippet:-1",True,PASS,True,5,11,5,FAIL,6,en,SoundCloud to WAV Downloader,1,,,SEO-03,FAIL,2026-10-09T02:01:18.728985+00:00,
URL-0422,https://geekskai.com/ar/tools/soundcloud-to-wav/,ar,/tools/soundcloud-to-wav/,308_to_english,308,200,https://geekskai.com/tools/soundcloud-to-wav/,308 /tools/soundcloud-to-wav/ -> 200,1,https://geekskai.com/tools/soundcloud-to-wav/,PASS,"index, follow; index, follow, max-video-preview:-1, max-image-preview:large, max-snippet:-1",True,PASS,False,5,11,0,PASS,0,en,SoundCloud to WAV Downloader,1,,,,PASS,2026-10-09T02:01:01.864567+00:00,Redirect contract checked; final destination metadata findings are listed on its own direct URL.
URL-0423,https://geekskai.com/de/tools/soundcloud-to-wav/,de,/tools/soundcloud-to-wav/,indexable_self_canonical,200,200,https://geekskai.com/de/tools/soundcloud-to-wav/,200,1,https://geekskai.com/de/tools/soundcloud-to-wav/,PASS,"index, follow; index, follow, max-video-preview:-1, max-image-preview:large, max-snippet:-1",True,PASS,True,5,11,5,FAIL,6,de,SoundCloud zu WAV Downloader,1,,https://geekskai.com/de/blog/,SEO-03 | SEO-05 | SEO-12,FAIL,2026-10-09T02:01:01.980890+00:00,
URL-0424,https://geekskai.com/fr/tools/soundcloud-to-wav/,fr,/tools/soundcloud-to-wav/,indexable_self_canonical,200,200,https://geekskai.com/fr/tools/soundcloud-to-wav/,200,1,https://geekskai.com/fr/tools/soundcloud-to-wav/,PASS,"index, follow; index, follow, max-video-preview:-1, max-image-preview:large, max-snippet:-1",True,PASS,True,5,11,5,FAIL,6,fr,Téléchargeur SoundCloud vers WAV,1,,https://geekskai.com/fr/blog/,SEO-03 | SEO-05 | SEO-12,FAIL,2026-10-09T02:01:02.899928+00:00,
URL-0425,https://geekskai.com/es/tools/soundcloud-to-wav/,es,/tools/soundcloud-to-wav/,indexable_self_canonical,200,200,https://geekskai.com/es/tools/soundcloud-to-wav/,200,1,https://geekskai.com/es/tools/soundcloud-to-wav/,PASS,"index, follow; index, follow, max-video-preview:-1, max-image-preview:large, max-snippet:-1",True,PASS,True,5,11,5,FAIL,6,es,Descargador de SoundCloud a WAV,1,,https://geekskai.com/es/blog/,SEO-03 | SEO-05 | SEO-12,FAIL,2026-10-09T02:01:02.773745+00:00,
URL-0426,https://geekskai.com/ja/tools/soundcloud-to-wav/,ja,/tools/soundcloud-to-wav/,308_to_english,308,200,https://geekskai.com/tools/soundcloud-to-wav/,308 /tools/soundcloud-to-wav/ -> 200,1,https://geekskai.com/tools/soundcloud-to-wav/,PASS,"index, follow; index, follow, max-video-preview:-1, max-image-preview:large, max-snippet:-1",True,PASS,False,5,11,0,PASS,0,en,SoundCloud to WAV Downloader,1,,,,PASS,2026-10-09T02:01:03.762364+00:00,Redirect contract checked; final destination metadata findings are listed on its own direct URL.
URL-0427,https://geekskai.com/ko/tools/soundcloud-to-wav/,ko,/tools/soundcloud-to-wav/,308_to_english,308,200,https://geekskai.com/tools/soundcloud-to-wav/,308 /tools/soundcloud-to-wav/ -> 200,1,https://geekskai.com/tools/soundcloud-to-wav/,PASS,"index, follow; index, follow, max-video-preview:-1, max-image-preview:large, max-snippet:-1",True,PASS,False,5,11,0,PASS,0,en,SoundCloud to WAV Downloader,1,,,,PASS,2026-10-09T02:01:03.743559+00:00,Redirect contract checked; final destination metadata findings are listed on its own direct URL.
URL-0428,https://geekskai.com/no/tools/soundcloud-to-wav/,no,/tools/soundcloud-to-wav/,308_to_english,308,200,https://geekskai.com/tools/soundcloud-to-wav/,308 /tools/soundcloud-to-wav/ -> 200,1,https://geekskai.com/tools/soundcloud-to-wav/,PASS,"index, follow; index, follow, max-video-preview:-1, max-image-preview:large, max-snippet:-1",True,PASS,False,5,11,0,PASS,0,en,SoundCloud to WAV Downloader,1,,,,PASS,2026-10-09T02:01:04.637211+00:00,Redirect contract checked; final destination metadata findings are listed on its own direct URL.
URL-0429,https://geekskai.com/zh-cn/tools/soundcloud-to-wav/,zh-cn,/tools/soundcloud-to-wav/,308_to_english,308,200,https://geekskai.com/tools/soundcloud-to-wav/,308 /tools/soundcloud-to-wav/ -> 200,1,https://geekskai.com/tools/soundcloud-to-wav/,PASS,"index, follow; index, follow, max-video-preview:-1, max-image-preview:large, max-snippet:-1",True,PASS,False,5,11,0,PASS,0,en,SoundCloud to WAV Downloader,1,,,,PASS,2026-10-09T02:01:04.619828+00:00,Redirect contract checked; final destination metadata findings are listed on its own direct URL.
URL-0430,https://geekskai.com/da/tools/soundcloud-to-wav/,da,/tools/soundcloud-to-wav/,308_to_english,308,200,https://geekskai.com/tools/soundcloud-to-wav/,308 /tools/soundcloud-to-wav/ -> 200,1,https://geekskai.com/tools/soundcloud-to-wav/,PASS,"index, follow; index, follow, max-video-preview:-1, max-image-preview:large, max-snippet:-1",True,PASS,False,5,11,0,PASS,0,en,SoundCloud to WAV Downloader,1,,,,PASS,2026-10-09T02:01:05.276773+00:00,Redirect contract checked; final destination metadata findings are listed on its own direct URL.
URL-0431,https://geekskai.com/tools/soundcloud/,en,/tools/soundcloud/,indexable_self_canonical,200,200,https://geekskai.com/tools/soundcloud/,200,1,https://geekskai.com/tools/soundcloud/,PASS,"index, follow",True,PASS,True,5,11,5,FAIL,6,en,"SoundCloud Tools - Track, MP3/M4A, Playlist & Artwork",1,https://geekskai.com/static/og-images/tools.jpg,,SEO-03 | SEO-06,FAIL,2026-10-09T02:01:05.722153+00:00,
URL-0432,https://geekskai.com/ar/tools/soundcloud/,ar,/tools/soundcloud/,308_to_english,308,200,https://geekskai.com/tools/soundcloud/,308 /tools/soundcloud/ -> 200,1,https://geekskai.com/tools/soundcloud/,PASS,"index, follow",True,PASS,False,5,11,0,PASS,0,en,"SoundCloud Tools - Track, MP3/M4A, Playlist & Artwork",1,https://geekskai.com/static/og-images/tools.jpg,,,PASS,2026-10-09T02:01:06.046058+00:00,Redirect contract checked; final destination metadata findings are listed on its own direct URL.
URL-0433,https://geekskai.com/de/tools/soundcloud/,de,/tools/soundcloud/,indexable_self_canonical,200,200,https://geekskai.com/de/tools/soundcloud/,200,1,https://geekskai.com/de/tools/soundcloud/,PASS,"index, follow",True,PASS,True,5,11,5,FAIL,6,de,"SoundCloud Tools - MP3/M4A Tracks, Playlists und Artwork",1,https://geekskai.com/static/og-images/tools.jpg,https://geekskai.com/de/blog/,SEO-03 | SEO-05 | SEO-06 | SEO-12,FAIL,2026-10-09T02:01:07.331331+00:00,
URL-0434,https://geekskai.com/fr/tools/soundcloud/,fr,/tools/soundcloud/,indexable_self_canonical,200,200,https://geekskai.com/fr/tools/soundcloud/,200,1,https://geekskai.com/fr/tools/soundcloud/,PASS,"index, follow",True,PASS,True,5,11,5,FAIL,6,fr,"Outils SoundCloud - pistes MP3/M4A, playlists et pochettes",1,https://geekskai.com/static/og-images/tools.jpg,https://geekskai.com/fr/blog/,SEO-03 | SEO-05 | SEO-06 | SEO-12,FAIL,2026-10-09T02:01:06.972765+00:00,
URL-0435,https://geekskai.com/es/tools/soundcloud/,es,/tools/soundcloud/,indexable_self_canonical,200,200,https://geekskai.com/es/tools/soundcloud/,200,1,https://geekskai.com/es/tools/soundcloud/,PASS,"index, follow",True,PASS,True,5,11,5,FAIL,6,es,"Herramientas SoundCloud - pistas MP3/M4A, playlists y caratulas",1,https://geekskai.com/static/og-images/tools.jpg,https://geekskai.com/es/blog/,SEO-03 | SEO-05 | SEO-06 | SEO-12,FAIL,2026-10-09T02:01:08.249058+00:00,
URL-0436,https://geekskai.com/ja/tools/soundcloud/,ja,/tools/soundcloud/,308_to_english,308,200,https://geekskai.com/tools/soundcloud/,308 /tools/soundcloud/ -> 200,1,https://geekskai.com/tools/soundcloud/,PASS,"index, follow",True,PASS,False,5,11,0,PASS,0,en,"SoundCloud Tools - Track, MP3/M4A, Playlist & Artwork",1,https://geekskai.com/static/og-images/tools.jpg,,,PASS,2026-10-09T02:01:08.272674+00:00,Redirect contract checked; final destination metadata findings are listed on its own direct URL.
URL-0437,https://geekskai.com/ko/tools/soundcloud/,ko,/tools/soundcloud/,308_to_english,308,200,https://geekskai.com/tools/soundcloud/,308 /tools/soundcloud/ -> 200,1,https://geekskai.com/tools/soundcloud/,PASS,"index, follow",True,PASS,False,5,11,0,PASS,0,en,"SoundCloud Tools - Track, MP3/M4A, Playlist & Artwork",1,https://geekskai.com/static/og-images/tools.jpg,,,PASS,2026-10-09T02:01:09.276306+00:00,Redirect contract checked; final destination metadata findings are listed on its own direct URL.
URL-0438,https://geekskai.com/no/tools/soundcloud/,no,/tools/soundcloud/,308_to_english,308,200,https://geekskai.com/tools/soundcloud/,308 /tools/soundcloud/ -> 200,1,https://geekskai.com/tools/soundcloud/,PASS,"index, follow",True,PASS,False,5,11,0,PASS,0,en,"SoundCloud Tools - Track, MP3/M4A, Playlist & Artwork",1,https://geekskai.com/static/og-images/tools.jpg,,,PASS,2026-10-09T02:01:09.334804+00:00,Redirect contract checked; final destination metadata findings are listed on its own direct URL.
URL-0439,https://geekskai.com/zh-cn/tools/soundcloud/,zh-cn,/tools/soundcloud/,308_to_english,308,200,https://geekskai.com/tools/soundcloud/,308 /tools/soundcloud/ -> 200,1,https://geekskai.com/tools/soundcloud/,PASS,"index, follow",True,PASS,False,5,11,0,PASS,0,en,"SoundCloud Tools - Track, MP3/M4A, Playlist & Artwork",1,https://geekskai.com/static/og-images/tools.jpg,,,PASS,2026-10-09T02:01:10.238244+00:00,Redirect contract checked; final destination metadata findings are listed on its own direct URL.
URL-0440,https://geekskai.com/da/tools/soundcloud/,da,/tools/soundcloud/,308_to_english,308,200,https://geekskai.com/tools/soundcloud/,308 /tools/soundcloud/ -> 200,1,https://geekskai.com/tools/soundcloud/,PASS,"index, follow",True,PASS,False,5,11,0,PASS,0,en,"SoundCloud Tools - Track, MP3/M4A, Playlist & Artwork",1,https://geekskai.com/static/og-images/tools.jpg,,,PASS,2026-10-09T02:01:10.300829+00:00,Redirect contract checked; final destination metadata findings are listed on its own direct URL.
URL-0441,https://geekskai.com/tools/streaming-music-player/,en,/tools/streaming-music-player/,indexable_self_canonical,200,200,https://geekskai.com/tools/streaming-music-player/,200,1,https://geekskai.com/tools/streaming-music-player/,PASS,"index, follow",True,PASS,True,11,11,11,PASS,0,en,Free Streaming Music Player – HLS .m3u8 Online | GeeksKai,1,https://geekskai.com/static/images/tools/streaming-music-player/streaming-music-player.png,,SEO-06,FAIL,2026-10-09T02:01:11.533071+00:00,
URL-0442,https://geekskai.com/ar/tools/streaming-music-player/,ar,/tools/streaming-music-player/,indexable_self_canonical,200,200,https://geekskai.com/ar/tools/streaming-music-player/,200,1,https://geekskai.com/ar/tools/streaming-music-player/,PASS,"index, follow",True,PASS,True,11,11,11,PASS,0,ar,مشغل موسيقى بث مجاني – HLS .m3u8 أونلاين | GeeksKai,1,https://geekskai.com/static/images/tools/streaming-music-player/streaming-music-player.png,https://geekskai.com/ar/blog/,SEO-05 | SEO-06 | SEO-12,FAIL,2026-10-09T02:01:11.855475+00:00,
URL-0443,https://geekskai.com/de/tools/streaming-music-player/,de,/tools/streaming-music-player/,indexable_self_canonical,200,200,https://geekskai.com/de/tools/streaming-music-player/,200,1,https://geekskai.com/de/tools/streaming-music-player/,PASS,"index, follow",True,PASS,True,11,11,11,PASS,0,de,Kostenloser Streaming-Musikplayer – HLS .m3u8 online | GeeksKai,1,https://geekskai.com/static/images/tools/streaming-music-player/streaming-music-player.png,https://geekskai.com/de/blog/,SEO-05 | SEO-06 | SEO-12,FAIL,2026-10-09T02:01:12.639071+00:00,
URL-0444,https://geekskai.com/fr/tools/streaming-music-player/,fr,/tools/streaming-music-player/,indexable_self_canonical,200,200,https://geekskai.com/fr/tools/streaming-music-player/,200,1,https://geekskai.com/fr/tools/streaming-music-player/,PASS,"index, follow",True,PASS,True,11,11,11,PASS,0,fr,Lecteur de musique en streaming gratuit – HLS .m3u8 en ligne | GeeksKai,1,https://geekskai.com/static/images/tools/streaming-music-player/streaming-music-player.png,https://geekskai.com/fr/blog/,SEO-05 | SEO-06 | SEO-12,FAIL,2026-10-09T02:01:13.122449+00:00,
URL-0445,https://geekskai.com/es/tools/streaming-music-player/,es,/tools/streaming-music-player/,indexable_self_canonical,200,200,https://geekskai.com/es/tools/streaming-music-player/,200,1,https://geekskai.com/es/tools/streaming-music-player/,PASS,"index, follow",True,PASS,True,11,11,11,PASS,0,es,Reproductor de música en streaming gratuito – HLS .m3u8 en línea | GeeksKai,1,https://geekskai.com/static/images/tools/streaming-music-player/streaming-music-player.png,https://geekskai.com/es/blog/,SEO-05 | SEO-06 | SEO-12,FAIL,2026-10-09T02:01:13.499494+00:00,
URL-0446,https://geekskai.com/ja/tools/streaming-music-player/,ja,/tools/streaming-music-player/,indexable_self_canonical,200,200,https://geekskai.com/ja/tools/streaming-music-player/,200,1,https://geekskai.com/ja/tools/streaming-music-player/,PASS,"index, follow",True,PASS,True,11,11,11,PASS,0,ja,無料ストリーミング音楽プレイヤー – HLS .m3u8 オンライン再生 | GeeksKai,1,https://geekskai.com/static/images/tools/streaming-music-player/streaming-music-player.png,https://geekskai.com/ja/blog/,SEO-05 | SEO-06,FAIL,2026-10-09T02:01:14.332518+00:00,
URL-0447,https://geekskai.com/ko/tools/streaming-music-player/,ko,/tools/streaming-music-player/,indexable_self_canonical,200,200,https://geekskai.com/ko/tools/streaming-music-player/,200,1,https://geekskai.com/ko/tools/streaming-music-player/,PASS,"index, follow",True,PASS,True,11,11,11,PASS,0,ko,무료 스트리밍 음악 플레이어 – HLS .m3u8 온라인 재생 | GeeksKai,1,https://geekskai.com/static/images/tools/streaming-music-player/streaming-music-player.png,https://geekskai.com/ko/blog/,SEO-05 | SEO-06,FAIL,2026-10-09T02:01:14.964423+00:00,
URL-0448,https://geekskai.com/no/tools/streaming-music-player/,no,/tools/streaming-music-player/,indexable_self_canonical,200,200,https://geekskai.com/no/tools/streaming-music-player/,200,1,https://geekskai.com/no/tools/streaming-music-player/,PASS,"index, follow",True,PASS,True,11,11,11,PASS,0,no,Gratis streaming musikkspiller – HLS .m3u8 online | GeeksKai,1,https://geekskai.com/static/images/tools/streaming-music-player/streaming-music-player.png,https://geekskai.com/no/blog/,SEO-05 | SEO-06,FAIL,2026-10-09T02:01:16.202868+00:00,
URL-0449,https://geekskai.com/zh-cn/tools/streaming-music-player/,zh-cn,/tools/streaming-music-player/,indexable_self_canonical,200,200,https://geekskai.com/zh-cn/tools/streaming-music-player/,200,1,https://geekskai.com/zh-cn/tools/streaming-music-player/,PASS,"index, follow",True,PASS,True,11,11,11,PASS,0,zh-cn,免费流媒体音乐播放器 – HLS .m3u8 在线播放 | GeeksKai,1,https://geekskai.com/static/images/tools/streaming-music-player/streaming-music-player.png,https://geekskai.com/zh-cn/blog/,SEO-05 | SEO-06,FAIL,2026-10-09T02:01:16.285420+00:00,
URL-0450,https://geekskai.com/da/tools/streaming-music-player/,da,/tools/streaming-music-player/,indexable_self_canonical,200,200,https://geekskai.com/da/tools/streaming-music-player/,200,1,https://geekskai.com/da/tools/streaming-music-player/,PASS,"index, follow",True,PASS,True,11,11,11,PASS,0,da,Gratis streaming musikafspiller – HLS .m3u8 online | GeeksKai,1,https://geekskai.com/static/images/tools/streaming-music-player/streaming-music-player.png,https://geekskai.com/da/blog/,SEO-05 | SEO-06,FAIL,2026-10-09T02:01:17.489069+00:00,
URL-0451,https://geekskai.com/tools/strikethrough-text-generator/,en,/tools/strikethrough-text-generator/,indexable_self_canonical,200,200,https://geekskai.com/tools/strikethrough-text-generator/,200,1,https://geekskai.com/tools/strikethrough-text-generator/,PASS,"index, follow; index, follow, max-video-preview:-1, max-image-preview:large, max-snippet:-1",True,PASS,True,11,11,11,FAIL,12,en,Strikethrough Text Generator (2026) - Cross Out Text Online,1,,,SEO-02,FAIL,2026-10-09T02:01:17.639773+00:00,
URL-0452,https://geekskai.com/ar/tools/strikethrough-text-generator/,ar,/tools/strikethrough-text-generator/,indexable_self_canonical,200,200,https://geekskai.com/ar/tools/strikethrough-text-generator/,200,1,https://geekskai.com/ar/tools/strikethrough-text-generator/,PASS,"index, follow; index, follow, max-video-preview:-1, max-image-preview:large, max-snippet:-1",True,PASS,True,11,11,11,FAIL,1,ar,مولد نص مشطوب (2026) - شطب النص أونلاين,1,,https://geekskai.com/ar/blog/,SEO-02 | SEO-05 | SEO-12,FAIL,2026-10-09T02:01:18.772938+00:00,
URL-0453,https://geekskai.com/de/tools/strikethrough-text-generator/,de,/tools/strikethrough-text-generator/,indexable_self_canonical,200,200,https://geekskai.com/de/tools/strikethrough-text-generator/,200,1,https://geekskai.com/de/tools/strikethrough-text-generator/,PASS,"index, follow; index, follow, max-video-preview:-1, max-image-preview:large, max-snippet:-1",True,PASS,True,11,11,11,FAIL,1,de,Durchgestrichener Text Generator (2026) - Text online durchstreichen,1,,https://geekskai.com/de/blog/,SEO-02 | SEO-05 | SEO-12,FAIL,2026-10-09T02:01:18.758073+00:00,
URL-0454,https://geekskai.com/fr/tools/strikethrough-text-generator/,fr,/tools/strikethrough-text-generator/,indexable_self_canonical,200,200,https://geekskai.com/fr/tools/strikethrough-text-generator/,200,1,https://geekskai.com/fr/tools/strikethrough-text-generator/,PASS,"index, follow; index, follow, max-video-preview:-1, max-image-preview:large, max-snippet:-1",True,PASS,True,11,11,11,FAIL,1,fr,Générateur de Texte Barré (2026) - Barrer du Texte en Ligne,1,,https://geekskai.com/fr/blog/,SEO-02 | SEO-05 | SEO-12,FAIL,2026-10-09T02:01:20.261143+00:00,
URL-0455,https://geekskai.com/es/tools/strikethrough-text-generator/,es,/tools/strikethrough-text-generator/,indexable_self_canonical,200,200,https://geekskai.com/es/tools/strikethrough-text-generator/,200,1,https://geekskai.com/es/tools/strikethrough-text-generator/,PASS,"index, follow; index, follow, max-video-preview:-1, max-image-preview:large, max-snippet:-1",True,PASS,True,11,11,11,FAIL,1,es,Generador de Texto Tachado (2026) - Tachar Texto Online,1,,https://geekskai.com/es/blog/,SEO-02 | SEO-05 | SEO-12,FAIL,2026-10-09T02:01:19.750927+00:00,
URL-0456,https://geekskai.com/ja/tools/strikethrough-text-generator/,ja,/tools/strikethrough-text-generator/,indexable_self_canonical,200,200,https://geekskai.com/ja/tools/strikethrough-text-generator/,200,1,https://geekskai.com/ja/tools/strikethrough-text-generator/,PASS,"index, follow; index, follow, max-video-preview:-1, max-image-preview:large, max-snippet:-1",True,PASS,True,11,11,11,FAIL,1,ja,打ち消し線テキストジェネレーター (2026) - オンラインでテキストを打ち消す,1,,https://geekskai.com/ja/blog/,SEO-02 | SEO-05,FAIL,2026-10-09T02:01:20.110216+00:00,
URL-0457,https://geekskai.com/ko/tools/strikethrough-text-generator/,ko,/tools/strikethrough-text-generator/,indexable_self_canonical,200,200,https://geekskai.com/ko/tools/strikethrough-text-generator/,200,1,https://geekskai.com/ko/tools/strikethrough-text-generator/,PASS,"index, follow; index, follow, max-video-preview:-1, max-image-preview:large, max-snippet:-1",True,PASS,True,11,11,11,FAIL,1,ko,취소선 텍스트 생성기 (2026) - 온라인 텍스트 가로줄 긋기,1,,https://geekskai.com/ko/blog/,SEO-02 | SEO-05,FAIL,2026-10-09T02:01:20.792367+00:00,
URL-0458,https://geekskai.com/no/tools/strikethrough-text-generator/,no,/tools/strikethrough-text-generator/,indexable_self_canonical,200,200,https://geekskai.com/no/tools/strikethrough-text-generator/,200,1,https://geekskai.com/no/tools/strikethrough-text-generator/,PASS,"index, follow; index, follow, max-video-preview:-1, max-image-preview:large, max-snippet:-1",True,PASS,True,11,11,11,FAIL,1,no,Gjennomstreking Tekst Generator (2026) - Strek over tekst på nett,1,,https://geekskai.com/no/blog/,SEO-02 | SEO-05,FAIL,2026-10-09T02:01:21.323557+00:00,
URL-0459,https://geekskai.com/zh-cn/tools/strikethrough-text-generator/,zh-cn,/tools/strikethrough-text-generator/,indexable_self_canonical,200,200,https://geekskai.com/zh-cn/tools/strikethrough-text-generator/,200,1,https://geekskai.com/zh-cn/tools/strikethrough-text-generator/,PASS,"index, follow; index, follow, max-video-preview:-1, max-image-preview:large, max-snippet:-1",True,PASS,True,11,11,11,FAIL,1,zh-cn,删除线文本生成器 (2026) - 在线划掉文字,1,,https://geekskai.com/zh-cn/blog/,SEO-02 | SEO-05,FAIL,2026-10-09T02:01:21.232490+00:00,
URL-0460,https://geekskai.com/da/tools/strikethrough-text-generator/,da,/tools/strikethrough-text-generator/,indexable_self_canonical,200,200,https://geekskai.com/da/tools/strikethrough-text-generator/,200,1,https://geekskai.com/da/tools/strikethrough-text-generator/,PASS,"index, follow; index, follow, max-video-preview:-1, max-image-preview:large, max-snippet:-1",True,PASS,True,11,11,11,FAIL,1,da,Gennemstregning Tekst Generator (2026) - Streg tekst over online,1,,https://geekskai.com/da/blog/,SEO-02 | SEO-05,FAIL,2026-10-09T02:01:21.693495+00:00,
URL-0461,https://geekskai.com/tools/tip-screen-generator/,en,/tools/tip-screen-generator/,indexable_self_canonical,200,200,https://geekskai.com/tools/tip-screen-generator/,200,1,https://geekskai.com/tools/tip-screen-generator/,PASS,"index, follow; index, follow, max-video-preview:-1, max-image-preview:large, max-snippet:-1",True,PASS,True,11,11,11,PASS,0,en,Tip Screen - Create & Understand POS Tip Screens | Free Generator Tool,1,,,,PASS,2026-10-09T02:01:22.169996+00:00,
URL-0462,https://geekskai.com/ar/tools/tip-screen-generator/,ar,/tools/tip-screen-generator/,indexable_self_canonical,200,200,https://geekskai.com/ar/tools/tip-screen-generator/,200,1,https://geekskai.com/ar/tools/tip-screen-generator/,PASS,"index, follow; index, follow, max-video-preview:-1, max-image-preview:large, max-snippet:-1",True,PASS,True,11,11,11,PASS,0,ar,شاشة الإكرامية - إنشاء وفهم شاشات الإكرامية في نقاط البيع | أداة إنشاء مجانية,1,,https://geekskai.com/ar/blog/,SEO-05 | SEO-12,FAIL,2026-10-09T02:01:22.903492+00:00,
URL-0463,https://geekskai.com/de/tools/tip-screen-generator/,de,/tools/tip-screen-generator/,indexable_self_canonical,200,200,https://geekskai.com/de/tools/tip-screen-generator/,200,1,https://geekskai.com/de/tools/tip-screen-generator/,PASS,"index, follow; index, follow, max-video-preview:-1, max-image-preview:large, max-snippet:-1",True,PASS,True,11,11,11,PASS,0,de,Tip-Screen – POS-Trinkgeldbildschirme erstellen & verstehen | Kostenloser Generator,1,,https://geekskai.com/de/blog/,SEO-05 | SEO-12,FAIL,2026-10-09T02:01:22.730304+00:00,
URL-0464,https://geekskai.com/fr/tools/tip-screen-generator/,fr,/tools/tip-screen-generator/,indexable_self_canonical,200,200,https://geekskai.com/fr/tools/tip-screen-generator/,200,1,https://geekskai.com/fr/tools/tip-screen-generator/,PASS,"index, follow; index, follow, max-video-preview:-1, max-image-preview:large, max-snippet:-1",True,PASS,True,11,11,11,PASS,0,fr,Écran de pourboire - Créer & comprendre les écrans POS | Outil gratuit,1,,https://geekskai.com/fr/blog/,SEO-05 | SEO-12,FAIL,2026-10-09T02:01:23.181864+00:00,
URL-0465,https://geekskai.com/es/tools/tip-screen-generator/,es,/tools/tip-screen-generator/,indexable_self_canonical,200,200,https://geekskai.com/es/tools/tip-screen-generator/,200,1,https://geekskai.com/es/tools/tip-screen-generator/,PASS,"index, follow; index, follow, max-video-preview:-1, max-image-preview:large, max-snippet:-1",True,PASS,True,11,11,11,PASS,0,es,Pantalla de propinas: cree y comprenda las pantallas de propinas de POS | Herramienta generadora gratuita,1,,https://geekskai.com/es/blog/,SEO-05 | SEO-12,FAIL,2026-10-09T02:01:23.945532+00:00,
URL-0466,https://geekskai.com/ja/tools/tip-screen-generator/,ja,/tools/tip-screen-generator/,indexable_self_canonical,200,200,https://geekskai.com/ja/tools/tip-screen-generator/,200,1,https://geekskai.com/ja/tools/tip-screen-generator/,PASS,"index, follow; index, follow, max-video-preview:-1, max-image-preview:large, max-snippet:-1",True,PASS,True,11,11,11,PASS,0,ja,チップ画面ジェネレーター - POSチップ画面の作成と理解 | 無料生成ツール,1,,https://geekskai.com/ja/blog/,SEO-05,FAIL,2026-10-09T02:01:24.527224+00:00,
URL-0467,https://geekskai.com/ko/tools/tip-screen-generator/,ko,/tools/tip-screen-generator/,indexable_self_canonical,200,200,https://geekskai.com/ko/tools/tip-screen-generator/,200,1,https://geekskai.com/ko/tools/tip-screen-generator/,PASS,"index, follow; index, follow, max-video-preview:-1, max-image-preview:large, max-snippet:-1",True,PASS,True,11,11,11,PASS,0,ko,팁 화면 생성기 - POS 팁 화면 생성 및 이해 | 무료 생성 도구,1,,https://geekskai.com/ko/blog/,SEO-05,FAIL,2026-10-09T02:01:24.485235+00:00,
URL-0468,https://geekskai.com/no/tools/tip-screen-generator/,no,/tools/tip-screen-generator/,indexable_self_canonical,200,200,https://geekskai.com/no/tools/tip-screen-generator/,200,1,https://geekskai.com/no/tools/tip-screen-generator/,PASS,"index, follow; index, follow, max-video-preview:-1, max-image-preview:large, max-snippet:-1",True,PASS,True,11,11,11,PASS,0,no,Tips Skjerm Generator - Opprett og Forstå POS Tips Skjermer | Gratis Generator Verktøy,1,,https://geekskai.com/no/blog/,SEO-05,FAIL,2026-10-09T02:01:25.115103+00:00,
URL-0469,https://geekskai.com/zh-cn/tools/tip-screen-generator/,zh-cn,/tools/tip-screen-generator/,indexable_self_canonical,200,200,https://geekskai.com/zh-cn/tools/tip-screen-generator/,200,1,https://geekskai.com/zh-cn/tools/tip-screen-generator/,PASS,"index, follow; index, follow, max-video-preview:-1, max-image-preview:large, max-snippet:-1",True,PASS,True,11,11,11,PASS,0,zh-cn,小费屏幕生成器 - 创建和理解POS小费屏幕 | 免费生成工具,1,,https://geekskai.com/zh-cn/blog/,SEO-05,FAIL,2026-10-09T02:01:25.927336+00:00,
URL-0470,https://geekskai.com/da/tools/tip-screen-generator/,da,/tools/tip-screen-generator/,indexable_self_canonical,200,200,https://geekskai.com/da/tools/tip-screen-generator/,200,1,https://geekskai.com/da/tools/tip-screen-generator/,PASS,"index, follow; index, follow, max-video-preview:-1, max-image-preview:large, max-snippet:-1",True,PASS,True,11,11,11,PASS,0,da,Drikkepenge Skærm Generator - Opret og Forstå POS Drikkepenge Skærme | Gratis Generator Værktøj,1,,https://geekskai.com/da/blog/,SEO-05,FAIL,2026-10-09T02:01:25.949891+00:00,
URL-0471,https://geekskai.com/tools/upside-down-text-generator/,en,/tools/upside-down-text-generator/,indexable_self_canonical,200,200,https://geekskai.com/tools/upside-down-text-generator/,200,1,https://geekskai.com/tools/upside-down-text-generator/,PASS,"index, follow; index, follow, max-video-preview:-1, max-image-preview:large, max-snippet:-1",True,PASS,True,11,11,11,PASS,0,en,Upside Down Text Generator (2026) - Mirror Text Converter,1,https://geekskai.com/static/images/og/upside-down-text-generator.png,,SEO-06,FAIL,2026-10-09T02:01:26.338470+00:00,
URL-0472,https://geekskai.com/ar/tools/upside-down-text-generator/,ar,/tools/upside-down-text-generator/,indexable_self_canonical,200,200,https://geekskai.com/ar/tools/upside-down-text-generator/,200,1,https://geekskai.com/ar/tools/upside-down-text-generator/,PASS,"index, follow; index, follow, max-video-preview:-1, max-image-preview:large, max-snippet:-1",True,PASS,True,11,11,11,PASS,0,ar,مولد النص المقلوب (2026) - محول النصوص المعكوسة والمقلوبة,1,https://geekskai.com/static/images/og/upside-down-text-generator.png,https://geekskai.com/ar/blog/,SEO-05 | SEO-06 | SEO-12,FAIL,2026-10-09T02:01:27.649019+00:00,
URL-0473,https://geekskai.com/de/tools/upside-down-text-generator/,de,/tools/upside-down-text-generator/,indexable_self_canonical,200,200,https://geekskai.com/de/tools/upside-down-text-generator/,200,1,https://geekskai.com/de/tools/upside-down-text-generator/,PASS,"index, follow; index, follow, max-video-preview:-1, max-image-preview:large, max-snippet:-1",True,PASS,True,11,11,11,PASS,0,de,Kopfstehender Textgenerator (2026) - Umgedrehter & Spiegeltext-Konverter,1,https://geekskai.com/static/images/og/upside-down-text-generator.png,https://geekskai.com/de/blog/,SEO-05 | SEO-06 | SEO-12,FAIL,2026-10-09T02:01:27.209018+00:00,
URL-0474,https://geekskai.com/fr/tools/upside-down-text-generator/,fr,/tools/upside-down-text-generator/,indexable_self_canonical,200,200,https://geekskai.com/fr/tools/upside-down-text-generator/,200,1,https://geekskai.com/fr/tools/upside-down-text-generator/,PASS,"index, follow; index, follow, max-video-preview:-1, max-image-preview:large, max-snippet:-1",True,PASS,True,11,11,11,PASS,0,fr,Générateur de texte à l'envers (2026) - Outil de conversion miroir,1,https://geekskai.com/static/images/og/upside-down-text-generator.png,https://geekskai.com/fr/blog/,SEO-05 | SEO-06 | SEO-12,FAIL,2026-10-09T02:01:27.668843+00:00,
URL-0475,https://geekskai.com/es/tools/upside-down-text-generator/,es,/tools/upside-down-text-generator/,indexable_self_canonical,200,200,https://geekskai.com/es/tools/upside-down-text-generator/,200,1,https://geekskai.com/es/tools/upside-down-text-generator/,PASS,"index, follow; index, follow, max-video-preview:-1, max-image-preview:large, max-snippet:-1",True,PASS,True,11,11,11,PASS,0,es,Generador de Texto al Revés (2026) - Convertidor de Texto Volteado y Reflejado,1,https://geekskai.com/static/images/og/upside-down-text-generator.png,https://geekskai.com/es/blog/,SEO-05 | SEO-06 | SEO-12,FAIL,2026-10-09T02:01:28.281735+00:00,
URL-0476,https://geekskai.com/ja/tools/upside-down-text-generator/,ja,/tools/upside-down-text-generator/,indexable_self_canonical,200,200,https://geekskai.com/ja/tools/upside-down-text-generator/,200,1,https://geekskai.com/ja/tools/upside-down-text-generator/,PASS,"index, follow; index, follow, max-video-preview:-1, max-image-preview:large, max-snippet:-1",True,PASS,True,11,11,11,PASS,0,ja,逆さま文字ジェネレーター (2026) - 反転・鏡文字コンバーター,1,https://geekskai.com/static/images/og/upside-down-text-generator.png,https://geekskai.com/ja/blog/,SEO-05 | SEO-06,FAIL,2026-10-09T02:01:28.880846+00:00,
URL-0477,https://geekskai.com/ko/tools/upside-down-text-generator/,ko,/tools/upside-down-text-generator/,indexable_self_canonical,200,200,https://geekskai.com/ko/tools/upside-down-text-generator/,200,1,https://geekskai.com/ko/tools/upside-down-text-generator/,PASS,"index, follow; index, follow, max-video-preview:-1, max-image-preview:large, max-snippet:-1",True,PASS,True,11,11,11,PASS,0,ko,뒤집힌 텍스트 생성기 (2026) - 거꾸로 및 거울 텍스트 변환기,1,https://geekskai.com/static/images/og/upside-down-text-generator.png,https://geekskai.com/ko/blog/,SEO-05 | SEO-06,FAIL,2026-10-09T02:01:28.560047+00:00,
URL-0478,https://geekskai.com/no/tools/upside-down-text-generator/,no,/tools/upside-down-text-generator/,indexable_self_canonical,200,200,https://geekskai.com/no/tools/upside-down-text-generator/,200,1,https://geekskai.com/no/tools/upside-down-text-generator/,PASS,"index, follow; index, follow, max-video-preview:-1, max-image-preview:large, max-snippet:-1",True,PASS,True,11,11,11,PASS,0,no,Opp-ned tekstgenerator (2026) - Speiltekst-konverterer,1,https://geekskai.com/static/images/og/upside-down-text-generator.png,https://geekskai.com/no/blog/,SEO-05 | SEO-06,FAIL,2026-10-09T02:01:29.192257+00:00,
URL-0479,https://geekskai.com/zh-cn/tools/upside-down-text-generator/,zh-cn,/tools/upside-down-text-generator/,indexable_self_canonical,200,200,https://geekskai.com/zh-cn/tools/upside-down-text-generator/,200,1,https://geekskai.com/zh-cn/tools/upside-down-text-generator/,PASS,"index, follow; index, follow, max-video-preview:-1, max-image-preview:large, max-snippet:-1",True,PASS,True,11,11,11,PASS,0,zh-cn,倒置文字生成器 (2026) - 镜像文字转换工具,1,https://geekskai.com/static/images/og/upside-down-text-generator.png,https://geekskai.com/zh-cn/blog/,SEO-05 | SEO-06,FAIL,2026-10-09T02:01:29.557861+00:00,
URL-0480,https://geekskai.com/da/tools/upside-down-text-generator/,da,/tools/upside-down-text-generator/,indexable_self_canonical,200,200,https://geekskai.com/da/tools/upside-down-text-generator/,200,1,https://geekskai.com/da/tools/upside-down-text-generator/,PASS,"index, follow; index, follow, max-video-preview:-1, max-image-preview:large, max-snippet:-1",True,PASS,True,11,11,11,PASS,0,da,Omvendt tekstgenerator (2026) - Spejltekst-konverter,1,https://geekskai.com/static/images/og/upside-down-text-generator.png,https://geekskai.com/da/blog/,SEO-05 | SEO-06,FAIL,2026-10-09T02:01:30.504188+00:00,
URL-0481,https://geekskai.com/tools/vaporwave-text-generator/,en,/tools/vaporwave-text-generator/,indexable_self_canonical,200,200,https://geekskai.com/tools/vaporwave-text-generator/,200,1,https://geekskai.com/tools/vaporwave-text-generator/,PASS,"index, follow; index, follow, max-video-preview:-1, max-image-preview:large, max-snippet:-1",True,PASS,True,11,11,11,FAIL,12,en,Vaporwave Text Generator (2026) - Fullwidth Aesthetic Text,1,,,SEO-02,FAIL,2026-10-09T02:01:30.539872+00:00,
URL-0482,https://geekskai.com/ar/tools/vaporwave-text-generator/,ar,/tools/vaporwave-text-generator/,indexable_self_canonical,200,200,https://geekskai.com/ar/tools/vaporwave-text-generator/,200,1,https://geekskai.com/ar/tools/vaporwave-text-generator/,PASS,"index, follow; index, follow, max-video-preview:-1, max-image-preview:large, max-snippet:-1",True,PASS,True,11,11,11,FAIL,1,ar,مولد نص فيبورويف (2026) - نص جمالي عريض,1,,https://geekskai.com/ar/blog/,SEO-02 | SEO-05 | SEO-12,FAIL,2026-10-09T02:01:30.819000+00:00,
URL-0483,https://geekskai.com/de/tools/vaporwave-text-generator/,de,/tools/vaporwave-text-generator/,indexable_self_canonical,200,200,https://geekskai.com/de/tools/vaporwave-text-generator/,200,1,https://geekskai.com/de/tools/vaporwave-text-generator/,PASS,"index, follow; index, follow, max-video-preview:-1, max-image-preview:large, max-snippet:-1",True,PASS,True,11,11,11,FAIL,1,de,Vaporwave-Textgenerator (2026) – Ästhetischer Fullwidth-Text,1,,https://geekskai.com/de/blog/,SEO-02 | SEO-05 | SEO-12,FAIL,2026-10-09T02:01:31.769344+00:00,
URL-0484,https://geekskai.com/fr/tools/vaporwave-text-generator/,fr,/tools/vaporwave-text-generator/,indexable_self_canonical,200,200,https://geekskai.com/fr/tools/vaporwave-text-generator/,200,1,https://geekskai.com/fr/tools/vaporwave-text-generator/,PASS,"index, follow; index, follow, max-video-preview:-1, max-image-preview:large, max-snippet:-1",True,PASS,True,11,11,11,FAIL,1,fr,Générateur de Texte Vaporwave (2026) - Texte Esthétique Pleine Largeur,1,,https://geekskai.com/fr/blog/,SEO-02 | SEO-05 | SEO-12,FAIL,2026-10-09T02:01:31.362615+00:00,
URL-0485,https://geekskai.com/es/tools/vaporwave-text-generator/,es,/tools/vaporwave-text-generator/,indexable_self_canonical,200,200,https://geekskai.com/es/tools/vaporwave-text-generator/,200,1,https://geekskai.com/es/tools/vaporwave-text-generator/,PASS,"index, follow; index, follow, max-video-preview:-1, max-image-preview:large, max-snippet:-1",True,PASS,True,11,11,11,FAIL,1,es,Generador de Texto Vaporwave (2026) - Texto Aesthetic Ancho,1,,https://geekskai.com/es/blog/,SEO-02 | SEO-05 | SEO-12,FAIL,2026-10-09T02:01:32.120061+00:00,
URL-0486,https://geekskai.com/ja/tools/vaporwave-text-generator/,ja,/tools/vaporwave-text-generator/,indexable_self_canonical,200,200,https://geekskai.com/ja/tools/vaporwave-text-generator/,200,1,https://geekskai.com/ja/tools/vaporwave-text-generator/,PASS,"index, follow; index, follow, max-video-preview:-1, max-image-preview:large, max-snippet:-1",True,PASS,True,11,11,11,FAIL,1,ja,ヴェイパーウェイヴ（Vaporwave）テキストジェネレーター (2026) - 全角美学テキスト,1,,https://geekskai.com/ja/blog/,SEO-02 | SEO-05,FAIL,2026-10-09T02:01:32.657241+00:00,
URL-0487,https://geekskai.com/ko/tools/vaporwave-text-generator/,ko,/tools/vaporwave-text-generator/,indexable_self_canonical,200,200,https://geekskai.com/ko/tools/vaporwave-text-generator/,200,1,https://geekskai.com/ko/tools/vaporwave-text-generator/,PASS,"index, follow; index, follow, max-video-preview:-1, max-image-preview:large, max-snippet:-1",True,PASS,True,11,11,11,FAIL,1,ko,베이퍼웨이브 텍스트 생성기 (2026) - 전각 미학 텍스트,1,,https://geekskai.com/ko/blog/,SEO-02 | SEO-05,FAIL,2026-10-09T02:01:33.946489+00:00,
URL-0488,https://geekskai.com/no/tools/vaporwave-text-generator/,no,/tools/vaporwave-text-generator/,indexable_self_canonical,200,200,https://geekskai.com/no/tools/vaporwave-text-generator/,200,1,https://geekskai.com/no/tools/vaporwave-text-generator/,PASS,"index, follow; index, follow, max-video-preview:-1, max-image-preview:large, max-snippet:-1",True,PASS,True,11,11,11,FAIL,1,no,Vaporwave-tekstgenerator (2026) – Estetisk Fullwidth-tekst,1,,https://geekskai.com/no/blog/,SEO-02 | SEO-05,FAIL,2026-10-09T02:01:33.151308+00:00,
URL-0489,https://geekskai.com/zh-cn/tools/vaporwave-text-generator/,zh-cn,/tools/vaporwave-text-generator/,indexable_self_canonical,200,200,https://geekskai.com/zh-cn/tools/vaporwave-text-generator/,200,1,https://geekskai.com/zh-cn/tools/vaporwave-text-generator/,PASS,"index, follow; index, follow, max-video-preview:-1, max-image-preview:large, max-snippet:-1",True,PASS,True,11,11,11,FAIL,1,zh-cn,蒸汽波文本生成器 (2026) - 全角美学文字,1,,https://geekskai.com/zh-cn/blog/,SEO-02 | SEO-05,FAIL,2026-10-09T02:01:33.992787+00:00,
URL-0490,https://geekskai.com/da/tools/vaporwave-text-generator/,da,/tools/vaporwave-text-generator/,indexable_self_canonical,200,200,https://geekskai.com/da/tools/vaporwave-text-generator/,200,1,https://geekskai.com/da/tools/vaporwave-text-generator/,PASS,"index, follow; index, follow, max-video-preview:-1, max-image-preview:large, max-snippet:-1",True,PASS,True,11,11,11,FAIL,1,da,Vaporwave-tekstgenerator (2026) – Æstetisk Fullwidth-tekst,1,,https://geekskai.com/da/blog/,SEO-02 | SEO-05,FAIL,2026-10-09T02:01:34.646058+00:00,
URL-0491,https://geekskai.com/tools/vin-decoder/,en,/tools/vin-decoder/,indexable_self_canonical,200,200,https://geekskai.com/tools/vin-decoder/,200,1,https://geekskai.com/tools/vin-decoder/,PASS,"index, follow; index, follow, max-video-preview:-1, max-image-preview:large, max-snippet:-1",True,PASS,True,11,11,11,PASS,0,en,Free VIN Decoder & Vehicle Lookup | Geekskai,1,,,,PASS,2026-10-09T02:01:35.041047+00:00,
URL-0492,https://geekskai.com/ar/tools/vin-decoder/,ar,/tools/vin-decoder/,indexable_self_canonical,200,200,https://geekskai.com/ar/tools/vin-decoder/,200,1,https://geekskai.com/ar/tools/vin-decoder/,PASS,"index, follow; index, follow, max-video-preview:-1, max-image-preview:large, max-snippet:-1",True,PASS,True,11,11,11,PASS,0,ar,محلل VIN مجاني - تحليل رقم التعريف المرجعي للسيارة | GeeksKai,1,,https://geekskai.com/ar/blog/,SEO-05 | SEO-12,FAIL,2026-10-09T02:01:35.204036+00:00,
URL-0493,https://geekskai.com/de/tools/vin-decoder/,de,/tools/vin-decoder/,indexable_self_canonical,200,200,https://geekskai.com/de/tools/vin-decoder/,200,1,https://geekskai.com/de/tools/vin-decoder/,PASS,"index, follow; index, follow, max-video-preview:-1, max-image-preview:large, max-snippet:-1",True,PASS,True,11,11,11,PASS,0,de,Kostenloser VIN-Decoder – Fahrzeugidentifikationsnummer prüfen | GeeksKai,1,,https://geekskai.com/de/blog/,SEO-05 | SEO-12,FAIL,2026-10-09T02:01:35.704695+00:00,
URL-0494,https://geekskai.com/fr/tools/vin-decoder/,fr,/tools/vin-decoder/,indexable_self_canonical,200,200,https://geekskai.com/fr/tools/vin-decoder/,200,1,https://geekskai.com/fr/tools/vin-decoder/,PASS,"index, follow; index, follow, max-video-preview:-1, max-image-preview:large, max-snippet:-1",True,PASS,True,11,11,11,PASS,0,fr,Décodeur VIN gratuit - Recherche de numéro d’identification | GeeksKai,1,,https://geekskai.com/fr/blog/,SEO-05 | SEO-12,FAIL,2026-10-09T02:01:36.468975+00:00,
URL-0495,https://geekskai.com/es/tools/vin-decoder/,es,/tools/vin-decoder/,indexable_self_canonical,200,200,https://geekskai.com/es/tools/vin-decoder/,200,1,https://geekskai.com/es/tools/vin-decoder/,PASS,"index, follow; index, follow, max-video-preview:-1, max-image-preview:large, max-snippet:-1",True,PASS,True,11,11,11,PASS,0,es,Decodificador VIN gratuito: búsqueda de números de identificación de vehículos | GeeksKai,1,,https://geekskai.com/es/blog/,SEO-05 | SEO-12,FAIL,2026-10-09T02:01:36.421029+00:00,
URL-0496,https://geekskai.com/ja/tools/vin-decoder/,ja,/tools/vin-decoder/,indexable_self_canonical,200,200,https://geekskai.com/ja/tools/vin-decoder/,200,1,https://geekskai.com/ja/tools/vin-decoder/,PASS,"index, follow; index, follow, max-video-preview:-1, max-image-preview:large, max-snippet:-1",True,PASS,True,11,11,11,PASS,0,ja,無料VINデコーダー - 車両識別番号検索 | GeeksKai,1,,https://geekskai.com/ja/blog/,SEO-05,FAIL,2026-10-09T02:01:36.911090+00:00,
URL-0497,https://geekskai.com/ko/tools/vin-decoder/,ko,/tools/vin-decoder/,indexable_self_canonical,200,200,https://geekskai.com/ko/tools/vin-decoder/,200,1,https://geekskai.com/ko/tools/vin-decoder/,PASS,"index, follow; index, follow, max-video-preview:-1, max-image-preview:large, max-snippet:-1",True,PASS,True,11,11,11,PASS,0,ko,무료 VIN 디코더 - 차량 식별 번호 조회 | GeeksKai,1,,https://geekskai.com/ko/blog/,SEO-05,FAIL,2026-10-09T02:01:37.363234+00:00,
URL-0498,https://geekskai.com/no/tools/vin-decoder/,no,/tools/vin-decoder/,indexable_self_canonical,200,200,https://geekskai.com/no/tools/vin-decoder/,200,1,https://geekskai.com/no/tools/vin-decoder/,PASS,"index, follow; index, follow, max-video-preview:-1, max-image-preview:large, max-snippet:-1",True,PASS,True,11,11,11,PASS,0,no,Gratis VIN-dekoder - Kjøretøyidentifikasjonsnummeroppslag | GeeksKai,1,,https://geekskai.com/no/blog/,SEO-05,FAIL,2026-10-09T02:01:37.724875+00:00,
URL-0499,https://geekskai.com/zh-cn/tools/vin-decoder/,zh-cn,/tools/vin-decoder/,indexable_self_canonical,200,200,https://geekskai.com/zh-cn/tools/vin-decoder/,200,1,https://geekskai.com/zh-cn/tools/vin-decoder/,PASS,"index, follow; index, follow, max-video-preview:-1, max-image-preview:large, max-snippet:-1",True,PASS,True,11,11,11,PASS,0,zh-cn,免费VIN解码器 - 车辆识别码查询 | GeeksKai,1,,https://geekskai.com/zh-cn/blog/,SEO-05,FAIL,2026-10-09T02:01:37.918938+00:00,
URL-0500,https://geekskai.com/da/tools/vin-decoder/,da,/tools/vin-decoder/,indexable_self_canonical,200,200,https://geekskai.com/da/tools/vin-decoder/,200,1,https://geekskai.com/da/tools/vin-decoder/,PASS,"index, follow; index, follow, max-video-preview:-1, max-image-preview:large, max-snippet:-1",True,PASS,True,11,11,11,PASS,0,da,Gratis VIN-dekoder - Køretøjsidentifikationsnummeropslag | GeeksKai,1,,https://geekskai.com/da/blog/,SEO-05,FAIL,2026-10-09T02:01:38.489391+00:00,
URL-0501,https://geekskai.com/tools/vin-decoder/audi/,en,/tools/vin-decoder/audi/,indexable_self_canonical,200,200,https://geekskai.com/tools/vin-decoder/audi/,200,1,https://geekskai.com/tools/vin-decoder/audi/,PASS,"index, follow; index, follow, max-video-preview:-1, max-image-preview:large, max-snippet:-1",True,PASS,False,11,11,0,FAIL,12,en,Audi VIN Decoder - Free Audi Vehicle Identification Number Lookup,1,,,SEO-02 | SEO-07,FAIL,2026-10-09T02:01:39.363475+00:00,
URL-0502,https://geekskai.com/ar/tools/vin-decoder/audi/,ar,/tools/vin-decoder/audi/,indexable_self_canonical,200,200,https://geekskai.com/ar/tools/vin-decoder/audi/,200,1,https://geekskai.com/ar/tools/vin-decoder/audi/,PASS,"index, follow; index, follow, max-video-preview:-1, max-image-preview:large, max-snippet:-1",True,PASS,False,11,11,0,FAIL,1,ar,أودي محلل رقم تعريف السيارة - فرصة مجانية للبحث عن رقم تعريف السيارة أودي,1,,https://geekskai.com/ar/blog/,SEO-02 | SEO-05 | SEO-07 | SEO-12,FAIL,2026-10-09T02:01:39.555643+00:00,
URL-0503,https://geekskai.com/de/tools/vin-decoder/audi/,de,/tools/vin-decoder/audi/,indexable_self_canonical,200,200,https://geekskai.com/de/tools/vin-decoder/audi/,200,1,https://geekskai.com/de/tools/vin-decoder/audi/,PASS,"index, follow; index, follow, max-video-preview:-1, max-image-preview:large, max-snippet:-1",True,PASS,False,11,11,0,FAIL,1,de,Audi VIN-Decoder - Kostenloses Audi Fahrzeugidentifikationsnummer Suche,1,,https://geekskai.com/de/blog/,SEO-02 | SEO-05 | SEO-07 | SEO-12,FAIL,2026-10-09T02:01:39.698554+00:00,
URL-0504,https://geekskai.com/fr/tools/vin-decoder/audi/,fr,/tools/vin-decoder/audi/,indexable_self_canonical,200,200,https://geekskai.com/fr/tools/vin-decoder/audi/,200,1,https://geekskai.com/fr/tools/vin-decoder/audi/,PASS,"index, follow; index, follow, max-video-preview:-1, max-image-preview:large, max-snippet:-1",True,PASS,False,11,11,0,FAIL,1,fr,Audi Décodeur VIN - Recherche gratuite du numéro d’identification de véhicule Audi,1,,https://geekskai.com/fr/blog/,SEO-02 | SEO-05 | SEO-07 | SEO-12,FAIL,2026-10-09T02:01:41.179240+00:00,
URL-0505,https://geekskai.com/es/tools/vin-decoder/audi/,es,/tools/vin-decoder/audi/,indexable_self_canonical,200,200,https://geekskai.com/es/tools/vin-decoder/audi/,200,1,https://geekskai.com/es/tools/vin-decoder/audi/,PASS,"index, follow; index, follow, max-video-preview:-1, max-image-preview:large, max-snippet:-1",True,PASS,False,11,11,0,FAIL,1,es,Audi Decodificador VIN - Búsqueda gratuita del número de identificación del vehículo Audi,1,,https://geekskai.com/es/blog/,SEO-02 | SEO-05 | SEO-07 | SEO-12,FAIL,2026-10-09T02:01:41.367232+00:00,
URL-0506,https://geekskai.com/ja/tools/vin-decoder/audi/,ja,/tools/vin-decoder/audi/,indexable_self_canonical,200,200,https://geekskai.com/ja/tools/vin-decoder/audi/,200,1,https://geekskai.com/ja/tools/vin-decoder/audi/,PASS,"index, follow; index, follow, max-video-preview:-1, max-image-preview:large, max-snippet:-1",True,PASS,False,11,11,0,FAIL,1,ja,Audi VINデコーダー - 無料Audi車両識別番号検索,1,,https://geekskai.com/ja/blog/,SEO-02 | SEO-05 | SEO-07,FAIL,2026-10-09T02:01:41.258999+00:00,
URL-0507,https://geekskai.com/ko/tools/vin-decoder/audi/,ko,/tools/vin-decoder/audi/,indexable_self_canonical,200,200,https://geekskai.com/ko/tools/vin-decoder/audi/,200,1,https://geekskai.com/ko/tools/vin-decoder/audi/,PASS,"index, follow; index, follow, max-video-preview:-1, max-image-preview:large, max-snippet:-1",True,PASS,False,11,11,0,FAIL,1,ko,Audi VIN 디코더 - 무료 Audi 차량 식별 번호 검색,1,,https://geekskai.com/ko/blog/,SEO-02 | SEO-05 | SEO-07,FAIL,2026-10-09T02:01:42.722233+00:00,
URL-0508,https://geekskai.com/no/tools/vin-decoder/audi/,no,/tools/vin-decoder/audi/,indexable_self_canonical,200,200,https://geekskai.com/no/tools/vin-decoder/audi/,200,1,https://geekskai.com/no/tools/vin-decoder/audi/,PASS,"index, follow; index, follow, max-video-preview:-1, max-image-preview:large, max-snippet:-1",True,PASS,False,11,11,0,FAIL,1,no,Audi VIN-dekoder - Gratis Audi kjøretøjsidentifikasjonsnummer søk,1,,https://geekskai.com/no/blog/,SEO-02 | SEO-05 | SEO-07,FAIL,2026-10-09T02:01:43.285732+00:00,
URL-0509,https://geekskai.com/zh-cn/tools/vin-decoder/audi/,zh-cn,/tools/vin-decoder/audi/,indexable_self_canonical,200,200,https://geekskai.com/zh-cn/tools/vin-decoder/audi/,200,1,https://geekskai.com/zh-cn/tools/vin-decoder/audi/,PASS,"index, follow; index, follow, max-video-preview:-1, max-image-preview:large, max-snippet:-1",True,PASS,False,11,11,0,FAIL,1,zh-cn,奥迪 VIN解码器 - 免费奥迪车辆识别码查询,1,,https://geekskai.com/zh-cn/blog/,SEO-02 | SEO-05 | SEO-07,FAIL,2026-10-09T02:01:42.509644+00:00,
URL-0510,https://geekskai.com/da/tools/vin-decoder/audi/,da,/tools/vin-decoder/audi/,indexable_self_canonical,200,200,https://geekskai.com/da/tools/vin-decoder/audi/,200,1,https://geekskai.com/da/tools/vin-decoder/audi/,PASS,"index, follow; index, follow, max-video-preview:-1, max-image-preview:large, max-snippet:-1",True,PASS,False,11,11,0,FAIL,1,da,Audi VIN-dekoder - Gratis Audi køretøjsidentifikationsnummer søgning,1,,https://geekskai.com/da/blog/,SEO-02 | SEO-05 | SEO-07,FAIL,2026-10-09T02:01:44.020216+00:00,
URL-0511,https://geekskai.com/tools/vin-decoder/bmw/,en,/tools/vin-decoder/bmw/,indexable_self_canonical,200,200,https://geekskai.com/tools/vin-decoder/bmw/,200,1,https://geekskai.com/tools/vin-decoder/bmw/,PASS,"index, follow; index, follow, max-video-preview:-1, max-image-preview:large, max-snippet:-1",True,PASS,False,11,11,0,FAIL,12,en,BMW VIN Decoder - Free BMW Vehicle Identification Number Lookup,1,,,SEO-02 | SEO-07,FAIL,2026-10-09T02:01:44.546632+00:00,
URL-0512,https://geekskai.com/ar/tools/vin-decoder/bmw/,ar,/tools/vin-decoder/bmw/,indexable_self_canonical,200,200,https://geekskai.com/ar/tools/vin-decoder/bmw/,200,1,https://geekskai.com/ar/tools/vin-decoder/bmw/,PASS,"index, follow; index, follow, max-video-preview:-1, max-image-preview:large, max-snippet:-1",True,PASS,False,11,11,0,FAIL,1,ar,BMW محلل رقم تعريف السيارة - فرصة مجانية للبحث عن رقم تعريف السيارة BMW,1,,https://geekskai.com/ar/blog/,SEO-02 | SEO-05 | SEO-07 | SEO-12,FAIL,2026-10-09T02:01:44.610321+00:00,
URL-0513,https://geekskai.com/de/tools/vin-decoder/bmw/,de,/tools/vin-decoder/bmw/,indexable_self_canonical,200,200,https://geekskai.com/de/tools/vin-decoder/bmw/,200,1,https://geekskai.com/de/tools/vin-decoder/bmw/,PASS,"index, follow; index, follow, max-video-preview:-1, max-image-preview:large, max-snippet:-1",True,PASS,False,11,11,0,FAIL,1,de,BMW VIN-Decoder - Kostenloses BMW Fahrzeugidentifikationsnummer Suche,1,,https://geekskai.com/de/blog/,SEO-02 | SEO-05 | SEO-07 | SEO-12,FAIL,2026-10-09T02:01:45.068350+00:00,
URL-0514,https://geekskai.com/fr/tools/vin-decoder/bmw/,fr,/tools/vin-decoder/bmw/,indexable_self_canonical,200,200,https://geekskai.com/fr/tools/vin-decoder/bmw/,200,1,https://geekskai.com/fr/tools/vin-decoder/bmw/,PASS,"index, follow; index, follow, max-video-preview:-1, max-image-preview:large, max-snippet:-1",True,PASS,False,11,11,0,FAIL,1,fr,BMW Décodeur VIN - Recherche gratuite du numéro d’identification de véhicule BMW,1,,https://geekskai.com/fr/blog/,SEO-02 | SEO-05 | SEO-07 | SEO-12,FAIL,2026-10-09T02:01:45.917177+00:00,
URL-0515,https://geekskai.com/es/tools/vin-decoder/bmw/,es,/tools/vin-decoder/bmw/,indexable_self_canonical,200,200,https://geekskai.com/es/tools/vin-decoder/bmw/,200,1,https://geekskai.com/es/tools/vin-decoder/bmw/,PASS,"index, follow; index, follow, max-video-preview:-1, max-image-preview:large, max-snippet:-1",True,PASS,False,11,11,0,FAIL,1,es,BMW Decodificador VIN - Búsqueda gratuita del número de identificación del vehículo BMW,1,,https://geekskai.com/es/blog/,SEO-02 | SEO-05 | SEO-07 | SEO-12,FAIL,2026-10-09T02:01:46.093944+00:00,
URL-0516,https://geekskai.com/ja/tools/vin-decoder/bmw/,ja,/tools/vin-decoder/bmw/,indexable_self_canonical,200,200,https://geekskai.com/ja/tools/vin-decoder/bmw/,200,1,https://geekskai.com/ja/tools/vin-decoder/bmw/,PASS,"index, follow; index, follow, max-video-preview:-1, max-image-preview:large, max-snippet:-1",True,PASS,False,11,11,0,FAIL,1,ja,BMW VINデコーダー - 無料BMW車両識別番号検索,1,,https://geekskai.com/ja/blog/,SEO-02 | SEO-05 | SEO-07,FAIL,2026-10-09T02:01:46.235642+00:00,
URL-0517,https://geekskai.com/ko/tools/vin-decoder/bmw/,ko,/tools/vin-decoder/bmw/,indexable_self_canonical,200,200,https://geekskai.com/ko/tools/vin-decoder/bmw/,200,1,https://geekskai.com/ko/tools/vin-decoder/bmw/,PASS,"index, follow; index, follow, max-video-preview:-1, max-image-preview:large, max-snippet:-1",True,PASS,False,11,11,0,FAIL,1,ko,BMW VIN 디코더 - 무료 BMW 차량 식별 번호 검색,1,,https://geekskai.com/ko/blog/,SEO-02 | SEO-05 | SEO-07,FAIL,2026-10-09T02:01:47.682796+00:00,
URL-0518,https://geekskai.com/no/tools/vin-decoder/bmw/,no,/tools/vin-decoder/bmw/,indexable_self_canonical,200,200,https://geekskai.com/no/tools/vin-decoder/bmw/,200,1,https://geekskai.com/no/tools/vin-decoder/bmw/,PASS,"index, follow; index, follow, max-video-preview:-1, max-image-preview:large, max-snippet:-1",True,PASS,False,11,11,0,FAIL,1,no,BMW VIN-dekoder - Gratis BMW kjøretøjsidentifikasjonsnummer søk,1,,https://geekskai.com/no/blog/,SEO-02 | SEO-05 | SEO-07,FAIL,2026-10-09T02:01:47.612095+00:00,
URL-0519,https://geekskai.com/zh-cn/tools/vin-decoder/bmw/,zh-cn,/tools/vin-decoder/bmw/,indexable_self_canonical,200,200,https://geekskai.com/zh-cn/tools/vin-decoder/bmw/,200,1,https://geekskai.com/zh-cn/tools/vin-decoder/bmw/,PASS,"index, follow; index, follow, max-video-preview:-1, max-image-preview:large, max-snippet:-1",True,PASS,False,11,11,0,FAIL,1,zh-cn,宝马 VIN解码器 - 免费宝马车辆识别码查询,1,,https://geekskai.com/zh-cn/blog/,SEO-02 | SEO-05 | SEO-07,FAIL,2026-10-09T02:01:48.262337+00:00,
URL-0520,https://geekskai.com/da/tools/vin-decoder/bmw/,da,/tools/vin-decoder/bmw/,indexable_self_canonical,200,200,https://geekskai.com/da/tools/vin-decoder/bmw/,200,1,https://geekskai.com/da/tools/vin-decoder/bmw/,PASS,"index, follow; index, follow, max-video-preview:-1, max-image-preview:large, max-snippet:-1",True,PASS,False,11,11,0,FAIL,1,da,BMW VIN-dekoder - Gratis BMW køretøjsidentifikationsnummer søgning,1,,https://geekskai.com/da/blog/,SEO-02 | SEO-05 | SEO-07,FAIL,2026-10-09T02:01:49.077372+00:00,
URL-0521,https://geekskai.com/tools/vin-decoder/chevrolet/,en,/tools/vin-decoder/chevrolet/,indexable_self_canonical,200,200,https://geekskai.com/tools/vin-decoder/chevrolet/,200,1,https://geekskai.com/tools/vin-decoder/chevrolet/,PASS,"index, follow; index, follow, max-video-preview:-1, max-image-preview:large, max-snippet:-1",True,PASS,False,11,11,0,FAIL,12,en,Chevrolet VIN Decoder - Free Chevrolet Vehicle Identification Number Lookup,1,,,SEO-02 | SEO-07,FAIL,2026-10-09T02:01:49.131844+00:00,
URL-0522,https://geekskai.com/ar/tools/vin-decoder/chevrolet/,ar,/tools/vin-decoder/chevrolet/,indexable_self_canonical,200,200,https://geekskai.com/ar/tools/vin-decoder/chevrolet/,200,1,https://geekskai.com/ar/tools/vin-decoder/chevrolet/,PASS,"index, follow; index, follow, max-video-preview:-1, max-image-preview:large, max-snippet:-1",True,PASS,False,11,11,0,FAIL,1,ar,شيفروليه محلل رقم تعريف السيارة - فرصة مجانية للبحث عن رقم تعريف السيارة شيفروليه,1,,https://geekskai.com/ar/blog/,SEO-02 | SEO-05 | SEO-07 | SEO-12,FAIL,2026-10-09T02:01:49.726281+00:00,
URL-0523,https://geekskai.com/de/tools/vin-decoder/chevrolet/,de,/tools/vin-decoder/chevrolet/,indexable_self_canonical,200,200,https://geekskai.com/de/tools/vin-decoder/chevrolet/,200,1,https://geekskai.com/de/tools/vin-decoder/chevrolet/,PASS,"index, follow; index, follow, max-video-preview:-1, max-image-preview:large, max-snippet:-1",True,PASS,False,11,11,0,FAIL,1,de,Chevrolet VIN-Decoder - Kostenloses Chevrolet Fahrzeugidentifikationsnummer Suche,1,,https://geekskai.com/de/blog/,SEO-02 | SEO-05 | SEO-07 | SEO-12,FAIL,2026-10-09T02:01:50.275757+00:00,
URL-0524,https://geekskai.com/fr/tools/vin-decoder/chevrolet/,fr,/tools/vin-decoder/chevrolet/,indexable_self_canonical,200,200,https://geekskai.com/fr/tools/vin-decoder/chevrolet/,200,1,https://geekskai.com/fr/tools/vin-decoder/chevrolet/,PASS,"index, follow; index, follow, max-video-preview:-1, max-image-preview:large, max-snippet:-1",True,PASS,False,11,11,0,FAIL,1,fr,Chevrolet Décodeur VIN - Recherche gratuite du numéro d’identification de véhicule Chevrolet,1,,https://geekskai.com/fr/blog/,SEO-02 | SEO-05 | SEO-07 | SEO-12,FAIL,2026-10-09T02:01:50.427783+00:00,
URL-0525,https://geekskai.com/es/tools/vin-decoder/chevrolet/,es,/tools/vin-decoder/chevrolet/,indexable_self_canonical,200,200,https://geekskai.com/es/tools/vin-decoder/chevrolet/,200,1,https://geekskai.com/es/tools/vin-decoder/chevrolet/,PASS,"index, follow; index, follow, max-video-preview:-1, max-image-preview:large, max-snippet:-1",True,PASS,False,11,11,0,FAIL,1,es,chevrolet Decodificador VIN - Búsqueda gratuita del número de identificación del vehículo chevrolet,1,,https://geekskai.com/es/blog/,SEO-02 | SEO-05 | SEO-07 | SEO-12,FAIL,2026-10-09T02:01:51.187112+00:00,
URL-0526,https://geekskai.com/ja/tools/vin-decoder/chevrolet/,ja,/tools/vin-decoder/chevrolet/,indexable_self_canonical,200,200,https://geekskai.com/ja/tools/vin-decoder/chevrolet/,200,1,https://geekskai.com/ja/tools/vin-decoder/chevrolet/,PASS,"index, follow; index, follow, max-video-preview:-1, max-image-preview:large, max-snippet:-1",True,PASS,False,11,11,0,FAIL,1,ja,Chevrolet VINデコーダー - 無料Chevrolet車両識別番号検索,1,,https://geekskai.com/ja/blog/,SEO-02 | SEO-05 | SEO-07,FAIL,2026-10-09T02:01:51.713849+00:00,
URL-0527,https://geekskai.com/ko/tools/vin-decoder/chevrolet/,ko,/tools/vin-decoder/chevrolet/,indexable_self_canonical,200,200,https://geekskai.com/ko/tools/vin-decoder/chevrolet/,200,1,https://geekskai.com/ko/tools/vin-decoder/chevrolet/,PASS,"index, follow; index, follow, max-video-preview:-1, max-image-preview:large, max-snippet:-1",True,PASS,False,11,11,0,FAIL,1,ko,Chevrolet VIN 디코더 - 무료 Chevrolet 차량 식별 번호 검색,1,,https://geekskai.com/ko/blog/,SEO-02 | SEO-05 | SEO-07,FAIL,2026-10-09T02:01:51.713675+00:00,
URL-0528,https://geekskai.com/no/tools/vin-decoder/chevrolet/,no,/tools/vin-decoder/chevrolet/,indexable_self_canonical,200,200,https://geekskai.com/no/tools/vin-decoder/chevrolet/,200,1,https://geekskai.com/no/tools/vin-decoder/chevrolet/,PASS,"index, follow; index, follow, max-video-preview:-1, max-image-preview:large, max-snippet:-1",True,PASS,False,11,11,0,FAIL,1,no,Chevrolet VIN-dekoder - Gratis Chevrolet kjøretøjsidentifikasjonsnummer søk,1,,https://geekskai.com/no/blog/,SEO-02 | SEO-05 | SEO-07,FAIL,2026-10-09T02:01:52.651486+00:00,
URL-0529,https://geekskai.com/zh-cn/tools/vin-decoder/chevrolet/,zh-cn,/tools/vin-decoder/chevrolet/,indexable_self_canonical,200,200,https://geekskai.com/zh-cn/tools/vin-decoder/chevrolet/,200,1,https://geekskai.com/zh-cn/tools/vin-decoder/chevrolet/,PASS,"index, follow; index, follow, max-video-preview:-1, max-image-preview:large, max-snippet:-1",True,PASS,False,11,11,0,FAIL,1,zh-cn,雪佛兰 VIN解码器 - 免费雪佛兰车辆识别码查询,1,,https://geekskai.com/zh-cn/blog/,SEO-02 | SEO-05 | SEO-07,FAIL,2026-10-09T02:01:53.151028+00:00,
URL-0530,https://geekskai.com/da/tools/vin-decoder/chevrolet/,da,/tools/vin-decoder/chevrolet/,indexable_self_canonical,200,200,https://geekskai.com/da/tools/vin-decoder/chevrolet/,200,1,https://geekskai.com/da/tools/vin-decoder/chevrolet/,PASS,"index, follow; index, follow, max-video-preview:-1, max-image-preview:large, max-snippet:-1",True,PASS,False,11,11,0,FAIL,1,da,Chevrolet Chevrolet VIN-dekoder - Gratis Chevrolet Chevrolet køretøjsidentifikationsnummer søgning,1,,https://geekskai.com/da/blog/,SEO-02 | SEO-05 | SEO-07,FAIL,2026-10-09T02:01:56.429035+00:00,
URL-0531,https://geekskai.com/tools/vin-decoder/ford/,en,/tools/vin-decoder/ford/,indexable_self_canonical,200,200,https://geekskai.com/tools/vin-decoder/ford/,200,1,https://geekskai.com/tools/vin-decoder/ford/,PASS,"index, follow; index, follow, max-video-preview:-1, max-image-preview:large, max-snippet:-1",True,PASS,False,11,11,0,FAIL,12,en,Ford VIN Decoder - Free Ford Vehicle Identification Number Lookup,1,,,SEO-02 | SEO-07,FAIL,2026-10-09T02:01:56.091129+00:00,
URL-0532,https://geekskai.com/ar/tools/vin-decoder/ford/,ar,/tools/vin-decoder/ford/,indexable_self_canonical,200,200,https://geekskai.com/ar/tools/vin-decoder/ford/,200,1,https://geekskai.com/ar/tools/vin-decoder/ford/,PASS,"index, follow; index, follow, max-video-preview:-1, max-image-preview:large, max-snippet:-1",True,PASS,False,11,11,0,FAIL,1,ar,فورد محلل رقم تعريف السيارة - فرصة مجانية للبحث عن رقم تعريف السيارة فورد,1,,https://geekskai.com/ar/blog/,SEO-02 | SEO-05 | SEO-07 | SEO-12,FAIL,2026-10-09T02:01:55.342936+00:00,
URL-0533,https://geekskai.com/de/tools/vin-decoder/ford/,de,/tools/vin-decoder/ford/,indexable_self_canonical,200,200,https://geekskai.com/de/tools/vin-decoder/ford/,200,1,https://geekskai.com/de/tools/vin-decoder/ford/,PASS,"index, follow; index, follow, max-video-preview:-1, max-image-preview:large, max-snippet:-1",True,PASS,False,11,11,0,FAIL,1,de,Ford VIN-Decoder - Kostenloses Ford Fahrzeugidentifikationsnummer Suche,1,,https://geekskai.com/de/blog/,SEO-02 | SEO-05 | SEO-07 | SEO-12,FAIL,2026-10-09T02:01:56.315071+00:00,
URL-0534,https://geekskai.com/fr/tools/vin-decoder/ford/,fr,/tools/vin-decoder/ford/,indexable_self_canonical,200,200,https://geekskai.com/fr/tools/vin-decoder/ford/,200,1,https://geekskai.com/fr/tools/vin-decoder/ford/,PASS,"index, follow; index, follow, max-video-preview:-1, max-image-preview:large, max-snippet:-1",True,PASS,False,11,11,0,FAIL,1,fr,Ford Décodeur VIN - Recherche gratuite du numéro d’identification de véhicule Ford,1,,https://geekskai.com/fr/blog/,SEO-02 | SEO-05 | SEO-07 | SEO-12,FAIL,2026-10-09T02:01:58.404811+00:00,
URL-0535,https://geekskai.com/es/tools/vin-decoder/ford/,es,/tools/vin-decoder/ford/,indexable_self_canonical,200,200,https://geekskai.com/es/tools/vin-decoder/ford/,200,1,https://geekskai.com/es/tools/vin-decoder/ford/,PASS,"index, follow; index, follow, max-video-preview:-1, max-image-preview:large, max-snippet:-1",True,PASS,False,11,11,0,FAIL,1,es,Vado Decodificador VIN - Búsqueda gratuita del número de identificación del vehículo Vado,1,,https://geekskai.com/es/blog/,SEO-02 | SEO-05 | SEO-07 | SEO-12,FAIL,2026-10-09T02:01:58.113355+00:00,
URL-0536,https://geekskai.com/ja/tools/vin-decoder/ford/,ja,/tools/vin-decoder/ford/,indexable_self_canonical,200,200,https://geekskai.com/ja/tools/vin-decoder/ford/,200,1,https://geekskai.com/ja/tools/vin-decoder/ford/,PASS,"index, follow; index, follow, max-video-preview:-1, max-image-preview:large, max-snippet:-1",True,PASS,False,11,11,0,FAIL,1,ja,Ford VINデコーダー - 無料Ford車両識別番号検索,1,,https://geekskai.com/ja/blog/,SEO-02 | SEO-05 | SEO-07,FAIL,2026-10-09T02:01:58.041992+00:00,
URL-0537,https://geekskai.com/ko/tools/vin-decoder/ford/,ko,/tools/vin-decoder/ford/,indexable_self_canonical,200,200,https://geekskai.com/ko/tools/vin-decoder/ford/,200,1,https://geekskai.com/ko/tools/vin-decoder/ford/,PASS,"index, follow; index, follow, max-video-preview:-1, max-image-preview:large, max-snippet:-1",True,PASS,False,11,11,0,FAIL,1,ko,Ford VIN 디코더 - 무료 Ford 차량 식별 번호 검색,1,,https://geekskai.com/ko/blog/,SEO-02 | SEO-05 | SEO-07,FAIL,2026-10-09T02:01:58.886198+00:00,
URL-0538,https://geekskai.com/no/tools/vin-decoder/ford/,no,/tools/vin-decoder/ford/,indexable_self_canonical,200,200,https://geekskai.com/no/tools/vin-decoder/ford/,200,1,https://geekskai.com/no/tools/vin-decoder/ford/,PASS,"index, follow; index, follow, max-video-preview:-1, max-image-preview:large, max-snippet:-1",True,PASS,False,11,11,0,FAIL,1,no,Ford VIN-dekoder - Gratis Ford kjøretøjsidentifikasjonsnummer søk,1,,https://geekskai.com/no/blog/,SEO-02 | SEO-05 | SEO-07,FAIL,2026-10-09T02:01:59.497341+00:00,
URL-0539,https://geekskai.com/zh-cn/tools/vin-decoder/ford/,zh-cn,/tools/vin-decoder/ford/,indexable_self_canonical,200,200,https://geekskai.com/zh-cn/tools/vin-decoder/ford/,200,1,https://geekskai.com/zh-cn/tools/vin-decoder/ford/,PASS,"index, follow; index, follow, max-video-preview:-1, max-image-preview:large, max-snippet:-1",True,PASS,False,11,11,0,FAIL,1,zh-cn,福特 VIN解码器 - 免费福特车辆识别码查询,1,,https://geekskai.com/zh-cn/blog/,SEO-02 | SEO-05 | SEO-07,FAIL,2026-10-09T02:01:59.958917+00:00,
URL-0540,https://geekskai.com/da/tools/vin-decoder/ford/,da,/tools/vin-decoder/ford/,indexable_self_canonical,200,200,https://geekskai.com/da/tools/vin-decoder/ford/,200,1,https://geekskai.com/da/tools/vin-decoder/ford/,PASS,"index, follow; index, follow, max-video-preview:-1, max-image-preview:large, max-snippet:-1",True,PASS,False,11,11,0,FAIL,1,da,Ford VIN-dekoder - Gratis Ford køretøjsidentifikationsnummer søgning,1,,https://geekskai.com/da/blog/,SEO-02 | SEO-05 | SEO-07,FAIL,2026-10-09T02:02:00.237653+00:00,
URL-0541,https://geekskai.com/tools/vin-decoder/honda/,en,/tools/vin-decoder/honda/,indexable_self_canonical,200,200,https://geekskai.com/tools/vin-decoder/honda/,200,1,https://geekskai.com/tools/vin-decoder/honda/,PASS,"index, follow; index, follow, max-video-preview:-1, max-image-preview:large, max-snippet:-1",True,PASS,False,11,11,0,FAIL,12,en,Honda VIN Decoder - Free Honda Vehicle Identification Number Lookup,1,,,SEO-02 | SEO-07,FAIL,2026-10-09T02:02:00.582955+00:00,
URL-0542,https://geekskai.com/ar/tools/vin-decoder/honda/,ar,/tools/vin-decoder/honda/,indexable_self_canonical,200,200,https://geekskai.com/ar/tools/vin-decoder/honda/,200,1,https://geekskai.com/ar/tools/vin-decoder/honda/,PASS,"index, follow; index, follow, max-video-preview:-1, max-image-preview:large, max-snippet:-1",True,PASS,False,11,11,0,FAIL,1,ar,هوندا محلل رقم تعريف السيارة - فرصة مجانية للبحث عن رقم تعريف السيارة هوندا,1,,https://geekskai.com/ar/blog/,SEO-02 | SEO-05 | SEO-07 | SEO-12,FAIL,2026-10-09T02:02:01.620689+00:00,
URL-0543,https://geekskai.com/de/tools/vin-decoder/honda/,de,/tools/vin-decoder/honda/,indexable_self_canonical,200,200,https://geekskai.com/de/tools/vin-decoder/honda/,200,1,https://geekskai.com/de/tools/vin-decoder/honda/,PASS,"index, follow; index, follow, max-video-preview:-1, max-image-preview:large, max-snippet:-1",True,PASS,False,11,11,0,FAIL,1,de,Honda VIN-Decoder - Kostenloses Honda Fahrzeugidentifikationsnummer Suche,1,,https://geekskai.com/de/blog/,SEO-02 | SEO-05 | SEO-07 | SEO-12,FAIL,2026-10-09T02:02:01.387085+00:00,
URL-0544,https://geekskai.com/fr/tools/vin-decoder/honda/,fr,/tools/vin-decoder/honda/,indexable_self_canonical,200,200,https://geekskai.com/fr/tools/vin-decoder/honda/,200,1,https://geekskai.com/fr/tools/vin-decoder/honda/,PASS,"index, follow; index, follow, max-video-preview:-1, max-image-preview:large, max-snippet:-1",True,PASS,False,11,11,0,FAIL,1,fr,Honda Décodeur VIN - Recherche gratuite du numéro d’identification de véhicule Honda,1,,https://geekskai.com/fr/blog/,SEO-02 | SEO-05 | SEO-07 | SEO-12,FAIL,2026-10-09T02:02:02.053555+00:00,
URL-0545,https://geekskai.com/es/tools/vin-decoder/honda/,es,/tools/vin-decoder/honda/,indexable_self_canonical,200,200,https://geekskai.com/es/tools/vin-decoder/honda/,200,1,https://geekskai.com/es/tools/vin-decoder/honda/,PASS,"index, follow; index, follow, max-video-preview:-1, max-image-preview:large, max-snippet:-1",True,PASS,False,11,11,0,FAIL,1,es,honda Decodificador VIN - Búsqueda gratuita del número de identificación del vehículo honda,1,,https://geekskai.com/es/blog/,SEO-02 | SEO-05 | SEO-07 | SEO-12,FAIL,2026-10-09T02:02:03.213062+00:00,
URL-0546,https://geekskai.com/ja/tools/vin-decoder/honda/,ja,/tools/vin-decoder/honda/,indexable_self_canonical,200,200,https://geekskai.com/ja/tools/vin-decoder/honda/,200,1,https://geekskai.com/ja/tools/vin-decoder/honda/,PASS,"index, follow; index, follow, max-video-preview:-1, max-image-preview:large, max-snippet:-1",True,PASS,False,11,11,0,FAIL,1,ja,Honda VINデコーダー - 無料Honda車両識別番号検索,1,,https://geekskai.com/ja/blog/,SEO-02 | SEO-05 | SEO-07,FAIL,2026-10-09T02:02:03.355257+00:00,
URL-0547,https://geekskai.com/ko/tools/vin-decoder/honda/,ko,/tools/vin-decoder/honda/,indexable_self_canonical,200,200,https://geekskai.com/ko/tools/vin-decoder/honda/,200,1,https://geekskai.com/ko/tools/vin-decoder/honda/,PASS,"index, follow; index, follow, max-video-preview:-1, max-image-preview:large, max-snippet:-1",True,PASS,False,11,11,0,FAIL,1,ko,Honda VIN 디코더 - 무료 Honda 차량 식별 번호 검색,1,,https://geekskai.com/ko/blog/,SEO-02 | SEO-05 | SEO-07,FAIL,2026-10-09T02:02:03.498371+00:00,
URL-0548,https://geekskai.com/no/tools/vin-decoder/honda/,no,/tools/vin-decoder/honda/,indexable_self_canonical,200,200,https://geekskai.com/no/tools/vin-decoder/honda/,200,1,https://geekskai.com/no/tools/vin-decoder/honda/,PASS,"index, follow; index, follow, max-video-preview:-1, max-image-preview:large, max-snippet:-1",True,PASS,False,11,11,0,FAIL,1,no,Honda VIN-dekoder - Gratis Honda kjøretøjsidentifikasjonsnummer søk,1,,https://geekskai.com/no/blog/,SEO-02 | SEO-05 | SEO-07,FAIL,2026-10-09T02:02:04.500362+00:00,
URL-0549,https://geekskai.com/zh-cn/tools/vin-decoder/honda/,zh-cn,/tools/vin-decoder/honda/,indexable_self_canonical,200,200,https://geekskai.com/zh-cn/tools/vin-decoder/honda/,200,1,https://geekskai.com/zh-cn/tools/vin-decoder/honda/,PASS,"index, follow; index, follow, max-video-preview:-1, max-image-preview:large, max-snippet:-1",True,PASS,False,11,11,0,FAIL,1,zh-cn,本田 VIN解码器 - 免费本田车辆识别码查询,1,,https://geekskai.com/zh-cn/blog/,SEO-02 | SEO-05 | SEO-07,FAIL,2026-10-09T02:02:04.416909+00:00,
URL-0550,https://geekskai.com/da/tools/vin-decoder/honda/,da,/tools/vin-decoder/honda/,indexable_self_canonical,200,200,https://geekskai.com/da/tools/vin-decoder/honda/,200,1,https://geekskai.com/da/tools/vin-decoder/honda/,PASS,"index, follow; index, follow, max-video-preview:-1, max-image-preview:large, max-snippet:-1",True,PASS,False,11,11,0,FAIL,1,da,Honda VIN-dekoder - Gratis Honda køretøjsidentifikationsnummer søgning,1,,https://geekskai.com/da/blog/,SEO-02 | SEO-05 | SEO-07,FAIL,2026-10-09T02:02:05.151798+00:00,
URL-0551,https://geekskai.com/tools/vin-decoder/mercedes/,en,/tools/vin-decoder/mercedes/,indexable_self_canonical,200,200,https://geekskai.com/tools/vin-decoder/mercedes/,200,1,https://geekskai.com/tools/vin-decoder/mercedes/,PASS,"index, follow; index, follow, max-video-preview:-1, max-image-preview:large, max-snippet:-1",True,PASS,False,11,11,0,FAIL,12,en,Mercedes-Benz VIN Decoder - Free Mercedes-Benz Vehicle Identification Number Lookup,1,,,SEO-02 | SEO-07,FAIL,2026-10-09T02:02:05.661271+00:00,
URL-0552,https://geekskai.com/ar/tools/vin-decoder/mercedes/,ar,/tools/vin-decoder/mercedes/,indexable_self_canonical,200,200,https://geekskai.com/ar/tools/vin-decoder/mercedes/,200,1,https://geekskai.com/ar/tools/vin-decoder/mercedes/,PASS,"index, follow; index, follow, max-video-preview:-1, max-image-preview:large, max-snippet:-1",True,PASS,False,11,11,0,FAIL,1,ar,مرسيدس-بنز محلل رقم تعريف السيارة - فرصة مجانية للبحث عن رقم تعريف السيارة مرسيدس-بنز,1,,https://geekskai.com/ar/blog/,SEO-02 | SEO-05 | SEO-07 | SEO-12,FAIL,2026-10-09T02:02:06.380279+00:00,
URL-0553,https://geekskai.com/de/tools/vin-decoder/mercedes/,de,/tools/vin-decoder/mercedes/,indexable_self_canonical,200,200,https://geekskai.com/de/tools/vin-decoder/mercedes/,200,1,https://geekskai.com/de/tools/vin-decoder/mercedes/,PASS,"index, follow; index, follow, max-video-preview:-1, max-image-preview:large, max-snippet:-1",True,PASS,False,11,11,0,FAIL,1,de,Mercedes-Benz VIN-Decoder - Kostenloses Mercedes-Benz Fahrzeugidentifikationsnummer Suche,1,,https://geekskai.com/de/blog/,SEO-02 | SEO-05 | SEO-07 | SEO-12,FAIL,2026-10-09T02:02:06.380092+00:00,
URL-0554,https://geekskai.com/fr/tools/vin-decoder/mercedes/,fr,/tools/vin-decoder/mercedes/,indexable_self_canonical,200,200,https://geekskai.com/fr/tools/vin-decoder/mercedes/,200,1,https://geekskai.com/fr/tools/vin-decoder/mercedes/,PASS,"index, follow; index, follow, max-video-preview:-1, max-image-preview:large, max-snippet:-1",True,PASS,False,11,11,0,FAIL,1,fr,Mercedes-Benz Décodeur VIN - Recherche gratuite du numéro d’identification de véhicule Mercedes-Benz,1,,https://geekskai.com/fr/blog/,SEO-02 | SEO-05 | SEO-07 | SEO-12,FAIL,2026-10-09T02:02:08.521405+00:00,
URL-0555,https://geekskai.com/es/tools/vin-decoder/mercedes/,es,/tools/vin-decoder/mercedes/,indexable_self_canonical,200,200,https://geekskai.com/es/tools/vin-decoder/mercedes/,200,1,https://geekskai.com/es/tools/vin-decoder/mercedes/,PASS,"index, follow; index, follow, max-video-preview:-1, max-image-preview:large, max-snippet:-1",True,PASS,False,11,11,0,FAIL,1,es,Mercedes-Benz Decodificador VIN - Búsqueda gratuita del número de identificación del vehículo Mercedes-Benz,1,,https://geekskai.com/es/blog/,SEO-02 | SEO-05 | SEO-07 | SEO-12,FAIL,2026-10-09T02:02:08.519586+00:00,
URL-0556,https://geekskai.com/ja/tools/vin-decoder/mercedes/,ja,/tools/vin-decoder/mercedes/,indexable_self_canonical,200,200,https://geekskai.com/ja/tools/vin-decoder/mercedes/,200,1,https://geekskai.com/ja/tools/vin-decoder/mercedes/,PASS,"index, follow; index, follow, max-video-preview:-1, max-image-preview:large, max-snippet:-1",True,PASS,False,11,11,0,FAIL,1,ja,Mercedes-Benz VINデコーダー - 無料Mercedes-Benz車両識別番号検索,1,,https://geekskai.com/ja/blog/,SEO-02 | SEO-05 | SEO-07,FAIL,2026-10-09T02:02:08.808505+00:00,
URL-0557,https://geekskai.com/ko/tools/vin-decoder/mercedes/,ko,/tools/vin-decoder/mercedes/,indexable_self_canonical,200,200,https://geekskai.com/ko/tools/vin-decoder/mercedes/,200,1,https://geekskai.com/ko/tools/vin-decoder/mercedes/,PASS,"index, follow; index, follow, max-video-preview:-1, max-image-preview:large, max-snippet:-1",True,PASS,False,11,11,0,FAIL,1,ko,Mercedes-Benz VIN 디코더 - 무료 Mercedes-Benz 차량 식별 번호 검색,1,,https://geekskai.com/ko/blog/,SEO-02 | SEO-05 | SEO-07,FAIL,2026-10-09T02:02:09.648684+00:00,
URL-0558,https://geekskai.com/no/tools/vin-decoder/mercedes/,no,/tools/vin-decoder/mercedes/,indexable_self_canonical,200,200,https://geekskai.com/no/tools/vin-decoder/mercedes/,200,1,https://geekskai.com/no/tools/vin-decoder/mercedes/,PASS,"index, follow; index, follow, max-video-preview:-1, max-image-preview:large, max-snippet:-1",True,PASS,False,11,11,0,FAIL,1,no,Mercedes-Benz VIN-dekoder - Gratis Mercedes-Benz kjøretøjsidentifikasjonsnummer søk,1,,https://geekskai.com/no/blog/,SEO-02 | SEO-05 | SEO-07,FAIL,2026-10-09T02:02:10.004806+00:00,
URL-0559,https://geekskai.com/zh-cn/tools/vin-decoder/mercedes/,zh-cn,/tools/vin-decoder/mercedes/,indexable_self_canonical,200,200,https://geekskai.com/zh-cn/tools/vin-decoder/mercedes/,200,1,https://geekskai.com/zh-cn/tools/vin-decoder/mercedes/,PASS,"index, follow; index, follow, max-video-preview:-1, max-image-preview:large, max-snippet:-1",True,PASS,False,11,11,0,FAIL,1,zh-cn,梅赛德斯-奔驰 VIN解码器 - 免费梅赛德斯-奔驰车辆识别码查询,1,,https://geekskai.com/zh-cn/blog/,SEO-02 | SEO-05 | SEO-07,FAIL,2026-10-09T02:02:10.062863+00:00,
URL-0560,https://geekskai.com/da/tools/vin-decoder/mercedes/,da,/tools/vin-decoder/mercedes/,indexable_self_canonical,200,200,https://geekskai.com/da/tools/vin-decoder/mercedes/,200,1,https://geekskai.com/da/tools/vin-decoder/mercedes/,PASS,"index, follow; index, follow, max-video-preview:-1, max-image-preview:large, max-snippet:-1",True,PASS,False,11,11,0,FAIL,1,da,Mercedes-Benz VIN-dekoder - Gratis Mercedes-Benz køretøjsidentifikationsnummer søgning,1,,https://geekskai.com/da/blog/,SEO-02 | SEO-05 | SEO-07,FAIL,2026-10-09T02:02:10.629078+00:00,
URL-0561,https://geekskai.com/tools/vin-decoder/nissan/,en,/tools/vin-decoder/nissan/,indexable_self_canonical,200,200,https://geekskai.com/tools/vin-decoder/nissan/,200,1,https://geekskai.com/tools/vin-decoder/nissan/,PASS,"index, follow; index, follow, max-video-preview:-1, max-image-preview:large, max-snippet:-1",True,PASS,False,11,11,0,FAIL,12,en,Nissan VIN Decoder - Free Nissan Vehicle Identification Number Lookup,1,,,SEO-02 | SEO-07,FAIL,2026-10-09T02:02:11.547119+00:00,
URL-0562,https://geekskai.com/ar/tools/vin-decoder/nissan/,ar,/tools/vin-decoder/nissan/,indexable_self_canonical,200,200,https://geekskai.com/ar/tools/vin-decoder/nissan/,200,1,https://geekskai.com/ar/tools/vin-decoder/nissan/,PASS,"index, follow; index, follow, max-video-preview:-1, max-image-preview:large, max-snippet:-1",True,PASS,False,11,11,0,FAIL,1,ar,نيسان محلل رقم تعريف السيارة - فرصة مجانية للبحث عن رقم تعريف السيارة نيسان,1,,https://geekskai.com/ar/blog/,SEO-02 | SEO-05 | SEO-07 | SEO-12,FAIL,2026-10-09T02:02:11.763452+00:00,
URL-0563,https://geekskai.com/de/tools/vin-decoder/nissan/,de,/tools/vin-decoder/nissan/,indexable_self_canonical,200,200,https://geekskai.com/de/tools/vin-decoder/nissan/,200,1,https://geekskai.com/de/tools/vin-decoder/nissan/,PASS,"index, follow; index, follow, max-video-preview:-1, max-image-preview:large, max-snippet:-1",True,PASS,False,11,11,0,FAIL,1,de,Nissan VIN-Decoder - Kostenloses Nissan Fahrzeugidentifikationsnummer Suche,1,,https://geekskai.com/de/blog/,SEO-02 | SEO-05 | SEO-07 | SEO-12,FAIL,2026-10-09T02:02:11.795911+00:00,
URL-0564,https://geekskai.com/fr/tools/vin-decoder/nissan/,fr,/tools/vin-decoder/nissan/,indexable_self_canonical,200,200,https://geekskai.com/fr/tools/vin-decoder/nissan/,200,1,https://geekskai.com/fr/tools/vin-decoder/nissan/,PASS,"index, follow; index, follow, max-video-preview:-1, max-image-preview:large, max-snippet:-1",True,PASS,False,11,11,0,FAIL,1,fr,Nissan Décodeur VIN - Recherche gratuite du numéro d’identification de véhicule Nissan,1,,https://geekskai.com/fr/blog/,SEO-02 | SEO-05 | SEO-07 | SEO-12,FAIL,2026-10-09T02:02:13.207175+00:00,
URL-0565,https://geekskai.com/es/tools/vin-decoder/nissan/,es,/tools/vin-decoder/nissan/,indexable_self_canonical,200,200,https://geekskai.com/es/tools/vin-decoder/nissan/,200,1,https://geekskai.com/es/tools/vin-decoder/nissan/,PASS,"index, follow; index, follow, max-video-preview:-1, max-image-preview:large, max-snippet:-1",True,PASS,False,11,11,0,FAIL,1,es,Nissan Decodificador VIN - Búsqueda gratuita del número de identificación del vehículo Nissan,1,,https://geekskai.com/es/blog/,SEO-02 | SEO-05 | SEO-07 | SEO-12,FAIL,2026-10-09T02:02:13.342668+00:00,
URL-0566,https://geekskai.com/ja/tools/vin-decoder/nissan/,ja,/tools/vin-decoder/nissan/,indexable_self_canonical,200,200,https://geekskai.com/ja/tools/vin-decoder/nissan/,200,1,https://geekskai.com/ja/tools/vin-decoder/nissan/,PASS,"index, follow; index, follow, max-video-preview:-1, max-image-preview:large, max-snippet:-1",True,PASS,False,11,11,0,FAIL,1,ja,Nissan VINデコーダー - 無料Nissan車両識別番号検索,1,,https://geekskai.com/ja/blog/,SEO-02 | SEO-05 | SEO-07,FAIL,2026-10-09T02:02:12.775411+00:00,
URL-0567,https://geekskai.com/ko/tools/vin-decoder/nissan/,ko,/tools/vin-decoder/nissan/,indexable_self_canonical,200,200,https://geekskai.com/ko/tools/vin-decoder/nissan/,200,1,https://geekskai.com/ko/tools/vin-decoder/nissan/,PASS,"index, follow; index, follow, max-video-preview:-1, max-image-preview:large, max-snippet:-1",True,PASS,False,11,11,0,FAIL,1,ko,Nissan VIN 디코더 - 무료 Nissan 차량 식별 번호 검색,1,,https://geekskai.com/ko/blog/,SEO-02 | SEO-05 | SEO-07,FAIL,2026-10-09T02:02:13.984283+00:00,
URL-0568,https://geekskai.com/no/tools/vin-decoder/nissan/,no,/tools/vin-decoder/nissan/,indexable_self_canonical,200,200,https://geekskai.com/no/tools/vin-decoder/nissan/,200,1,https://geekskai.com/no/tools/vin-decoder/nissan/,PASS,"index, follow; index, follow, max-video-preview:-1, max-image-preview:large, max-snippet:-1",True,PASS,False,11,11,0,FAIL,1,no,Nissan VIN-dekoder - Gratis Nissan kjøretøjsidentifikasjonsnummer søk,1,,https://geekskai.com/no/blog/,SEO-02 | SEO-05 | SEO-07,FAIL,2026-10-09T02:02:14.656778+00:00,
URL-0569,https://geekskai.com/zh-cn/tools/vin-decoder/nissan/,zh-cn,/tools/vin-decoder/nissan/,indexable_self_canonical,200,200,https://geekskai.com/zh-cn/tools/vin-decoder/nissan/,200,1,https://geekskai.com/zh-cn/tools/vin-decoder/nissan/,PASS,"index, follow; index, follow, max-video-preview:-1, max-image-preview:large, max-snippet:-1",True,PASS,False,11,11,0,FAIL,1,zh-cn,日产 VIN解码器 - 免费日产车辆识别码查询,1,,https://geekskai.com/zh-cn/blog/,SEO-02 | SEO-05 | SEO-07,FAIL,2026-10-09T02:02:14.656976+00:00,
URL-0570,https://geekskai.com/da/tools/vin-decoder/nissan/,da,/tools/vin-decoder/nissan/,indexable_self_canonical,200,200,https://geekskai.com/da/tools/vin-decoder/nissan/,200,1,https://geekskai.com/da/tools/vin-decoder/nissan/,PASS,"index, follow; index, follow, max-video-preview:-1, max-image-preview:large, max-snippet:-1",True,PASS,False,11,11,0,FAIL,1,da,Nissan VIN-dekoder - Gratis Nissan køretøjsidentifikationsnummer søgning,1,,https://geekskai.com/da/blog/,SEO-02 | SEO-05 | SEO-07,FAIL,2026-10-09T02:02:15.292428+00:00,
URL-0571,https://geekskai.com/tools/vin-decoder/tesla/,en,/tools/vin-decoder/tesla/,indexable_self_canonical,200,200,https://geekskai.com/tools/vin-decoder/tesla/,200,1,https://geekskai.com/tools/vin-decoder/tesla/,PASS,"index, follow; index, follow, max-video-preview:-1, max-image-preview:large, max-snippet:-1",True,PASS,False,11,11,0,FAIL,12,en,Tesla VIN Decoder - Free Tesla Vehicle Identification Number Lookup,1,,,SEO-02 | SEO-07,FAIL,2026-10-09T02:02:15.889575+00:00,
URL-0572,https://geekskai.com/ar/tools/vin-decoder/tesla/,ar,/tools/vin-decoder/tesla/,indexable_self_canonical,200,200,https://geekskai.com/ar/tools/vin-decoder/tesla/,200,1,https://geekskai.com/ar/tools/vin-decoder/tesla/,PASS,"index, follow; index, follow, max-video-preview:-1, max-image-preview:large, max-snippet:-1",True,PASS,False,11,11,0,FAIL,1,ar,تيسلا محلل رقم تعريف السيارة - فرصة مجانية للبحث عن رقم تعريف السيارة تيسلا,1,,https://geekskai.com/ar/blog/,SEO-02 | SEO-05 | SEO-07 | SEO-12,FAIL,2026-10-09T02:02:15.982093+00:00,
URL-0573,https://geekskai.com/de/tools/vin-decoder/tesla/,de,/tools/vin-decoder/tesla/,indexable_self_canonical,200,200,https://geekskai.com/de/tools/vin-decoder/tesla/,200,1,https://geekskai.com/de/tools/vin-decoder/tesla/,PASS,"index, follow; index, follow, max-video-preview:-1, max-image-preview:large, max-snippet:-1",True,PASS,False,11,11,0,FAIL,1,de,Tesla VIN-Decoder - Kostenloses Tesla Fahrzeugidentifikationsnummer Suche,1,,https://geekskai.com/de/blog/,SEO-02 | SEO-05 | SEO-07 | SEO-12,FAIL,2026-10-09T02:02:17.051269+00:00,
URL-0574,https://geekskai.com/fr/tools/vin-decoder/tesla/,fr,/tools/vin-decoder/tesla/,indexable_self_canonical,200,200,https://geekskai.com/fr/tools/vin-decoder/tesla/,200,1,https://geekskai.com/fr/tools/vin-decoder/tesla/,PASS,"index, follow; index, follow, max-video-preview:-1, max-image-preview:large, max-snippet:-1",True,PASS,False,11,11,0,FAIL,1,fr,Tesla Décodeur VIN - Recherche gratuite du numéro d’identification de véhicule Tesla,1,,https://geekskai.com/fr/blog/,SEO-02 | SEO-05 | SEO-07 | SEO-12,FAIL,2026-10-09T02:02:16.906894+00:00,
URL-0575,https://geekskai.com/es/tools/vin-decoder/tesla/,es,/tools/vin-decoder/tesla/,indexable_self_canonical,200,200,https://geekskai.com/es/tools/vin-decoder/tesla/,200,1,https://geekskai.com/es/tools/vin-decoder/tesla/,PASS,"index, follow; index, follow, max-video-preview:-1, max-image-preview:large, max-snippet:-1",True,PASS,False,11,11,0,FAIL,1,es,tesla Decodificador VIN - Búsqueda gratuita del número de identificación del vehículo tesla,1,,https://geekskai.com/es/blog/,SEO-02 | SEO-05 | SEO-07 | SEO-12,FAIL,2026-10-09T02:02:17.005851+00:00,
URL-0576,https://geekskai.com/ja/tools/vin-decoder/tesla/,ja,/tools/vin-decoder/tesla/,indexable_self_canonical,200,200,https://geekskai.com/ja/tools/vin-decoder/tesla/,200,1,https://geekskai.com/ja/tools/vin-decoder/tesla/,PASS,"index, follow; index, follow, max-video-preview:-1, max-image-preview:large, max-snippet:-1",True,PASS,False,11,11,0,FAIL,1,ja,Tesla VINデコーダー - 無料Tesla車両識別番号検索,1,,https://geekskai.com/ja/blog/,SEO-02 | SEO-05 | SEO-07,FAIL,2026-10-09T02:02:18.096395+00:00,
URL-0577,https://geekskai.com/ko/tools/vin-decoder/tesla/,ko,/tools/vin-decoder/tesla/,indexable_self_canonical,200,200,https://geekskai.com/ko/tools/vin-decoder/tesla/,200,1,https://geekskai.com/ko/tools/vin-decoder/tesla/,PASS,"index, follow; index, follow, max-video-preview:-1, max-image-preview:large, max-snippet:-1",True,PASS,False,11,11,0,FAIL,1,ko,Tesla VIN 디코더 - 무료 Tesla 차량 식별 번호 검색,1,,https://geekskai.com/ko/blog/,SEO-02 | SEO-05 | SEO-07,FAIL,2026-10-09T02:02:18.460742+00:00,
URL-0578,https://geekskai.com/no/tools/vin-decoder/tesla/,no,/tools/vin-decoder/tesla/,indexable_self_canonical,200,200,https://geekskai.com/no/tools/vin-decoder/tesla/,200,1,https://geekskai.com/no/tools/vin-decoder/tesla/,PASS,"index, follow; index, follow, max-video-preview:-1, max-image-preview:large, max-snippet:-1",True,PASS,False,11,11,0,FAIL,1,no,Tesla VIN-dekoder - Gratis Tesla kjøretøjsidentifikasjonsnummer søk,1,,https://geekskai.com/no/blog/,SEO-02 | SEO-05 | SEO-07,FAIL,2026-10-09T02:02:18.410005+00:00,
URL-0579,https://geekskai.com/zh-cn/tools/vin-decoder/tesla/,zh-cn,/tools/vin-decoder/tesla/,indexable_self_canonical,200,200,https://geekskai.com/zh-cn/tools/vin-decoder/tesla/,200,1,https://geekskai.com/zh-cn/tools/vin-decoder/tesla/,PASS,"index, follow; index, follow, max-video-preview:-1, max-image-preview:large, max-snippet:-1",True,PASS,False,11,11,0,FAIL,1,zh-cn,特斯拉 VIN解码器 - 免费特斯拉车辆识别码查询,1,,https://geekskai.com/zh-cn/blog/,SEO-02 | SEO-05 | SEO-07,FAIL,2026-10-09T02:02:19.493028+00:00,
URL-0580,https://geekskai.com/da/tools/vin-decoder/tesla/,da,/tools/vin-decoder/tesla/,indexable_self_canonical,200,200,https://geekskai.com/da/tools/vin-decoder/tesla/,200,1,https://geekskai.com/da/tools/vin-decoder/tesla/,PASS,"index, follow; index, follow, max-video-preview:-1, max-image-preview:large, max-snippet:-1",True,PASS,False,11,11,0,FAIL,1,da,Tesla VIN-dekoder - Gratis Tesla køretøjsidentifikationsnummer søgning,1,,https://geekskai.com/da/blog/,SEO-02 | SEO-05 | SEO-07,FAIL,2026-10-09T02:02:19.586747+00:00,
URL-0581,https://geekskai.com/tools/vin-decoder/toyota/,en,/tools/vin-decoder/toyota/,indexable_self_canonical,200,200,https://geekskai.com/tools/vin-decoder/toyota/,200,1,https://geekskai.com/tools/vin-decoder/toyota/,PASS,"index, follow; index, follow, max-video-preview:-1, max-image-preview:large, max-snippet:-1",True,PASS,False,11,11,0,FAIL,12,en,Toyota VIN Decoder - Free Toyota Vehicle Identification Number Lookup,1,,,SEO-02 | SEO-07,FAIL,2026-10-09T02:02:19.012094+00:00,
URL-0582,https://geekskai.com/ar/tools/vin-decoder/toyota/,ar,/tools/vin-decoder/toyota/,indexable_self_canonical,200,200,https://geekskai.com/ar/tools/vin-decoder/toyota/,200,1,https://geekskai.com/ar/tools/vin-decoder/toyota/,PASS,"index, follow; index, follow, max-video-preview:-1, max-image-preview:large, max-snippet:-1",True,PASS,False,11,11,0,FAIL,1,ar,تويوتا محلل رقم تعريف السيارة - فرصة مجانية للبحث عن رقم تعريف السيارة تويوتا,1,,https://geekskai.com/ar/blog/,SEO-02 | SEO-05 | SEO-07 | SEO-12,FAIL,2026-10-09T02:02:20.606662+00:00,
URL-0583,https://geekskai.com/de/tools/vin-decoder/toyota/,de,/tools/vin-decoder/toyota/,indexable_self_canonical,200,200,https://geekskai.com/de/tools/vin-decoder/toyota/,200,1,https://geekskai.com/de/tools/vin-decoder/toyota/,PASS,"index, follow; index, follow, max-video-preview:-1, max-image-preview:large, max-snippet:-1",True,PASS,False,11,11,0,FAIL,1,de,Toyota VIN-Decoder - Kostenloses Toyota Fahrzeugidentifikationsnummer Suche,1,,https://geekskai.com/de/blog/,SEO-02 | SEO-05 | SEO-07 | SEO-12,FAIL,2026-10-09T02:02:21.160513+00:00,
URL-0584,https://geekskai.com/fr/tools/vin-decoder/toyota/,fr,/tools/vin-decoder/toyota/,indexable_self_canonical,200,200,https://geekskai.com/fr/tools/vin-decoder/toyota/,200,1,https://geekskai.com/fr/tools/vin-decoder/toyota/,PASS,"index, follow; index, follow, max-video-preview:-1, max-image-preview:large, max-snippet:-1",True,PASS,False,11,11,0,FAIL,1,fr,Toyota Décodeur VIN - Recherche gratuite du numéro d’identification de véhicule Toyota,1,,https://geekskai.com/fr/blog/,SEO-02 | SEO-05 | SEO-07 | SEO-12,FAIL,2026-10-09T02:02:21.065032+00:00,
URL-0585,https://geekskai.com/es/tools/vin-decoder/toyota/,es,/tools/vin-decoder/toyota/,indexable_self_canonical,200,200,https://geekskai.com/es/tools/vin-decoder/toyota/,200,1,https://geekskai.com/es/tools/vin-decoder/toyota/,PASS,"index, follow; index, follow, max-video-preview:-1, max-image-preview:large, max-snippet:-1",True,PASS,False,11,11,0,FAIL,1,es,toyota Decodificador VIN - Búsqueda gratuita del número de identificación del vehículo toyota,1,,https://geekskai.com/es/blog/,SEO-02 | SEO-05 | SEO-07 | SEO-12,FAIL,2026-10-09T02:02:21.989883+00:00,
URL-0586,https://geekskai.com/ja/tools/vin-decoder/toyota/,ja,/tools/vin-decoder/toyota/,indexable_self_canonical,200,200,https://geekskai.com/ja/tools/vin-decoder/toyota/,200,1,https://geekskai.com/ja/tools/vin-decoder/toyota/,PASS,"index, follow; index, follow, max-video-preview:-1, max-image-preview:large, max-snippet:-1",True,PASS,False,11,11,0,FAIL,1,ja,Toyota VINデコーダー - 無料Toyota車両識別番号検索,1,,https://geekskai.com/ja/blog/,SEO-02 | SEO-05 | SEO-07,FAIL,2026-10-09T02:02:22.333565+00:00,
URL-0587,https://geekskai.com/ko/tools/vin-decoder/toyota/,ko,/tools/vin-decoder/toyota/,indexable_self_canonical,200,200,https://geekskai.com/ko/tools/vin-decoder/toyota/,200,1,https://geekskai.com/ko/tools/vin-decoder/toyota/,PASS,"index, follow; index, follow, max-video-preview:-1, max-image-preview:large, max-snippet:-1",True,PASS,False,11,11,0,FAIL,1,ko,Toyota VIN 디코더 - 무료 Toyota 차량 식별 번호 검색,1,,https://geekskai.com/ko/blog/,SEO-02 | SEO-05 | SEO-07,FAIL,2026-10-09T02:02:22.391547+00:00,
URL-0588,https://geekskai.com/no/tools/vin-decoder/toyota/,no,/tools/vin-decoder/toyota/,indexable_self_canonical,200,200,https://geekskai.com/no/tools/vin-decoder/toyota/,200,1,https://geekskai.com/no/tools/vin-decoder/toyota/,PASS,"index, follow; index, follow, max-video-preview:-1, max-image-preview:large, max-snippet:-1",True,PASS,False,11,11,0,FAIL,1,no,Toyota VIN-dekoder - Gratis Toyota kjøretøjsidentifikasjonsnummer søk,1,,https://geekskai.com/no/blog/,SEO-02 | SEO-05 | SEO-07,FAIL,2026-10-09T02:02:23.347010+00:00,
URL-0589,https://geekskai.com/zh-cn/tools/vin-decoder/toyota/,zh-cn,/tools/vin-decoder/toyota/,indexable_self_canonical,200,200,https://geekskai.com/zh-cn/tools/vin-decoder/toyota/,200,1,https://geekskai.com/zh-cn/tools/vin-decoder/toyota/,PASS,"index, follow; index, follow, max-video-preview:-1, max-image-preview:large, max-snippet:-1",True,PASS,False,11,11,0,FAIL,1,zh-cn,丰田 VIN解码器 - 免费丰田车辆识别码查询,1,,https://geekskai.com/zh-cn/blog/,SEO-02 | SEO-05 | SEO-07,FAIL,2026-10-09T02:02:23.446414+00:00,
URL-0590,https://geekskai.com/da/tools/vin-decoder/toyota/,da,/tools/vin-decoder/toyota/,indexable_self_canonical,200,200,https://geekskai.com/da/tools/vin-decoder/toyota/,200,1,https://geekskai.com/da/tools/vin-decoder/toyota/,PASS,"index, follow; index, follow, max-video-preview:-1, max-image-preview:large, max-snippet:-1",True,PASS,False,11,11,0,FAIL,1,da,Toyota VIN-dekoder - Gratis Toyota køretøjsidentifikationsnummer søgning,1,,https://geekskai.com/da/blog/,SEO-02 | SEO-05 | SEO-07,FAIL,2026-10-09T02:02:23.710806+00:00,
URL-0591,https://geekskai.com/tools/vin-decoder/vehicle-types/classic-car/,en,/tools/vin-decoder/vehicle-types/classic-car/,indexable_self_canonical,200,200,https://geekskai.com/tools/vin-decoder/vehicle-types/classic-car/,200,1,https://geekskai.com/tools/vin-decoder/vehicle-types/classic-car/,PASS,"index, follow; index, follow, max-video-preview:-1, max-image-preview:large, max-snippet:-1",True,PASS,False,11,11,0,PASS,0,en,Classic Car VIN Decoder - Vintage Vehicle VIN Guide | GeeksKai,1,,,SEO-07,FAIL,2026-10-09T02:02:24.280738+00:00,
URL-0592,https://geekskai.com/ar/tools/vin-decoder/vehicle-types/classic-car/,ar,/tools/vin-decoder/vehicle-types/classic-car/,indexable_self_canonical,200,200,https://geekskai.com/ar/tools/vin-decoder/vehicle-types/classic-car/,200,1,https://geekskai.com/ar/tools/vin-decoder/vehicle-types/classic-car/,PASS,"index, follow; index, follow, max-video-preview:-1, max-image-preview:large, max-snippet:-1",True,PASS,False,11,11,0,PASS,0,ar,وحدة فك ترميز VIN للسيارة الكلاسيكية - دليل VIN للمركبة القديمة | جيكسكاي,1,,https://geekskai.com/ar/blog/,SEO-05 | SEO-07 | SEO-12,FAIL,2026-10-09T02:02:26.578070+00:00,
URL-0593,https://geekskai.com/de/tools/vin-decoder/vehicle-types/classic-car/,de,/tools/vin-decoder/vehicle-types/classic-car/,indexable_self_canonical,200,200,https://geekskai.com/de/tools/vin-decoder/vehicle-types/classic-car/,200,1,https://geekskai.com/de/tools/vin-decoder/vehicle-types/classic-car/,PASS,"index, follow; index, follow, max-video-preview:-1, max-image-preview:large, max-snippet:-1",True,PASS,False,11,11,0,PASS,0,de,Oldtimer-VIN-Decoder – Oldtimer-VIN-Leitfaden | GeeksKai,1,,https://geekskai.com/de/blog/,SEO-05 | SEO-07 | SEO-12,FAIL,2026-10-09T02:02:25.616945+00:00,
URL-0594,https://geekskai.com/fr/tools/vin-decoder/vehicle-types/classic-car/,fr,/tools/vin-decoder/vehicle-types/classic-car/,indexable_self_canonical,200,200,https://geekskai.com/fr/tools/vin-decoder/vehicle-types/classic-car/,200,1,https://geekskai.com/fr/tools/vin-decoder/vehicle-types/classic-car/,PASS,"index, follow; index, follow, max-video-preview:-1, max-image-preview:large, max-snippet:-1",True,PASS,False,11,11,0,PASS,0,fr,Décodeur VIN de voiture classique - Guide VIN de véhicule vintage | GeeksKai,1,,https://geekskai.com/fr/blog/,SEO-05 | SEO-07 | SEO-12,FAIL,2026-10-09T02:02:25.556406+00:00,
URL-0595,https://geekskai.com/es/tools/vin-decoder/vehicle-types/classic-car/,es,/tools/vin-decoder/vehicle-types/classic-car/,indexable_self_canonical,200,200,https://geekskai.com/es/tools/vin-decoder/vehicle-types/classic-car/,200,1,https://geekskai.com/es/tools/vin-decoder/vehicle-types/classic-car/,PASS,"index, follow; index, follow, max-video-preview:-1, max-image-preview:large, max-snippet:-1",True,PASS,False,11,11,0,PASS,0,es,Decodificador de VIN de coches clásicos - Guía de VIN de vehículos antiguos | GeeksKai,1,,https://geekskai.com/es/blog/,SEO-05 | SEO-07 | SEO-12,FAIL,2026-10-09T02:02:26.597169+00:00,
URL-0596,https://geekskai.com/ja/tools/vin-decoder/vehicle-types/classic-car/,ja,/tools/vin-decoder/vehicle-types/classic-car/,indexable_self_canonical,200,200,https://geekskai.com/ja/tools/vin-decoder/vehicle-types/classic-car/,200,1,https://geekskai.com/ja/tools/vin-decoder/vehicle-types/classic-car/,PASS,"index, follow; index, follow, max-video-preview:-1, max-image-preview:large, max-snippet:-1",True,PASS,False,11,11,0,PASS,0,ja,クラシックカー VIN デコーダ - ヴィンテージ車両 VIN ガイド |オタク会,1,,https://geekskai.com/ja/blog/,SEO-05 | SEO-07,FAIL,2026-10-09T02:02:26.920983+00:00,
URL-0597,https://geekskai.com/ko/tools/vin-decoder/vehicle-types/classic-car/,ko,/tools/vin-decoder/vehicle-types/classic-car/,indexable_self_canonical,200,200,https://geekskai.com/ko/tools/vin-decoder/vehicle-types/classic-car/,200,1,https://geekskai.com/ko/tools/vin-decoder/vehicle-types/classic-car/,PASS,"index, follow; index, follow, max-video-preview:-1, max-image-preview:large, max-snippet:-1",True,PASS,False,11,11,0,PASS,0,ko,클래식 자동차 VIN 디코더 - 빈티지 차량 VIN 가이드 | 긱스카이,1,,https://geekskai.com/ko/blog/,SEO-05 | SEO-07,FAIL,2026-10-09T02:02:27.902344+00:00,
URL-0598,https://geekskai.com/no/tools/vin-decoder/vehicle-types/classic-car/,no,/tools/vin-decoder/vehicle-types/classic-car/,indexable_self_canonical,200,200,https://geekskai.com/no/tools/vin-decoder/vehicle-types/classic-car/,200,1,https://geekskai.com/no/tools/vin-decoder/vehicle-types/classic-car/,PASS,"index, follow; index, follow, max-video-preview:-1, max-image-preview:large, max-snippet:-1",True,PASS,False,11,11,0,PASS,0,no,Klassisk bil VIN-dekoder – veteranguide | GeeksKai,1,,https://geekskai.com/no/blog/,SEO-05 | SEO-07,FAIL,2026-10-09T02:02:27.578975+00:00,
URL-0599,https://geekskai.com/zh-cn/tools/vin-decoder/vehicle-types/classic-car/,zh-cn,/tools/vin-decoder/vehicle-types/classic-car/,indexable_self_canonical,200,200,https://geekskai.com/zh-cn/tools/vin-decoder/vehicle-types/classic-car/,200,1,https://geekskai.com/zh-cn/tools/vin-decoder/vehicle-types/classic-car/,PASS,"index, follow; index, follow, max-video-preview:-1, max-image-preview:large, max-snippet:-1",True,PASS,False,11,11,0,PASS,0,zh-cn,经典车 VIN 解码器 - 老爷车识别码指南 | GeeksKai,1,,https://geekskai.com/zh-cn/blog/,SEO-05 | SEO-07,FAIL,2026-10-09T02:02:28.183715+00:00,
URL-0600,https://geekskai.com/da/tools/vin-decoder/vehicle-types/classic-car/,da,/tools/vin-decoder/vehicle-types/classic-car/,indexable_self_canonical,200,200,https://geekskai.com/da/tools/vin-decoder/vehicle-types/classic-car/,200,1,https://geekskai.com/da/tools/vin-decoder/vehicle-types/classic-car/,PASS,"index, follow; index, follow, max-video-preview:-1, max-image-preview:large, max-snippet:-1",True,PASS,False,11,11,0,PASS,0,da,Klassisk bil VIN-dekoder - VIN-guide til veteranbiler | GeeksKai,1,,https://geekskai.com/da/blog/,SEO-05 | SEO-07,FAIL,2026-10-09T02:02:29.013938+00:00,
URL-0601,https://geekskai.com/tools/vin-decoder/vehicle-types/motorcycle/,en,/tools/vin-decoder/vehicle-types/motorcycle/,indexable_self_canonical,200,200,https://geekskai.com/tools/vin-decoder/vehicle-types/motorcycle/,200,1,https://geekskai.com/tools/vin-decoder/vehicle-types/motorcycle/,PASS,"index, follow; index, follow, max-video-preview:-1, max-image-preview:large, max-snippet:-1",True,PASS,False,11,11,0,PASS,0,en,Motorcycle VIN Decoder - Free VIN Lookup for Bikes | GeeksKai,1,,,SEO-07,FAIL,2026-10-09T02:02:28.985347+00:00,
URL-0602,https://geekskai.com/ar/tools/vin-decoder/vehicle-types/motorcycle/,ar,/tools/vin-decoder/vehicle-types/motorcycle/,indexable_self_canonical,200,200,https://geekskai.com/ar/tools/vin-decoder/vehicle-types/motorcycle/,200,1,https://geekskai.com/ar/tools/vin-decoder/vehicle-types/motorcycle/,PASS,"index, follow; index, follow, max-video-preview:-1, max-image-preview:large, max-snippet:-1",True,PASS,False,11,11,0,PASS,0,ar,وحدة فك ترميز VIN للدراجة النارية - بحث مجاني عن VIN للدراجات | جيكسكاي,1,,https://geekskai.com/ar/blog/,SEO-05 | SEO-07 | SEO-12,FAIL,2026-10-09T02:02:29.448811+00:00,
URL-0603,https://geekskai.com/de/tools/vin-decoder/vehicle-types/motorcycle/,de,/tools/vin-decoder/vehicle-types/motorcycle/,indexable_self_canonical,200,200,https://geekskai.com/de/tools/vin-decoder/vehicle-types/motorcycle/,200,1,https://geekskai.com/de/tools/vin-decoder/vehicle-types/motorcycle/,PASS,"index, follow; index, follow, max-video-preview:-1, max-image-preview:large, max-snippet:-1",True,PASS,False,11,11,0,PASS,0,de,Motorrad-VIN-Decoder – Kostenlose VIN-Suche für Fahrräder | GeeksKai,1,,https://geekskai.com/de/blog/,SEO-05 | SEO-07 | SEO-12,FAIL,2026-10-09T02:02:30.282469+00:00,
URL-0604,https://geekskai.com/fr/tools/vin-decoder/vehicle-types/motorcycle/,fr,/tools/vin-decoder/vehicle-types/motorcycle/,indexable_self_canonical,200,200,https://geekskai.com/fr/tools/vin-decoder/vehicle-types/motorcycle/,200,1,https://geekskai.com/fr/tools/vin-decoder/vehicle-types/motorcycle/,PASS,"index, follow; index, follow, max-video-preview:-1, max-image-preview:large, max-snippet:-1",True,PASS,False,11,11,0,PASS,0,fr,Décodeur VIN de moto - Recherche gratuite de VIN pour les vélos | GeeksKai,1,,https://geekskai.com/fr/blog/,SEO-05 | SEO-07 | SEO-12,FAIL,2026-10-09T02:02:29.817104+00:00,
URL-0605,https://geekskai.com/es/tools/vin-decoder/vehicle-types/motorcycle/,es,/tools/vin-decoder/vehicle-types/motorcycle/,indexable_self_canonical,200,200,https://geekskai.com/es/tools/vin-decoder/vehicle-types/motorcycle/,200,1,https://geekskai.com/es/tools/vin-decoder/vehicle-types/motorcycle/,PASS,"index, follow; index, follow, max-video-preview:-1, max-image-preview:large, max-snippet:-1",True,PASS,False,11,11,0,PASS,0,es,Decodificador de VIN de motocicleta: búsqueda gratuita de VIN para bicicletas | GeeksKai,1,,https://geekskai.com/es/blog/,SEO-05 | SEO-07 | SEO-12,FAIL,2026-10-09T02:02:30.990011+00:00,
URL-0606,https://geekskai.com/ja/tools/vin-decoder/vehicle-types/motorcycle/,ja,/tools/vin-decoder/vehicle-types/motorcycle/,indexable_self_canonical,200,200,https://geekskai.com/ja/tools/vin-decoder/vehicle-types/motorcycle/,200,1,https://geekskai.com/ja/tools/vin-decoder/vehicle-types/motorcycle/,PASS,"index, follow; index, follow, max-video-preview:-1, max-image-preview:large, max-snippet:-1",True,PASS,False,11,11,0,PASS,0,ja,オートバイの VIN デコーダ - バイクの無料 VIN ルックアップ |オタク会,1,,https://geekskai.com/ja/blog/,SEO-05 | SEO-07,FAIL,2026-10-09T02:02:31.021221+00:00,
URL-0607,https://geekskai.com/ko/tools/vin-decoder/vehicle-types/motorcycle/,ko,/tools/vin-decoder/vehicle-types/motorcycle/,indexable_self_canonical,200,200,https://geekskai.com/ko/tools/vin-decoder/vehicle-types/motorcycle/,200,1,https://geekskai.com/ko/tools/vin-decoder/vehicle-types/motorcycle/,PASS,"index, follow; index, follow, max-video-preview:-1, max-image-preview:large, max-snippet:-1",True,PASS,False,11,11,0,PASS,0,ko,오토바이 VIN 디코더 - 자전거용 무료 VIN 조회 | 긱스카이,1,,https://geekskai.com/ko/blog/,SEO-05 | SEO-07,FAIL,2026-10-09T02:02:31.620994+00:00,
URL-0608,https://geekskai.com/no/tools/vin-decoder/vehicle-types/motorcycle/,no,/tools/vin-decoder/vehicle-types/motorcycle/,indexable_self_canonical,200,200,https://geekskai.com/no/tools/vin-decoder/vehicle-types/motorcycle/,200,1,https://geekskai.com/no/tools/vin-decoder/vehicle-types/motorcycle/,PASS,"index, follow; index, follow, max-video-preview:-1, max-image-preview:large, max-snippet:-1",True,PASS,False,11,11,0,PASS,0,no,VIN-dekoder for motorsykkel – gratis oppslag | GeeksKai,1,,https://geekskai.com/no/blog/,SEO-05 | SEO-07,FAIL,2026-10-09T02:02:32.385336+00:00,
URL-0609,https://geekskai.com/zh-cn/tools/vin-decoder/vehicle-types/motorcycle/,zh-cn,/tools/vin-decoder/vehicle-types/motorcycle/,indexable_self_canonical,200,200,https://geekskai.com/zh-cn/tools/vin-decoder/vehicle-types/motorcycle/,200,1,https://geekskai.com/zh-cn/tools/vin-decoder/vehicle-types/motorcycle/,PASS,"index, follow; index, follow, max-video-preview:-1, max-image-preview:large, max-snippet:-1",True,PASS,False,11,11,0,PASS,0,zh-cn,摩托车 VIN 解码器 - 免费机车识别码查询 | GeeksKai,1,,https://geekskai.com/zh-cn/blog/,SEO-05 | SEO-07,FAIL,2026-10-09T02:02:32.015351+00:00,
URL-0610,https://geekskai.com/da/tools/vin-decoder/vehicle-types/motorcycle/,da,/tools/vin-decoder/vehicle-types/motorcycle/,indexable_self_canonical,200,200,https://geekskai.com/da/tools/vin-decoder/vehicle-types/motorcycle/,200,1,https://geekskai.com/da/tools/vin-decoder/vehicle-types/motorcycle/,PASS,"index, follow; index, follow, max-video-preview:-1, max-image-preview:large, max-snippet:-1",True,PASS,False,11,11,0,PASS,0,da,Motorcykel VIN-dekoder - Gratis VIN-opslag til cykler | GeeksKai,1,,https://geekskai.com/da/blog/,SEO-05 | SEO-07,FAIL,2026-10-09T02:02:32.943509+00:00,
URL-0611,https://geekskai.com/tools/vin-decoder/vehicle-types/rv/,en,/tools/vin-decoder/vehicle-types/rv/,indexable_self_canonical,200,200,https://geekskai.com/tools/vin-decoder/vehicle-types/rv/,200,1,https://geekskai.com/tools/vin-decoder/vehicle-types/rv/,PASS,"index, follow; index, follow, max-video-preview:-1, max-image-preview:large, max-snippet:-1",True,PASS,False,11,11,0,PASS,0,en,RV VIN Decoder - Free Motorhome VIN Lookup | GeeksKai,1,,,SEO-07,FAIL,2026-10-09T02:02:32.789989+00:00,
URL-0612,https://geekskai.com/ar/tools/vin-decoder/vehicle-types/rv/,ar,/tools/vin-decoder/vehicle-types/rv/,indexable_self_canonical,200,200,https://geekskai.com/ar/tools/vin-decoder/vehicle-types/rv/,200,1,https://geekskai.com/ar/tools/vin-decoder/vehicle-types/rv/,PASS,"index, follow; index, follow, max-video-preview:-1, max-image-preview:large, max-snippet:-1",True,PASS,False,11,11,0,PASS,0,ar,RV VIN Decoder - Free Motorhome VIN Lookup | GeeksKai,1,,https://geekskai.com/ar/blog/,SEO-05 | SEO-07 | SEO-09 | SEO-12,FAIL,2026-10-09T02:02:33.903479+00:00,
URL-0613,https://geekskai.com/de/tools/vin-decoder/vehicle-types/rv/,de,/tools/vin-decoder/vehicle-types/rv/,indexable_self_canonical,200,200,https://geekskai.com/de/tools/vin-decoder/vehicle-types/rv/,200,1,https://geekskai.com/de/tools/vin-decoder/vehicle-types/rv/,PASS,"index, follow; index, follow, max-video-preview:-1, max-image-preview:large, max-snippet:-1",True,PASS,False,11,11,0,PASS,0,de,Wohnmobil-VIN-Decoder – Kostenlose Wohnmobil-VIN-Suche | GeeksKai,1,,https://geekskai.com/de/blog/,SEO-05 | SEO-07 | SEO-12,FAIL,2026-10-09T02:02:33.920146+00:00,
URL-0614,https://geekskai.com/fr/tools/vin-decoder/vehicle-types/rv/,fr,/tools/vin-decoder/vehicle-types/rv/,indexable_self_canonical,200,200,https://geekskai.com/fr/tools/vin-decoder/vehicle-types/rv/,200,1,https://geekskai.com/fr/tools/vin-decoder/vehicle-types/rv/,PASS,"index, follow; index, follow, max-video-preview:-1, max-image-preview:large, max-snippet:-1",True,PASS,False,11,11,0,PASS,0,fr,Décodeur de VIN de camping-car - Recherche gratuite de VIN de camping-car | GeeksKai,1,,https://geekskai.com/fr/blog/,SEO-05 | SEO-07 | SEO-12,FAIL,2026-10-09T02:02:34.273770+00:00,
URL-0615,https://geekskai.com/es/tools/vin-decoder/vehicle-types/rv/,es,/tools/vin-decoder/vehicle-types/rv/,indexable_self_canonical,200,200,https://geekskai.com/es/tools/vin-decoder/vehicle-types/rv/,200,1,https://geekskai.com/es/tools/vin-decoder/vehicle-types/rv/,PASS,"index, follow; index, follow, max-video-preview:-1, max-image-preview:large, max-snippet:-1",True,PASS,False,11,11,0,PASS,0,es,Decodificador de VIN para vehículos recreativos: búsqueda gratuita de VIN para autocaravanas | GeeksKai,1,,https://geekskai.com/es/blog/,SEO-05 | SEO-07 | SEO-12,FAIL,2026-10-09T02:02:35.579768+00:00,
URL-0616,https://geekskai.com/ja/tools/vin-decoder/vehicle-types/rv/,ja,/tools/vin-decoder/vehicle-types/rv/,indexable_self_canonical,200,200,https://geekskai.com/ja/tools/vin-decoder/vehicle-types/rv/,200,1,https://geekskai.com/ja/tools/vin-decoder/vehicle-types/rv/,PASS,"index, follow; index, follow, max-video-preview:-1, max-image-preview:large, max-snippet:-1",True,PASS,False,11,11,0,PASS,0,ja,RV VIN デコーダ - 無料キャンピングカー VIN ルックアップ |オタク会,1,,https://geekskai.com/ja/blog/,SEO-05 | SEO-07,FAIL,2026-10-09T02:02:35.645406+00:00,
URL-0617,https://geekskai.com/ko/tools/vin-decoder/vehicle-types/rv/,ko,/tools/vin-decoder/vehicle-types/rv/,indexable_self_canonical,200,200,https://geekskai.com/ko/tools/vin-decoder/vehicle-types/rv/,200,1,https://geekskai.com/ko/tools/vin-decoder/vehicle-types/rv/,PASS,"index, follow; index, follow, max-video-preview:-1, max-image-preview:large, max-snippet:-1",True,PASS,False,11,11,0,PASS,0,ko,RV VIN 디코더 - 무료 캠핑카 VIN 조회 | 긱스카이,1,,https://geekskai.com/ko/blog/,SEO-05 | SEO-07,FAIL,2026-10-09T02:02:35.823225+00:00,
URL-0618,https://geekskai.com/no/tools/vin-decoder/vehicle-types/rv/,no,/tools/vin-decoder/vehicle-types/rv/,indexable_self_canonical,200,200,https://geekskai.com/no/tools/vin-decoder/vehicle-types/rv/,200,1,https://geekskai.com/no/tools/vin-decoder/vehicle-types/rv/,PASS,"index, follow; index, follow, max-video-preview:-1, max-image-preview:large, max-snippet:-1",True,PASS,False,11,11,0,PASS,0,no,Bobil VIN-dekoder – gratis oppslag | GeeksKai,1,,https://geekskai.com/no/blog/,SEO-05 | SEO-07,FAIL,2026-10-09T02:02:36.496424+00:00,
URL-0619,https://geekskai.com/zh-cn/tools/vin-decoder/vehicle-types/rv/,zh-cn,/tools/vin-decoder/vehicle-types/rv/,indexable_self_canonical,200,200,https://geekskai.com/zh-cn/tools/vin-decoder/vehicle-types/rv/,200,1,https://geekskai.com/zh-cn/tools/vin-decoder/vehicle-types/rv/,PASS,"index, follow; index, follow, max-video-preview:-1, max-image-preview:large, max-snippet:-1",True,PASS,False,11,11,0,PASS,0,zh-cn,房车 RV VIN 解码器 - 旅居车识别码免费查询 | GeeksKai,1,,https://geekskai.com/zh-cn/blog/,SEO-05 | SEO-07,FAIL,2026-10-09T02:02:37.224304+00:00,
URL-0620,https://geekskai.com/da/tools/vin-decoder/vehicle-types/rv/,da,/tools/vin-decoder/vehicle-types/rv/,indexable_self_canonical,200,200,https://geekskai.com/da/tools/vin-decoder/vehicle-types/rv/,200,1,https://geekskai.com/da/tools/vin-decoder/vehicle-types/rv/,PASS,"index, follow; index, follow, max-video-preview:-1, max-image-preview:large, max-snippet:-1",True,PASS,False,11,11,0,PASS,0,da,RV VIN-dekoder - Gratis autocamper VIN-opslag | GeeksKai,1,,https://geekskai.com/da/blog/,SEO-05 | SEO-07,FAIL,2026-10-09T02:02:37.302552+00:00,
URL-0621,https://geekskai.com/tools/vin-decoder/vehicle-types/trailer/,en,/tools/vin-decoder/vehicle-types/trailer/,indexable_self_canonical,200,200,https://geekskai.com/tools/vin-decoder/vehicle-types/trailer/,200,1,https://geekskai.com/tools/vin-decoder/vehicle-types/trailer/,PASS,"index, follow; index, follow, max-video-preview:-1, max-image-preview:large, max-snippet:-1",True,PASS,False,11,11,0,PASS,0,en,Trailer VIN Decoder - Free Trailer VIN Check | GeeksKai,1,,,SEO-07,FAIL,2026-10-09T02:02:37.479498+00:00,
URL-0622,https://geekskai.com/ar/tools/vin-decoder/vehicle-types/trailer/,ar,/tools/vin-decoder/vehicle-types/trailer/,indexable_self_canonical,200,200,https://geekskai.com/ar/tools/vin-decoder/vehicle-types/trailer/,200,1,https://geekskai.com/ar/tools/vin-decoder/vehicle-types/trailer/,PASS,"index, follow; index, follow, max-video-preview:-1, max-image-preview:large, max-snippet:-1",True,PASS,False,11,11,0,PASS,0,ar,وحدة فك ترميز مقطورة VIN - فحص VIN للمقطورة مجانًا | جيكسكاي,1,,https://geekskai.com/ar/blog/,SEO-05 | SEO-07 | SEO-12,FAIL,2026-10-09T02:02:38.220613+00:00,
URL-0623,https://geekskai.com/de/tools/vin-decoder/vehicle-types/trailer/,de,/tools/vin-decoder/vehicle-types/trailer/,indexable_self_canonical,200,200,https://geekskai.com/de/tools/vin-decoder/vehicle-types/trailer/,200,1,https://geekskai.com/de/tools/vin-decoder/vehicle-types/trailer/,PASS,"index, follow; index, follow, max-video-preview:-1, max-image-preview:large, max-snippet:-1",True,PASS,False,11,11,0,PASS,0,de,Trailer-VIN-Decoder – Kostenloser Trailer-VIN-Check | GeeksKai,1,,https://geekskai.com/de/blog/,SEO-05 | SEO-07 | SEO-12,FAIL,2026-10-09T02:02:38.886985+00:00,
URL-0624,https://geekskai.com/fr/tools/vin-decoder/vehicle-types/trailer/,fr,/tools/vin-decoder/vehicle-types/trailer/,indexable_self_canonical,200,200,https://geekskai.com/fr/tools/vin-decoder/vehicle-types/trailer/,200,1,https://geekskai.com/fr/tools/vin-decoder/vehicle-types/trailer/,PASS,"index, follow; index, follow, max-video-preview:-1, max-image-preview:large, max-snippet:-1",True,PASS,False,11,11,0,PASS,0,fr,Décodeur VIN de remorque - Vérification gratuite du VIN de remorque | GeeksKai,1,,https://geekskai.com/fr/blog/,SEO-05 | SEO-07 | SEO-12,FAIL,2026-10-09T02:02:38.849858+00:00,
URL-0625,https://geekskai.com/es/tools/vin-decoder/vehicle-types/trailer/,es,/tools/vin-decoder/vehicle-types/trailer/,indexable_self_canonical,200,200,https://geekskai.com/es/tools/vin-decoder/vehicle-types/trailer/,200,1,https://geekskai.com/es/tools/vin-decoder/vehicle-types/trailer/,PASS,"index, follow; index, follow, max-video-preview:-1, max-image-preview:large, max-snippet:-1",True,PASS,False,11,11,0,PASS,0,es,Decodificador de VIN del remolque - Comprobación gratuita del VIN del remolque | GeeksKai,1,,https://geekskai.com/es/blog/,SEO-05 | SEO-07 | SEO-12,FAIL,2026-10-09T02:02:39.564774+00:00,
URL-0626,https://geekskai.com/ja/tools/vin-decoder/vehicle-types/trailer/,ja,/tools/vin-decoder/vehicle-types/trailer/,indexable_self_canonical,200,200,https://geekskai.com/ja/tools/vin-decoder/vehicle-types/trailer/,200,1,https://geekskai.com/ja/tools/vin-decoder/vehicle-types/trailer/,PASS,"index, follow; index, follow, max-video-preview:-1, max-image-preview:large, max-snippet:-1",True,PASS,False,11,11,0,PASS,0,ja,トレーラー VIN デコーダー - 無料のトレーラー VIN チェック |オタク会,1,,https://geekskai.com/ja/blog/,SEO-05 | SEO-07,FAIL,2026-10-09T02:02:40.254951+00:00,
URL-0627,https://geekskai.com/ko/tools/vin-decoder/vehicle-types/trailer/,ko,/tools/vin-decoder/vehicle-types/trailer/,indexable_self_canonical,200,200,https://geekskai.com/ko/tools/vin-decoder/vehicle-types/trailer/,200,1,https://geekskai.com/ko/tools/vin-decoder/vehicle-types/trailer/,PASS,"index, follow; index, follow, max-video-preview:-1, max-image-preview:large, max-snippet:-1",True,PASS,False,11,11,0,PASS,0,ko,예고편 VIN 디코더 - 무료 예고편 VIN 확인 | 긱스카이,1,,https://geekskai.com/ko/blog/,SEO-05 | SEO-07,FAIL,2026-10-09T02:02:40.406355+00:00,
URL-0628,https://geekskai.com/no/tools/vin-decoder/vehicle-types/trailer/,no,/tools/vin-decoder/vehicle-types/trailer/,indexable_self_canonical,200,200,https://geekskai.com/no/tools/vin-decoder/vehicle-types/trailer/,200,1,https://geekskai.com/no/tools/vin-decoder/vehicle-types/trailer/,PASS,"index, follow; index, follow, max-video-preview:-1, max-image-preview:large, max-snippet:-1",True,PASS,False,11,11,0,PASS,0,no,Tilhenger VIN-dekoder – gratis sjekk | GeeksKai,1,,https://geekskai.com/no/blog/,SEO-05 | SEO-07,FAIL,2026-10-09T02:02:41.014754+00:00,
URL-0629,https://geekskai.com/zh-cn/tools/vin-decoder/vehicle-types/trailer/,zh-cn,/tools/vin-decoder/vehicle-types/trailer/,indexable_self_canonical,200,200,https://geekskai.com/zh-cn/tools/vin-decoder/vehicle-types/trailer/,200,1,https://geekskai.com/zh-cn/tools/vin-decoder/vehicle-types/trailer/,PASS,"index, follow; index, follow, max-video-preview:-1, max-image-preview:large, max-snippet:-1",True,PASS,False,11,11,0,PASS,0,zh-cn,拖车 VIN 解码器 - 拖挂车识别码免费核查 | GeeksKai,1,,https://geekskai.com/zh-cn/blog/,SEO-05 | SEO-07,FAIL,2026-10-09T02:02:41.633213+00:00,
URL-0630,https://geekskai.com/da/tools/vin-decoder/vehicle-types/trailer/,da,/tools/vin-decoder/vehicle-types/trailer/,indexable_self_canonical,200,200,https://geekskai.com/da/tools/vin-decoder/vehicle-types/trailer/,200,1,https://geekskai.com/da/tools/vin-decoder/vehicle-types/trailer/,PASS,"index, follow; index, follow, max-video-preview:-1, max-image-preview:large, max-snippet:-1",True,PASS,False,11,11,0,PASS,0,da,Trailer VIN Decoder - Gratis Trailer VIN Check | GeeksKai,1,,https://geekskai.com/da/blog/,SEO-05 | SEO-07,FAIL,2026-10-09T02:02:41.820826+00:00,
URL-0631,https://geekskai.com/tools/vin-decoder/vin-decoder-vs-vin-check/,en,/tools/vin-decoder/vin-decoder-vs-vin-check/,indexable_self_canonical,200,200,https://geekskai.com/tools/vin-decoder/vin-decoder-vs-vin-check/,200,1,https://geekskai.com/tools/vin-decoder/vin-decoder-vs-vin-check/,PASS,"index, follow; index, follow, max-video-preview:-1, max-image-preview:large, max-snippet:-1",True,PASS,False,11,11,0,FAIL,18,en,VIN Decoder vs VIN Check - What's the Difference? | GeeksKai,1,,,SEO-03 | SEO-07,FAIL,2026-10-09T02:02:42.293596+00:00,
URL-0632,https://geekskai.com/ar/tools/vin-decoder/vin-decoder-vs-vin-check/,ar,/tools/vin-decoder/vin-decoder-vs-vin-check/,existing_noindex_policy,200,200,https://geekskai.com/ar/tools/vin-decoder/vin-decoder-vs-vin-check/,200,1,https://geekskai.com/ar/tools/vin-decoder/vin-decoder-vs-vin-check/,PASS,"noindex, follow; noindex, follow, max-video-preview:-1, max-image-preview:large, max-snippet:-1",True,PASS,False,11,11,0,FAIL,18,ar,VIN Decoder مقابل VIN Check - ما الفرق؟ | جيكسكاي,1,,https://geekskai.com/ar/blog/,SEO-03 | SEO-05 | SEO-12,FAIL,2026-10-09T02:02:43.286866+00:00,
URL-0633,https://geekskai.com/de/tools/vin-decoder/vin-decoder-vs-vin-check/,de,/tools/vin-decoder/vin-decoder-vs-vin-check/,existing_noindex_policy,200,200,https://geekskai.com/de/tools/vin-decoder/vin-decoder-vs-vin-check/,200,1,https://geekskai.com/de/tools/vin-decoder/vin-decoder-vs-vin-check/,PASS,"noindex, follow; noindex, follow, max-video-preview:-1, max-image-preview:large, max-snippet:-1",True,PASS,False,11,11,0,FAIL,18,de,VIN-Decoder vs. VIN-Prüfung – Was ist der Unterschied? | GeeksKai,1,,https://geekskai.com/de/blog/,SEO-03 | SEO-05 | SEO-12,FAIL,2026-10-09T02:02:43.599890+00:00,
URL-0634,https://geekskai.com/fr/tools/vin-decoder/vin-decoder-vs-vin-check/,fr,/tools/vin-decoder/vin-decoder-vs-vin-check/,existing_noindex_policy,200,200,https://geekskai.com/fr/tools/vin-decoder/vin-decoder-vs-vin-check/,200,1,https://geekskai.com/fr/tools/vin-decoder/vin-decoder-vs-vin-check/,PASS,"noindex, follow; noindex, follow, max-video-preview:-1, max-image-preview:large, max-snippet:-1",True,PASS,False,11,11,0,FAIL,18,fr,Décodeur VIN vs vérification VIN – Quelle est la différence ? | GeeksKai,1,,https://geekskai.com/fr/blog/,SEO-03 | SEO-05 | SEO-12,FAIL,2026-10-09T02:02:43.749321+00:00,
URL-0635,https://geekskai.com/es/tools/vin-decoder/vin-decoder-vs-vin-check/,es,/tools/vin-decoder/vin-decoder-vs-vin-check/,existing_noindex_policy,200,200,https://geekskai.com/es/tools/vin-decoder/vin-decoder-vs-vin-check/,200,1,https://geekskai.com/es/tools/vin-decoder/vin-decoder-vs-vin-check/,PASS,"noindex, follow; noindex, follow, max-video-preview:-1, max-image-preview:large, max-snippet:-1",True,PASS,False,11,11,0,FAIL,18,es,Decodificador VIN vs verificación VIN: ¿cuál es la diferencia? | GeeksKai,1,,https://geekskai.com/es/blog/,SEO-03 | SEO-05 | SEO-12,FAIL,2026-10-09T02:02:44.546199+00:00,
URL-0636,https://geekskai.com/ja/tools/vin-decoder/vin-decoder-vs-vin-check/,ja,/tools/vin-decoder/vin-decoder-vs-vin-check/,existing_noindex_policy,200,200,https://geekskai.com/ja/tools/vin-decoder/vin-decoder-vs-vin-check/,200,1,https://geekskai.com/ja/tools/vin-decoder/vin-decoder-vs-vin-check/,PASS,"noindex, follow; noindex, follow, max-video-preview:-1, max-image-preview:large, max-snippet:-1",True,PASS,False,11,11,0,FAIL,18,ja,VINデコーダとVINチェック - 違いは何ですか? |オタク会,1,,https://geekskai.com/ja/blog/,SEO-03 | SEO-05,FAIL,2026-10-09T02:02:44.916284+00:00,
URL-0637,https://geekskai.com/ko/tools/vin-decoder/vin-decoder-vs-vin-check/,ko,/tools/vin-decoder/vin-decoder-vs-vin-check/,existing_noindex_policy,200,200,https://geekskai.com/ko/tools/vin-decoder/vin-decoder-vs-vin-check/,200,1,https://geekskai.com/ko/tools/vin-decoder/vin-decoder-vs-vin-check/,PASS,"noindex, follow; noindex, follow, max-video-preview:-1, max-image-preview:large, max-snippet:-1",True,PASS,False,11,11,0,FAIL,18,ko,VIN 디코더와 VIN 확인 - 차이점은 무엇입니까? | 긱스카이,1,,https://geekskai.com/ko/blog/,SEO-03 | SEO-05,FAIL,2026-10-09T02:02:45.140057+00:00,
URL-0638,https://geekskai.com/no/tools/vin-decoder/vin-decoder-vs-vin-check/,no,/tools/vin-decoder/vin-decoder-vs-vin-check/,existing_noindex_policy,200,200,https://geekskai.com/no/tools/vin-decoder/vin-decoder-vs-vin-check/,200,1,https://geekskai.com/no/tools/vin-decoder/vin-decoder-vs-vin-check/,PASS,"noindex, follow; noindex, follow, max-video-preview:-1, max-image-preview:large, max-snippet:-1",True,PASS,False,11,11,0,FAIL,18,no,VIN-dekoder vs VIN-sjekk - Hva er forskjellen? | GeeksKai,1,,https://geekskai.com/no/blog/,SEO-03 | SEO-05,FAIL,2026-10-09T02:02:45.613055+00:00,
URL-0639,https://geekskai.com/zh-cn/tools/vin-decoder/vin-decoder-vs-vin-check/,zh-cn,/tools/vin-decoder/vin-decoder-vs-vin-check/,existing_noindex_policy,200,200,https://geekskai.com/zh-cn/tools/vin-decoder/vin-decoder-vs-vin-check/,200,1,https://geekskai.com/zh-cn/tools/vin-decoder/vin-decoder-vs-vin-check/,PASS,"noindex, follow; noindex, follow, max-video-preview:-1, max-image-preview:large, max-snippet:-1",True,PASS,False,11,11,0,FAIL,18,zh-cn,VIN 解码器与 VIN 车况核查有何不同？| GeeksKai,1,,https://geekskai.com/zh-cn/blog/,SEO-03 | SEO-05,FAIL,2026-10-09T02:02:46.548348+00:00,
URL-0640,https://geekskai.com/da/tools/vin-decoder/vin-decoder-vs-vin-check/,da,/tools/vin-decoder/vin-decoder-vs-vin-check/,existing_noindex_policy,200,200,https://geekskai.com/da/tools/vin-decoder/vin-decoder-vs-vin-check/,200,1,https://geekskai.com/da/tools/vin-decoder/vin-decoder-vs-vin-check/,PASS,"noindex, follow; noindex, follow, max-video-preview:-1, max-image-preview:large, max-snippet:-1",True,PASS,False,11,11,0,FAIL,18,da,VIN-dekoder vs VIN-tjek - Hvad er forskellen? | GeeksKai,1,,https://geekskai.com/da/blog/,SEO-03 | SEO-05,FAIL,2026-10-09T02:02:46.644205+00:00,
URL-0641,https://geekskai.com/tools/vin-decoder/volkswagen/,en,/tools/vin-decoder/volkswagen/,indexable_self_canonical,200,200,https://geekskai.com/tools/vin-decoder/volkswagen/,200,1,https://geekskai.com/tools/vin-decoder/volkswagen/,PASS,"index, follow; index, follow, max-video-preview:-1, max-image-preview:large, max-snippet:-1",True,PASS,False,11,11,0,FAIL,12,en,Volkswagen VIN Decoder - Free Volkswagen Vehicle Identification Number Lookup,1,,,SEO-02 | SEO-07,FAIL,2026-10-09T02:02:46.235322+00:00,
URL-0642,https://geekskai.com/ar/tools/vin-decoder/volkswagen/,ar,/tools/vin-decoder/volkswagen/,indexable_self_canonical,200,200,https://geekskai.com/ar/tools/vin-decoder/volkswagen/,200,1,https://geekskai.com/ar/tools/vin-decoder/volkswagen/,PASS,"index, follow; index, follow, max-video-preview:-1, max-image-preview:large, max-snippet:-1",True,PASS,False,11,11,0,FAIL,1,ar,فولكس واجن محلل رقم تعريف السيارة - فرصة مجانية للبحث عن رقم تعريف السيارة فولكس واجن,1,,https://geekskai.com/ar/blog/,SEO-02 | SEO-05 | SEO-07 | SEO-12,FAIL,2026-10-09T02:02:47.839422+00:00,
URL-0643,https://geekskai.com/de/tools/vin-decoder/volkswagen/,de,/tools/vin-decoder/volkswagen/,indexable_self_canonical,200,200,https://geekskai.com/de/tools/vin-decoder/volkswagen/,200,1,https://geekskai.com/de/tools/vin-decoder/volkswagen/,PASS,"index, follow; index, follow, max-video-preview:-1, max-image-preview:large, max-snippet:-1",True,PASS,False,11,11,0,FAIL,1,de,Volkswagen VIN-Decoder - Kostenloses Volkswagen Fahrzeugidentifikationsnummer Suche,1,,https://geekskai.com/de/blog/,SEO-02 | SEO-05 | SEO-07 | SEO-12,FAIL,2026-10-09T02:02:47.860028+00:00,
URL-0644,https://geekskai.com/fr/tools/vin-decoder/volkswagen/,fr,/tools/vin-decoder/volkswagen/,indexable_self_canonical,200,200,https://geekskai.com/fr/tools/vin-decoder/volkswagen/,200,1,https://geekskai.com/fr/tools/vin-decoder/volkswagen/,PASS,"index, follow; index, follow, max-video-preview:-1, max-image-preview:large, max-snippet:-1",True,PASS,False,11,11,0,FAIL,1,fr,Volkswagen Décodeur VIN - Recherche gratuite du numéro d’identification de véhicule Volkswagen,1,,https://geekskai.com/fr/blog/,SEO-02 | SEO-05 | SEO-07 | SEO-12,FAIL,2026-10-09T02:02:48.336905+00:00,
URL-0645,https://geekskai.com/es/tools/vin-decoder/volkswagen/,es,/tools/vin-decoder/volkswagen/,indexable_self_canonical,200,200,https://geekskai.com/es/tools/vin-decoder/volkswagen/,200,1,https://geekskai.com/es/tools/vin-decoder/volkswagen/,PASS,"index, follow; index, follow, max-video-preview:-1, max-image-preview:large, max-snippet:-1",True,PASS,False,11,11,0,FAIL,1,es,volkswagen Decodificador VIN - Búsqueda gratuita del número de identificación del vehículo volkswagen,1,,https://geekskai.com/es/blog/,SEO-02 | SEO-05 | SEO-07 | SEO-12,FAIL,2026-10-09T02:02:48.808208+00:00,
URL-0646,https://geekskai.com/ja/tools/vin-decoder/volkswagen/,ja,/tools/vin-decoder/volkswagen/,indexable_self_canonical,200,200,https://geekskai.com/ja/tools/vin-decoder/volkswagen/,200,1,https://geekskai.com/ja/tools/vin-decoder/volkswagen/,PASS,"index, follow; index, follow, max-video-preview:-1, max-image-preview:large, max-snippet:-1",True,PASS,False,11,11,0,FAIL,1,ja,Volkswagen VINデコーダー - 無料Volkswagen車両識別番号検索,1,,https://geekskai.com/ja/blog/,SEO-02 | SEO-05 | SEO-07,FAIL,2026-10-09T02:02:49.060832+00:00,
URL-0647,https://geekskai.com/ko/tools/vin-decoder/volkswagen/,ko,/tools/vin-decoder/volkswagen/,indexable_self_canonical,200,200,https://geekskai.com/ko/tools/vin-decoder/volkswagen/,200,1,https://geekskai.com/ko/tools/vin-decoder/volkswagen/,PASS,"index, follow; index, follow, max-video-preview:-1, max-image-preview:large, max-snippet:-1",True,PASS,False,11,11,0,FAIL,1,ko,Volkswagen VIN 디코더 - 무료 Volkswagen 차량 식별 번호 검색,1,,https://geekskai.com/ko/blog/,SEO-02 | SEO-05 | SEO-07,FAIL,2026-10-09T02:02:49.372081+00:00,
URL-0648,https://geekskai.com/no/tools/vin-decoder/volkswagen/,no,/tools/vin-decoder/volkswagen/,indexable_self_canonical,200,200,https://geekskai.com/no/tools/vin-decoder/volkswagen/,200,1,https://geekskai.com/no/tools/vin-decoder/volkswagen/,PASS,"index, follow; index, follow, max-video-preview:-1, max-image-preview:large, max-snippet:-1",True,PASS,False,11,11,0,FAIL,1,no,Volkswagen VIN-dekoder - Gratis Volkswagen kjøretøjsidentifikasjonsnummer søk,1,,https://geekskai.com/no/blog/,SEO-02 | SEO-05 | SEO-07,FAIL,2026-10-09T02:02:49.896110+00:00,
URL-0649,https://geekskai.com/zh-cn/tools/vin-decoder/volkswagen/,zh-cn,/tools/vin-decoder/volkswagen/,indexable_self_canonical,200,200,https://geekskai.com/zh-cn/tools/vin-decoder/volkswagen/,200,1,https://geekskai.com/zh-cn/tools/vin-decoder/volkswagen/,PASS,"index, follow; index, follow, max-video-preview:-1, max-image-preview:large, max-snippet:-1",True,PASS,False,11,11,0,FAIL,1,zh-cn,大众 VIN解码器 - 免费大众车辆识别码查询,1,,https://geekskai.com/zh-cn/blog/,SEO-02 | SEO-05 | SEO-07,FAIL,2026-10-09T02:02:50.054765+00:00,
URL-0650,https://geekskai.com/da/tools/vin-decoder/volkswagen/,da,/tools/vin-decoder/volkswagen/,indexable_self_canonical,200,200,https://geekskai.com/da/tools/vin-decoder/volkswagen/,200,1,https://geekskai.com/da/tools/vin-decoder/volkswagen/,PASS,"index, follow; index, follow, max-video-preview:-1, max-image-preview:large, max-snippet:-1",True,PASS,False,11,11,0,FAIL,1,da,Volkswagen VIN-dekoder - Gratis Volkswagen køretøjsidentifikationsnummer søgning,1,,https://geekskai.com/da/blog/,SEO-02 | SEO-05 | SEO-07,FAIL,2026-10-09T02:02:50.797988+00:00,
URL-0651,https://geekskai.com/tools/youtube-audio-downloader/,en,/tools/youtube-audio-downloader/,indexable_self_canonical,200,200,https://geekskai.com/tools/youtube-audio-downloader/,200,1,https://geekskai.com/tools/youtube-audio-downloader/,PASS,"index, follow; index, follow, max-video-preview:-1, max-image-preview:large, max-snippet:-1",True,PASS,True,11,11,11,PASS,0,en,Free YouTube to MP3 Downloader — Save Audio Online | YoutubeShortDownloader,1,,,,PASS,2026-10-09T02:02:50.997638+00:00,
URL-0652,https://geekskai.com/ar/tools/youtube-audio-downloader/,ar,/tools/youtube-audio-downloader/,indexable_self_canonical,200,200,https://geekskai.com/ar/tools/youtube-audio-downloader/,200,1,https://geekskai.com/ar/tools/youtube-audio-downloader/,PASS,"index, follow; index, follow, max-video-preview:-1, max-image-preview:large, max-snippet:-1",True,PASS,True,11,11,11,PASS,0,ar,أداة تنزيل YouTube إلى MP3 مجانية — حفظ الصوت عبر الإنترنت | YoutubeShortDownloader,1,,https://geekskai.com/ar/blog/,SEO-05 | SEO-12,FAIL,2026-10-09T02:02:51.572663+00:00,
URL-0653,https://geekskai.com/de/tools/youtube-audio-downloader/,de,/tools/youtube-audio-downloader/,indexable_self_canonical,200,200,https://geekskai.com/de/tools/youtube-audio-downloader/,200,1,https://geekskai.com/de/tools/youtube-audio-downloader/,PASS,"index, follow; index, follow, max-video-preview:-1, max-image-preview:large, max-snippet:-1",True,PASS,True,11,11,11,PASS,0,de,Kostenloser YouTube-zu-MP3-Downloader — Audio online speichern | YoutubeShortDownloader,1,,https://geekskai.com/de/blog/,SEO-05 | SEO-12,FAIL,2026-10-09T02:02:52.536559+00:00,
URL-0654,https://geekskai.com/fr/tools/youtube-audio-downloader/,fr,/tools/youtube-audio-downloader/,indexable_self_canonical,200,200,https://geekskai.com/fr/tools/youtube-audio-downloader/,200,1,https://geekskai.com/fr/tools/youtube-audio-downloader/,PASS,"index, follow; index, follow, max-video-preview:-1, max-image-preview:large, max-snippet:-1",True,PASS,True,11,11,11,PASS,0,fr,Téléchargeur YouTube vers MP3 gratuit — Audio en ligne | YoutubeShortDownloader,1,,https://geekskai.com/fr/blog/,SEO-05 | SEO-12,FAIL,2026-10-09T02:02:52.006084+00:00,
URL-0655,https://geekskai.com/es/tools/youtube-audio-downloader/,es,/tools/youtube-audio-downloader/,indexable_self_canonical,200,200,https://geekskai.com/es/tools/youtube-audio-downloader/,200,1,https://geekskai.com/es/tools/youtube-audio-downloader/,PASS,"index, follow; index, follow, max-video-preview:-1, max-image-preview:large, max-snippet:-1",True,PASS,True,11,11,11,PASS,0,es,Descargador gratuito de YouTube a MP3 — Audio en línea | YoutubeShortDownloader,1,,https://geekskai.com/es/blog/,SEO-05 | SEO-12,FAIL,2026-10-09T02:02:53.096986+00:00,
URL-0656,https://geekskai.com/ja/tools/youtube-audio-downloader/,ja,/tools/youtube-audio-downloader/,indexable_self_canonical,200,200,https://geekskai.com/ja/tools/youtube-audio-downloader/,200,1,https://geekskai.com/ja/tools/youtube-audio-downloader/,PASS,"index, follow; index, follow, max-video-preview:-1, max-image-preview:large, max-snippet:-1",True,PASS,True,11,11,11,PASS,0,ja,無料 YouTube MP3 ダウンローダー — オンラインで音声保存 | YoutubeShortDownloader,1,,https://geekskai.com/ja/blog/,SEO-05,FAIL,2026-10-09T02:02:53.306316+00:00,
URL-0657,https://geekskai.com/ko/tools/youtube-audio-downloader/,ko,/tools/youtube-audio-downloader/,indexable_self_canonical,200,200,https://geekskai.com/ko/tools/youtube-audio-downloader/,200,1,https://geekskai.com/ko/tools/youtube-audio-downloader/,PASS,"index, follow; index, follow, max-video-preview:-1, max-image-preview:large, max-snippet:-1",True,PASS,True,11,11,11,PASS,0,ko,무료 YouTube MP3 다운로더 — 온라인 오디오 저장 | YoutubeShortDownloader,1,,https://geekskai.com/ko/blog/,SEO-05,FAIL,2026-10-09T02:02:53.875657+00:00,
URL-0658,https://geekskai.com/no/tools/youtube-audio-downloader/,no,/tools/youtube-audio-downloader/,indexable_self_canonical,200,200,https://geekskai.com/no/tools/youtube-audio-downloader/,200,1,https://geekskai.com/no/tools/youtube-audio-downloader/,PASS,"index, follow; index, follow, max-video-preview:-1, max-image-preview:large, max-snippet:-1",True,PASS,True,11,11,11,PASS,0,no,Gratis YouTube til MP3 Downloader — Lagre lyd på nett | YoutubeShortDownloader,1,,https://geekskai.com/no/blog/,SEO-05,FAIL,2026-10-09T02:02:55.132838+00:00,
URL-0659,https://geekskai.com/zh-cn/tools/youtube-audio-downloader/,zh-cn,/tools/youtube-audio-downloader/,indexable_self_canonical,200,200,https://geekskai.com/zh-cn/tools/youtube-audio-downloader/,200,1,https://geekskai.com/zh-cn/tools/youtube-audio-downloader/,PASS,"index, follow; index, follow, max-video-preview:-1, max-image-preview:large, max-snippet:-1",True,PASS,True,11,11,11,PASS,0,zh-cn,免费 YouTube 转 MP3 下载器 — 在线保存音频 | YoutubeShortDownloader,1,,https://geekskai.com/zh-cn/blog/,SEO-05,FAIL,2026-10-09T02:02:55.005315+00:00,
URL-0660,https://geekskai.com/da/tools/youtube-audio-downloader/,da,/tools/youtube-audio-downloader/,indexable_self_canonical,200,200,https://geekskai.com/da/tools/youtube-audio-downloader/,200,1,https://geekskai.com/da/tools/youtube-audio-downloader/,PASS,"index, follow; index, follow, max-video-preview:-1, max-image-preview:large, max-snippet:-1",True,PASS,True,11,11,11,PASS,0,da,Gratis YouTube til MP3 Downloader — Gem lyd online | YoutubeShortDownloader,1,,https://geekskai.com/da/blog/,SEO-05,FAIL,2026-10-09T02:02:55.849076+00:00,
URL-0661,https://geekskai.com/tools/youtube-shorts-downloader/,en,/tools/youtube-shorts-downloader/,indexable_self_canonical,200,200,https://geekskai.com/tools/youtube-shorts-downloader/,200,1,https://geekskai.com/tools/youtube-shorts-downloader/,PASS,"index, follow; index, follow, max-video-preview:-1, max-image-preview:large, max-snippet:-1",True,PASS,True,11,11,11,PASS,0,en,YouTube Shorts Downloader - Free Online MP4 Download Tool,1,,,,PASS,2026-10-09T02:02:56.719311+00:00,
URL-0662,https://geekskai.com/ar/tools/youtube-shorts-downloader/,ar,/tools/youtube-shorts-downloader/,indexable_self_canonical,200,200,https://geekskai.com/ar/tools/youtube-shorts-downloader/,200,1,https://geekskai.com/ar/tools/youtube-shorts-downloader/,PASS,"index, follow; index, follow, max-video-preview:-1, max-image-preview:large, max-snippet:-1",True,PASS,True,11,11,11,PASS,0,ar,أداة تنزيل YouTube Shorts - MP4 مجاني عبر الإنترنت,1,,https://geekskai.com/ar/blog/,SEO-05 | SEO-12,FAIL,2026-10-09T02:02:57.148477+00:00,
URL-0663,https://geekskai.com/de/tools/youtube-shorts-downloader/,de,/tools/youtube-shorts-downloader/,indexable_self_canonical,200,200,https://geekskai.com/de/tools/youtube-shorts-downloader/,200,1,https://geekskai.com/de/tools/youtube-shorts-downloader/,PASS,"index, follow; index, follow, max-video-preview:-1, max-image-preview:large, max-snippet:-1",True,PASS,True,11,11,11,PASS,0,de,YouTube Shorts Downloader – Kostenloser Online-MP4-Download,1,,https://geekskai.com/de/blog/,SEO-05 | SEO-12,FAIL,2026-10-09T02:02:57.614071+00:00,
URL-0664,https://geekskai.com/fr/tools/youtube-shorts-downloader/,fr,/tools/youtube-shorts-downloader/,indexable_self_canonical,200,200,https://geekskai.com/fr/tools/youtube-shorts-downloader/,200,1,https://geekskai.com/fr/tools/youtube-shorts-downloader/,PASS,"index, follow; index, follow, max-video-preview:-1, max-image-preview:large, max-snippet:-1",True,PASS,True,11,11,11,PASS,0,fr,Téléchargeur YouTube Shorts – MP4 en ligne gratuit,1,,https://geekskai.com/fr/blog/,SEO-05 | SEO-12,FAIL,2026-10-09T02:02:57.963808+00:00,
URL-0665,https://geekskai.com/es/tools/youtube-shorts-downloader/,es,/tools/youtube-shorts-downloader/,indexable_self_canonical,200,200,https://geekskai.com/es/tools/youtube-shorts-downloader/,200,1,https://geekskai.com/es/tools/youtube-shorts-downloader/,PASS,"index, follow; index, follow, max-video-preview:-1, max-image-preview:large, max-snippet:-1",True,PASS,True,11,11,11,PASS,0,es,Descargador de YouTube Shorts – MP4 online gratis,1,,https://geekskai.com/es/blog/,SEO-05 | SEO-12,FAIL,2026-10-09T02:02:59.261098+00:00,
URL-0666,https://geekskai.com/ja/tools/youtube-shorts-downloader/,ja,/tools/youtube-shorts-downloader/,indexable_self_canonical,200,200,https://geekskai.com/ja/tools/youtube-shorts-downloader/,200,1,https://geekskai.com/ja/tools/youtube-shorts-downloader/,PASS,"index, follow; index, follow, max-video-preview:-1, max-image-preview:large, max-snippet:-1",True,PASS,True,11,11,11,PASS,0,ja,YouTube Shorts ダウンローダー - 無料オンライン MP4 ツール,1,,https://geekskai.com/ja/blog/,SEO-05,FAIL,2026-10-09T02:02:59.377071+00:00,
URL-0667,https://geekskai.com/ko/tools/youtube-shorts-downloader/,ko,/tools/youtube-shorts-downloader/,indexable_self_canonical,200,200,https://geekskai.com/ko/tools/youtube-shorts-downloader/,200,1,https://geekskai.com/ko/tools/youtube-shorts-downloader/,PASS,"index, follow; index, follow, max-video-preview:-1, max-image-preview:large, max-snippet:-1",True,PASS,True,11,11,11,PASS,0,ko,YouTube Shorts 다운로더 - 무료 온라인 MP4 도구,1,,https://geekskai.com/ko/blog/,SEO-05,FAIL,2026-10-09T02:02:59.721299+00:00,
URL-0668,https://geekskai.com/no/tools/youtube-shorts-downloader/,no,/tools/youtube-shorts-downloader/,indexable_self_canonical,200,200,https://geekskai.com/no/tools/youtube-shorts-downloader/,200,1,https://geekskai.com/no/tools/youtube-shorts-downloader/,PASS,"index, follow; index, follow, max-video-preview:-1, max-image-preview:large, max-snippet:-1",True,PASS,True,11,11,11,PASS,0,no,YouTube Shorts-nedlaster – Gratis online MP4-nedlasting,1,,https://geekskai.com/no/blog/,SEO-05,FAIL,2026-10-09T02:03:00.950621+00:00,
URL-0669,https://geekskai.com/zh-cn/tools/youtube-shorts-downloader/,zh-cn,/tools/youtube-shorts-downloader/,indexable_self_canonical,200,200,https://geekskai.com/zh-cn/tools/youtube-shorts-downloader/,200,1,https://geekskai.com/zh-cn/tools/youtube-shorts-downloader/,PASS,"index, follow; index, follow, max-video-preview:-1, max-image-preview:large, max-snippet:-1",True,PASS,True,11,11,11,PASS,0,zh-cn,YouTube Shorts 下载器 - 免费在线 MP4 下载工具,1,,https://geekskai.com/zh-cn/blog/,SEO-05,FAIL,2026-10-09T02:03:01.239764+00:00,
URL-0670,https://geekskai.com/da/tools/youtube-shorts-downloader/,da,/tools/youtube-shorts-downloader/,indexable_self_canonical,200,200,https://geekskai.com/da/tools/youtube-shorts-downloader/,200,1,https://geekskai.com/da/tools/youtube-shorts-downloader/,PASS,"index, follow; index, follow, max-video-preview:-1, max-image-preview:large, max-snippet:-1",True,PASS,True,11,11,11,PASS,0,da,YouTube Shorts Downloader – Gratis online MP4-download,1,,https://geekskai.com/da/blog/,SEO-05,FAIL,2026-10-09T02:03:01.306693+00:00,
URL-0671,https://geekskai.com/tools/youtube-video-downloader/,en,/tools/youtube-video-downloader/,indexable_self_canonical,200,200,https://geekskai.com/tools/youtube-video-downloader/,200,1,https://geekskai.com/tools/youtube-video-downloader/,PASS,"index, follow; index, follow, max-video-preview:-1, max-image-preview:large, max-snippet:-1",True,PASS,True,11,11,11,PASS,0,en,YouTube Video Downloader – Free MP4 HD Download,1,,,,PASS,2026-10-09T02:03:01.782453+00:00,
URL-0672,https://geekskai.com/ar/tools/youtube-video-downloader/,ar,/tools/youtube-video-downloader/,indexable_self_canonical,200,200,https://geekskai.com/ar/tools/youtube-video-downloader/,200,1,https://geekskai.com/ar/tools/youtube-video-downloader/,PASS,"index, follow; index, follow, max-video-preview:-1, max-image-preview:large, max-snippet:-1",True,PASS,True,11,11,11,PASS,0,ar,أداة تنزيل فيديو YouTube – MP4 HD مجانًا,1,,https://geekskai.com/ar/blog/,SEO-05 | SEO-12,FAIL,2026-10-09T02:03:02.547495+00:00,
URL-0673,https://geekskai.com/de/tools/youtube-video-downloader/,de,/tools/youtube-video-downloader/,indexable_self_canonical,200,200,https://geekskai.com/de/tools/youtube-video-downloader/,200,1,https://geekskai.com/de/tools/youtube-video-downloader/,PASS,"index, follow; index, follow, max-video-preview:-1, max-image-preview:large, max-snippet:-1",True,PASS,True,11,11,11,PASS,0,de,YouTube Video Downloader – Kostenloser MP4-HD-Download,1,,https://geekskai.com/de/blog/,SEO-05 | SEO-12,FAIL,2026-10-09T02:03:02.566992+00:00,
URL-0674,https://geekskai.com/fr/tools/youtube-video-downloader/,fr,/tools/youtube-video-downloader/,indexable_self_canonical,200,200,https://geekskai.com/fr/tools/youtube-video-downloader/,200,1,https://geekskai.com/fr/tools/youtube-video-downloader/,PASS,"index, follow; index, follow, max-video-preview:-1, max-image-preview:large, max-snippet:-1",True,PASS,True,11,11,11,PASS,0,fr,Téléchargeur vidéo YouTube – MP4 HD gratuit,1,,https://geekskai.com/fr/blog/,SEO-05 | SEO-12,FAIL,2026-10-09T02:03:03.180562+00:00,
URL-0675,https://geekskai.com/es/tools/youtube-video-downloader/,es,/tools/youtube-video-downloader/,indexable_self_canonical,200,200,https://geekskai.com/es/tools/youtube-video-downloader/,200,1,https://geekskai.com/es/tools/youtube-video-downloader/,PASS,"index, follow; index, follow, max-video-preview:-1, max-image-preview:large, max-snippet:-1",True,PASS,True,11,11,11,PASS,0,es,Descargador de vídeos de YouTube – MP4 HD gratis,1,,https://geekskai.com/es/blog/,SEO-05 | SEO-12,FAIL,2026-10-09T02:03:03.862693+00:00,
URL-0676,https://geekskai.com/ja/tools/youtube-video-downloader/,ja,/tools/youtube-video-downloader/,indexable_self_canonical,200,200,https://geekskai.com/ja/tools/youtube-video-downloader/,200,1,https://geekskai.com/ja/tools/youtube-video-downloader/,PASS,"index, follow; index, follow, max-video-preview:-1, max-image-preview:large, max-snippet:-1",True,PASS,True,11,11,11,PASS,0,ja,YouTube 動画ダウンローダー – 無料 MP4 HD ダウンロード,1,,https://geekskai.com/ja/blog/,SEO-05,FAIL,2026-10-09T02:03:04.199945+00:00,
URL-0677,https://geekskai.com/ko/tools/youtube-video-downloader/,ko,/tools/youtube-video-downloader/,indexable_self_canonical,200,200,https://geekskai.com/ko/tools/youtube-video-downloader/,200,1,https://geekskai.com/ko/tools/youtube-video-downloader/,PASS,"index, follow; index, follow, max-video-preview:-1, max-image-preview:large, max-snippet:-1",True,PASS,True,11,11,11,PASS,0,ko,YouTube 동영상 다운로더 – 무료 MP4 HD 다운로드,1,,https://geekskai.com/ko/blog/,SEO-05,FAIL,2026-10-09T02:03:04.476741+00:00,
URL-0678,https://geekskai.com/no/tools/youtube-video-downloader/,no,/tools/youtube-video-downloader/,indexable_self_canonical,200,200,https://geekskai.com/no/tools/youtube-video-downloader/,200,1,https://geekskai.com/no/tools/youtube-video-downloader/,PASS,"index, follow; index, follow, max-video-preview:-1, max-image-preview:large, max-snippet:-1",True,PASS,True,11,11,11,PASS,0,no,YouTube Video Downloader – Gratis MP4 HD-nedlasting,1,,https://geekskai.com/no/blog/,SEO-05,FAIL,2026-10-09T02:03:04.949852+00:00,
URL-0679,https://geekskai.com/zh-cn/tools/youtube-video-downloader/,zh-cn,/tools/youtube-video-downloader/,indexable_self_canonical,200,200,https://geekskai.com/zh-cn/tools/youtube-video-downloader/,200,1,https://geekskai.com/zh-cn/tools/youtube-video-downloader/,PASS,"index, follow; index, follow, max-video-preview:-1, max-image-preview:large, max-snippet:-1",True,PASS,True,11,11,11,PASS,0,zh-cn,YouTube 视频下载器 – 免费 MP4 高清下载,1,,https://geekskai.com/zh-cn/blog/,SEO-05,FAIL,2026-10-09T02:03:05.712394+00:00,
URL-0680,https://geekskai.com/da/tools/youtube-video-downloader/,da,/tools/youtube-video-downloader/,indexable_self_canonical,200,200,https://geekskai.com/da/tools/youtube-video-downloader/,200,1,https://geekskai.com/da/tools/youtube-video-downloader/,PASS,"index, follow; index, follow, max-video-preview:-1, max-image-preview:large, max-snippet:-1",True,PASS,True,11,11,11,PASS,0,da,YouTube Video Downloader – Gratis MP4 HD-download,1,,https://geekskai.com/da/blog/,SEO-05,FAIL,2026-10-09T02:03:06.217772+00:00,
URL-0681,https://geekskai.com/tools/zalgo-text-generator/,en,/tools/zalgo-text-generator/,indexable_self_canonical,200,200,https://geekskai.com/tools/zalgo-text-generator/,200,1,https://geekskai.com/tools/zalgo-text-generator/,PASS,"index, follow; index, follow, max-video-preview:-1, max-image-preview:large, max-snippet:-1",True,PASS,True,11,11,11,FAIL,12,en,Zalgo Text Generator (2026) - Glitch and Corrupted Unicode Text,1,,,SEO-02,FAIL,2026-10-09T02:03:06.542281+00:00,
URL-0682,https://geekskai.com/ar/tools/zalgo-text-generator/,ar,/tools/zalgo-text-generator/,indexable_self_canonical,200,200,https://geekskai.com/ar/tools/zalgo-text-generator/,200,1,https://geekskai.com/ar/tools/zalgo-text-generator/,PASS,"index, follow; index, follow, max-video-preview:-1, max-image-preview:large, max-snippet:-1",True,PASS,True,11,11,11,FAIL,1,ar,مولد نص زالغو (2026) - نص يونيكود تالف ومعيب,1,,https://geekskai.com/ar/blog/,SEO-02 | SEO-05 | SEO-12,FAIL,2026-10-09T02:03:07.191295+00:00,
URL-0683,https://geekskai.com/de/tools/zalgo-text-generator/,de,/tools/zalgo-text-generator/,indexable_self_canonical,200,200,https://geekskai.com/de/tools/zalgo-text-generator/,200,1,https://geekskai.com/de/tools/zalgo-text-generator/,PASS,"index, follow; index, follow, max-video-preview:-1, max-image-preview:large, max-snippet:-1",True,PASS,True,11,11,11,FAIL,1,de,Zalgo-Textgenerator (2026) – Glitch- und beschädigter Unicode-Text,1,,https://geekskai.com/de/blog/,SEO-02 | SEO-05 | SEO-12,FAIL,2026-10-09T02:03:07.952523+00:00,
URL-0684,https://geekskai.com/fr/tools/zalgo-text-generator/,fr,/tools/zalgo-text-generator/,indexable_self_canonical,200,200,https://geekskai.com/fr/tools/zalgo-text-generator/,200,1,https://geekskai.com/fr/tools/zalgo-text-generator/,PASS,"index, follow; index, follow, max-video-preview:-1, max-image-preview:large, max-snippet:-1",True,PASS,True,11,11,11,FAIL,1,fr,Générateur de Texte Zalgo (2026) - Texte Unicode Glitch et Corrompu,1,,https://geekskai.com/fr/blog/,SEO-02 | SEO-05 | SEO-12,FAIL,2026-10-09T02:03:08.078333+00:00,
URL-0685,https://geekskai.com/es/tools/zalgo-text-generator/,es,/tools/zalgo-text-generator/,indexable_self_canonical,200,200,https://geekskai.com/es/tools/zalgo-text-generator/,200,1,https://geekskai.com/es/tools/zalgo-text-generator/,PASS,"index, follow; index, follow, max-video-preview:-1, max-image-preview:large, max-snippet:-1",True,PASS,True,11,11,11,FAIL,1,es,Generador de Texto Zalgo (2026) - Texto Unicode Glitch y Corrupto,1,,https://geekskai.com/es/blog/,SEO-02 | SEO-05 | SEO-12,FAIL,2026-10-09T02:03:08.469507+00:00,
URL-0686,https://geekskai.com/ja/tools/zalgo-text-generator/,ja,/tools/zalgo-text-generator/,indexable_self_canonical,200,200,https://geekskai.com/ja/tools/zalgo-text-generator/,200,1,https://geekskai.com/ja/tools/zalgo-text-generator/,PASS,"index, follow; index, follow, max-video-preview:-1, max-image-preview:large, max-snippet:-1",True,PASS,True,11,11,11,FAIL,1,ja,Zalgo テキストジェネレーター (2026) - グリッチと破損した Unicode テキスト,1,,https://geekskai.com/ja/blog/,SEO-02 | SEO-05,FAIL,2026-10-09T02:03:09.180050+00:00,
URL-0687,https://geekskai.com/ko/tools/zalgo-text-generator/,ko,/tools/zalgo-text-generator/,indexable_self_canonical,200,200,https://geekskai.com/ko/tools/zalgo-text-generator/,200,1,https://geekskai.com/ko/tools/zalgo-text-generator/,PASS,"index, follow; index, follow, max-video-preview:-1, max-image-preview:large, max-snippet:-1",True,PASS,True,11,11,11,FAIL,1,ko,Zalgo 텍스트 생성기 (2026) - 글리치 및 손상된 유니코드 텍스트,1,,https://geekskai.com/ko/blog/,SEO-02 | SEO-05,FAIL,2026-10-09T02:03:09.337608+00:00,
URL-0688,https://geekskai.com/no/tools/zalgo-text-generator/,no,/tools/zalgo-text-generator/,indexable_self_canonical,200,200,https://geekskai.com/no/tools/zalgo-text-generator/,200,1,https://geekskai.com/no/tools/zalgo-text-generator/,PASS,"index, follow; index, follow, max-video-preview:-1, max-image-preview:large, max-snippet:-1",True,PASS,True,11,11,11,FAIL,1,no,Zalgo-tekstgenerator (2026) – Glitch- og korrupt Unicode-tekst,1,,https://geekskai.com/no/blog/,SEO-02 | SEO-05,FAIL,2026-10-09T02:03:09.715298+00:00,
URL-0689,https://geekskai.com/zh-cn/tools/zalgo-text-generator/,zh-cn,/tools/zalgo-text-generator/,indexable_self_canonical,200,200,https://geekskai.com/zh-cn/tools/zalgo-text-generator/,200,1,https://geekskai.com/zh-cn/tools/zalgo-text-generator/,PASS,"index, follow; index, follow, max-video-preview:-1, max-image-preview:large, max-snippet:-1",True,PASS,True,11,11,11,FAIL,1,zh-cn,Zalgo 文本生成器 (2026) - 故障与损坏的 Unicode 文本,1,,https://geekskai.com/zh-cn/blog/,SEO-02 | SEO-05,FAIL,2026-10-09T02:03:10.632103+00:00,
URL-0690,https://geekskai.com/da/tools/zalgo-text-generator/,da,/tools/zalgo-text-generator/,indexable_self_canonical,200,200,https://geekskai.com/da/tools/zalgo-text-generator/,200,1,https://geekskai.com/da/tools/zalgo-text-generator/,PASS,"index, follow; index, follow, max-video-preview:-1, max-image-preview:large, max-snippet:-1",True,PASS,True,11,11,11,FAIL,1,da,Zalgo-tekstgenerator (2026) – Glitch- og korrupt Unicode-tekst,1,,https://geekskai.com/da/blog/,SEO-02 | SEO-05,FAIL,2026-10-09T02:03:10.678063+00:00,
